metric,mean,std
acc_correct_caption,0.8217457114026236,0.009706042791904158
acc_wrong_style_caption,0.8057181298351832,0.011790817707352087
accuracy_drop,0.016027581567440295,0.006248548477411379
