metric,mean,std
blip_itm_mean,0.9193541566530864,0.003035248315579149
