{
  "train_loss": [
    1.9131435923097868,
    0.9459052270465244,
    0.46995089829586784,
    0.2485618937412554,
    0.13988586895451413,
    0.09672368825719431,
    0.06506565048207874,
    0.0619435828037328,
    0.05465359306510757,
    0.04453894265228077,
    0.05191918079673625,
    0.04266928461183726,
    0.04347753714267358,
    0.01733404965136703
  ],
  "val_loss": [
    1.0852985243744373,
    0.6894306260209031,
    0.6619827772606274,
    0.829292643262688,
    0.818497339543613,
    0.9464824226140736,
    0.9641742684646283,
    1.1862194043716676,
    1.0066773787997927,
    1.1463594006000446,
    1.0899153151497711,
    1.2186509193974715,
    1.0936505893164519,
    1.2331503433608624
  ],
  "val_macro_f1": [
    0.6601011741748096,
    0.7891886177715256,
    0.8025497237663751,
    0.7895424064472625,
    0.8069857518598199,
    0.790130492431223,
    0.8091986808358343,
    0.7763036950975124,
    0.8156694782145137,
    0.7971907531343144,
    0.8061837878662204,
    0.8021410648306831,
    0.8143575198080562,
    0.8129682494574565
  ],
  "train_acc": [
    0.37640570934256057,
    0.707288062283737,
    0.8694852941176471,
    0.9417171280276817,
    0.9710207612456747,
    0.9796712802768166,
    0.9868079584775087,
    0.9875648788927336,
    0.9877811418685121,
    0.9915657439446367,
    0.9896193771626297,
    0.990916955017301,
    0.990484429065744,
    0.9963235294117647
  ],
  "val_acc": [
    0.6700302724520686,
    0.7880928355196771,
    0.8002018163471241,
    0.7870837537840565,
    0.8042381432896064,
    0.7875882946518667,
    0.8082744702320888,
    0.772452068617558,
    0.8118062563067608,
    0.7956609485368314,
    0.805247225025227,
    0.7966700302724521,
    0.8123107971745711,
    0.8113017154389506
  ]
}