{
  "train_loss": [
    1.6405423451666188,
    0.9261133669517857,
    0.6162798943765023,
    0.44697726064177945,
    0.30796026978577296,
    0.26135282173340296,
    0.20602705207198962,
    0.19406568573523558,
    0.16273017534438303
  ],
  "val_loss": [
    0.9322725147099115,
    0.8156640061697013,
    0.9167709010159812,
    0.8800799076780902,
    1.0893670352989682,
    1.0269613438008651,
    1.0683437792732786,
    1.1899055368844964,
    1.3304123272207744
  ],
  "val_macro_f1": [
    0.6920959229164046,
    0.7299507165245339,
    0.7202832695498325,
    0.763685854614515,
    0.7388970979381204,
    0.7443173535260005,
    0.7596398663872811,
    0.7547900257304072,
    0.7514780222605457
  ],
  "train_acc": [
    0.4743728373702422,
    0.719939446366782,
    0.8224480968858131,
    0.8771626297577855,
    0.9117647058823529,
    0.9297145328719724,
    0.9442041522491349,
    0.9485294117647058,
    0.9575043252595156
  ],
  "val_acc": [
    0.694752774974773,
    0.731079717457114,
    0.7204843592330978,
    0.7628657921291625,
    0.7421796165489405,
    0.7426841574167508,
    0.7598385469223007,
    0.7487386478304743,
    0.751765893037336
  ]
}