{
  "train_loss": [
    1.6264062725961415,
    0.9164754383678461,
    0.5939846761834044,
    0.41889759814398925,
    0.29972917723201964,
    0.24745074396624284,
    0.19874371709398744,
    0.1741368285280404,
    0.14269041960936515,
    0.1333810921925987,
    0.12728004871664575,
    0.1419174909514333,
    0.12272979905603254
  ],
  "val_loss": [
    0.8453420653833992,
    0.7672879124505729,
    0.8155641297158511,
    0.8754375955291039,
    1.0043623345771544,
    1.0774348484639804,
    1.109464545844181,
    0.9825601048474355,
    1.1297404277096121,
    1.1474883342847815,
    1.262628144260372,
    1.2967143850899128,
    1.0950985970097762
  ],
  "val_macro_f1": [
    0.7262696683931779,
    0.75406381075386,
    0.7447273951575967,
    0.7621017384507243,
    0.7532784369477241,
    0.7547880927861507,
    0.7592874359482208,
    0.7812160459701715,
    0.756331980653191,
    0.7471590281849775,
    0.7577283881914694,
    0.7456256610643442,
    0.7624984466641159
  ],
  "train_acc": [
    0.48075259515570934,
    0.7231833910034602,
    0.829909169550173,
    0.8837586505190311,
    0.9192257785467128,
    0.9345804498269896,
    0.9499351211072664,
    0.9564230103806228,
    0.9649653979238755,
    0.9650735294117647,
    0.9690743944636678,
    0.967128027681661,
    0.9686418685121108
  ],
  "val_acc": [
    0.727547931382442,
    0.756811301715439,
    0.7457114026236125,
    0.7593340060544904,
    0.7527749747729566,
    0.7558022199798183,
    0.7588294651866802,
    0.7800201816347124,
    0.756811301715439,
    0.7477295660948536,
    0.7593340060544904,
    0.7452068617558022,
    0.7608476286579213
  ]
}