{
  "train_loss": [
    1.9041448621188892,
    0.9427684262962077,
    0.47900151742370894,
    0.2516654240657095,
    0.13593101128935814,
    0.09799396064918758,
    0.08212091571371036,
    0.05437771218045773,
    0.03868887627619773,
    0.05562677916306938,
    0.04936490358726789,
    0.04049121472456051,
    0.035971473348181966
  ],
  "val_loss": [
    1.0460986340442893,
    0.7059892365477761,
    0.6749722540198133,
    0.7284705557688455,
    0.7929389901406589,
    1.0551908391515614,
    0.9793781231558768,
    1.0144175454658408,
    1.2229712102054708,
    1.1383193378251208,
    1.1050216573037726,
    1.1315726559049066,
    1.3284069593210153
  ],
  "val_macro_f1": [
    0.7131298018094168,
    0.7677502214771659,
    0.7848738373562835,
    0.8026718106792571,
    0.8002381529221922,
    0.7740875642406102,
    0.7912087446345188,
    0.8171150502015269,
    0.7873163132776096,
    0.7918455080020886,
    0.8042187866315785,
    0.8049965510901886,
    0.7675700619928608
  ],
  "train_acc": [
    0.38613754325259514,
    0.7113970588235294,
    0.8673226643598616,
    0.9359861591695502,
    0.9701557093425606,
    0.9803200692041523,
    0.9815095155709342,
    0.990484429065744,
    0.9931877162629758,
    0.9874567474048442,
    0.9878892733564014,
    0.992106401384083,
    0.9930795847750865
  ],
  "val_acc": [
    0.7174571140262361,
    0.772452068617558,
    0.7865792129162462,
    0.801715438950555,
    0.8012108980827447,
    0.7749747729566094,
    0.79313824419778,
    0.8163471241170535,
    0.7865792129162462,
    0.7916246215943491,
    0.8022199798183652,
    0.801715438950555,
    0.7663975782038345
  ]
}