{
  "train_loss": [
    1.6436359440476012,
    0.9678606800477191,
    0.6415390632402113,
    0.4556169644075488,
    0.33247247231305677,
    0.2525204135343484,
    0.20639052010015632,
    0.19526159259326317,
    0.18016678651723894,
    0.14526996055173214,
    0.12747991128879435,
    0.1514566591119065,
    0.11582349331011822
  ],
  "val_loss": [
    0.9401532802524047,
    0.762072136375666,
    0.8953955935240995,
    0.8559952417668613,
    0.965973072468212,
    0.9738084282331342,
    1.0801078362313337,
    0.996412046802513,
    1.0463684917578904,
    1.1392536374442392,
    1.2070846706779164,
    1.163876187548748,
    1.3023651179403637
  ],
  "val_macro_f1": [
    0.7079883083346946,
    0.7641565232591472,
    0.7414885211835521,
    0.7686531995870896,
    0.7564167661472962,
    0.7660528761836961,
    0.7624553830418609,
    0.7875925230115233,
    0.7724894813644628,
    0.7599222971176408,
    0.7622740138380963,
    0.7589283116001623,
    0.7774152614349649
  ],
  "train_acc": [
    0.46810121107266434,
    0.7079368512110726,
    0.8100129757785467,
    0.8691608996539792,
    0.9065743944636678,
    0.9326340830449827,
    0.9463667820069204,
    0.9483131487889274,
    0.9555579584775087,
    0.9643166089965398,
    0.9689662629757786,
    0.9613970588235294,
    0.9696150519031141
  ],
  "val_acc": [
    0.7093844601412714,
    0.7623612512613521,
    0.7436932391523713,
    0.7653884964682139,
    0.7573158425832492,
    0.7679112008072654,
    0.7613521695257316,
    0.7875882946518667,
    0.7719475277497477,
    0.7608476286579213,
    0.7618567103935419,
    0.7563067608476287,
    0.7754793138244198
  ]
}