metric,mean,std
accuracy,0.27068617558022195,0.0046839040887926954
macro_f1,0.2115667680407277,0.004659428731798508
