{
  "train_loss": [
    1.9240011826518497,
    0.9493341922347521,
    0.48652377245129186,
    0.2629517192298153,
    0.1301135915657022,
    0.08510905885778909,
    0.06209778963591401,
    0.06004305296032899,
    0.05374435389536887,
    0.05249953929940722
  ],
  "val_loss": [
    1.0923444901176707,
    0.6768930170658739,
    0.6660082213332507,
    0.7346832128514195,
    0.8440176619049519,
    1.0020554244939301,
    1.1200864448556986,
    1.0636306494684922,
    1.174288265760443,
    1.2079179594904095
  ],
  "val_macro_f1": [
    0.6936616713717855,
    0.7848772151860731,
    0.7958314376874147,
    0.7995439540459233,
    0.8098259239398875,
    0.7871445013527698,
    0.7806774502536715,
    0.7946361391251587,
    0.7878221299629153,
    0.7747228077235723
  ],
  "train_acc": [
    0.37921712802768165,
    0.7086937716262975,
    0.8665657439446367,
    0.9376081314878892,
    0.9740484429065744,
    0.9810769896193772,
    0.9871323529411765,
    0.987348615916955,
    0.9879974048442907,
    0.9875648788927336
  ],
  "val_acc": [
    0.6997981836528759,
    0.7840565085771948,
    0.79313824419778,
    0.8002018163471241,
    0.8082744702320888,
    0.7855701311806257,
    0.781029263370333,
    0.7921291624621595,
    0.7896064581231079,
    0.772452068617558
  ]
}