{
  "train_loss": [
    1.9099027817637038,
    0.9409247117059041,
    0.48373319956258093,
    0.24454401231090503,
    0.1397420035153112,
    0.08205672024804003,
    0.07779106747835977,
    0.05116785383399795,
    0.048104702111552745,
    0.03374223511627389,
    0.048735443618677064,
    0.03513683493419915,
    0.0264951592910661,
    0.039144287046986054,
    0.029207826395451403,
    0.04621826849594248,
    0.020670030962121527
  ],
  "val_loss": [
    1.0819840102816447,
    0.7311689877125137,
    0.7159334048252894,
    0.8321894586507295,
    0.876528666430838,
    1.0857108818173529,
    1.0032866526203368,
    1.3666210317707927,
    1.1226118163071295,
    1.2316143679931595,
    1.0758995075158466,
    1.2079343664056719,
    1.2574834689482912,
    1.22937744888961,
    1.4671042388310707,
    1.2097469282559261,
    1.316926514825715
  ],
  "val_macro_f1": [
    0.6841011898683937,
    0.7555828982026549,
    0.7861348300329473,
    0.7746496247496749,
    0.7918697642513463,
    0.777998634553897,
    0.7936932432066135,
    0.7621771639014147,
    0.7987988749089319,
    0.7910432263167014,
    0.8005089690204825,
    0.8047362290978148,
    0.7992880633132045,
    0.7910327003512052,
    0.7889558843791253,
    0.8002234500702793,
    0.8007289946702951
  ],
  "train_acc": [
    0.3820285467128028,
    0.7119377162629758,
    0.8636461937716263,
    0.9404195501730104,
    0.9678849480968859,
    0.9833477508650519,
    0.9828070934256056,
    0.9887543252595156,
    0.9910250865051903,
    0.9935121107266436,
    0.9883217993079585,
    0.9922145328719724,
    0.9938365051903114,
    0.9918901384083045,
    0.9937283737024222,
    0.9900519031141869,
    0.9961072664359861
  ],
  "val_acc": [
    0.693239152371342,
    0.7578203834510595,
    0.7815338042381433,
    0.7734611503531786,
    0.786074672048436,
    0.7714429868819375,
    0.7921291624621595,
    0.7588294651866802,
    0.7961654894046418,
    0.7916246215943491,
    0.7996972754793138,
    0.8022199798183652,
    0.7971745711402624,
    0.7875882946518667,
    0.7835519677093845,
    0.7986881937436933,
    0.7986881937436933
  ]
}