{
  "train_loss": [
    1.6649277404620986,
    0.9171190466538433,
    0.614979546530024,
    0.40814123185396606,
    0.3131785114717937,
    0.23915077486819875,
    0.2016703870443943,
    0.17636618415170888,
    0.16136165694124147
  ],
  "val_loss": [
    0.9677430469501391,
    0.7199211405095852,
    0.7012284256735917,
    0.7590096166468292,
    0.896775578093216,
    1.0100436081619244,
    1.0700822807284585,
    0.9780521234036935,
    1.026493573645891
  ],
  "val_macro_f1": [
    0.6748233875948919,
    0.7711176901113567,
    0.789089741815841,
    0.7941991052028827,
    0.7686925133619666,
    0.7823885482525669,
    0.7650646311413698,
    0.7800761640288142,
    0.7686520017737793
  ],
  "train_acc": [
    0.466371107266436,
    0.7233996539792388,
    0.8217993079584776,
    0.886461937716263,
    0.9123053633217993,
    0.9377162629757786,
    0.9491782006920415,
    0.9541522491349481,
    0.9571799307958477
  ],
  "val_acc": [
    0.6856710393541877,
    0.7714429868819375,
    0.7880928355196771,
    0.7906155398587286,
    0.7679112008072654,
    0.7805247225025227,
    0.7648839556004037,
    0.7785065590312815,
    0.7663975782038345
  ]
}