{
  "train_loss": [
    1.9095691636359402,
    0.9427304719558637,
    0.4633370117126452,
    0.24962190004987286,
    0.1376230272893056,
    0.0834045709210696,
    0.0670672749849133,
    0.051426269487835546,
    0.044796835695583515,
    0.03973889887126672,
    0.055236837004914004,
    0.03600353870063917,
    0.03343634289338102,
    0.04204785468050353,
    0.02317394403850331
  ],
  "val_loss": [
    1.0126123363387092,
    0.6774823133928625,
    0.6715595423573802,
    0.7087046865497901,
    0.8299538357828027,
    1.1131513238434354,
    1.0724160264045992,
    1.0291490602926336,
    1.1449140704243503,
    1.0702660285259713,
    0.976192788748159,
    1.2368671026768767,
    1.3403279586468648,
    1.170077490397587,
    1.3381219490024323
  ],
  "val_macro_f1": [
    0.7067124213877065,
    0.7824043378728768,
    0.7902232346597762,
    0.8034251480424341,
    0.8042512132483023,
    0.7706399971842571,
    0.7809962091029407,
    0.8087830329627896,
    0.8081967731465777,
    0.8179918097379367,
    0.8043785501844144,
    0.7935491532294666,
    0.7901936984557852,
    0.796219845504667,
    0.8034667982531666
  ],
  "train_acc": [
    0.3899221453287197,
    0.7150735294117647,
    0.8721885813148789,
    0.9387975778546713,
    0.9702638408304498,
    0.983023356401384,
    0.9843209342560554,
    0.989294982698962,
    0.990916955017301,
    0.9913494809688581,
    0.9874567474048442,
    0.992106401384083,
    0.9929714532871973,
    0.9911332179930796,
    0.995242214532872
  ],
  "val_acc": [
    0.7088799192734612,
    0.7835519677093845,
    0.7891019172552977,
    0.8002018163471241,
    0.7996972754793138,
    0.7684157416750756,
    0.7815338042381433,
    0.806760847628658,
    0.8047426841574168,
    0.8163471241170535,
    0.801715438950555,
    0.7921291624621595,
    0.786074672048436,
    0.7921291624621595,
    0.8007063572149344
  ]
}