{
  "train_loss": [
    1.638114690419712,
    0.8972266403809963,
    0.5865265492568997,
    0.4022498247584257,
    0.2999034708037096,
    0.24081209356087716,
    0.1975948941800421,
    0.18607183692777032
  ],
  "val_loss": [
    0.8631700030730062,
    0.817127202040733,
    0.805246522339995,
    1.0589421287434613,
    1.1097786992517658,
    1.2797679254553993,
    1.1560389731534193,
    1.0848328833262446
  ],
  "val_macro_f1": [
    0.7205166538144002,
    0.744797152729045,
    0.7706012800249439,
    0.7167737938584163,
    0.7475001526082321,
    0.7303091330874963,
    0.7509920169867514,
    0.7542648143661304
  ],
  "train_acc": [
    0.4765354671280277,
    0.7259948096885813,
    0.8307742214532872,
    0.888840830449827,
    0.9149005190311419,
    0.9347967128027682,
    0.9476643598615917,
    0.9485294117647058
  ],
  "val_acc": [
    0.7204843592330978,
    0.7436932391523713,
    0.768920282542886,
    0.7174571140262361,
    0.7436932391523713,
    0.7371342078708375,
    0.7547931382441978,
    0.7547931382441978
  ]
}