{
  "train_loss": [
    1.9190724580758172,
    0.9454738190429846,
    0.47222457527083095,
    0.24987079027821035,
    0.15941550100550933,
    0.0866380667758648,
    0.06754301737181868,
    0.05531646293236723,
    0.044357088365459936,
    0.04371921402308768,
    0.04098853053828012,
    0.04849975494261844,
    0.037596384276052656
  ],
  "val_loss": [
    1.0699117842885006,
    0.6766426596944676,
    0.7351536353830131,
    0.7549336987475214,
    0.8189169222302923,
    0.8693392469230983,
    1.0206595076441645,
    1.079812882345933,
    1.1496547263878747,
    1.3280766397022936,
    1.2206408562501432,
    1.3955929466982784,
    1.3111825702649915
  ],
  "val_macro_f1": [
    0.6809209378541828,
    0.7742308023712277,
    0.7734199256033347,
    0.7883020073119503,
    0.7954536697404203,
    0.7977200085829547,
    0.7868236258981235,
    0.7996599864364901,
    0.7920882708553192,
    0.7709846960955794,
    0.7771287847655991,
    0.7599418063471288,
    0.7877613261398507
  ],
  "train_acc": [
    0.37402681660899656,
    0.7121539792387543,
    0.8655925605536332,
    0.9396626297577855,
    0.9632352941176471,
    0.9836721453287197,
    0.986159169550173,
    0.9891868512110726,
    0.9896193771626297,
    0.9910250865051903,
    0.992106401384083,
    0.9882136678200693,
    0.9914576124567474
  ],
  "val_acc": [
    0.6912209889001009,
    0.7714429868819375,
    0.7734611503531786,
    0.7875882946518667,
    0.7901109989909183,
    0.7951564076690212,
    0.7855701311806257,
    0.798183652875883,
    0.7896064581231079,
    0.7679112008072654,
    0.7744702320887992,
    0.7552976791120081,
    0.7840565085771948
  ]
}