{
  "experiment_id": "LR1e-4_BS32",
  "timestamp": "2025-11-17T21:51:16.264520",
  "configuration": {
    "learning_rate": 0.0001,
    "batch_size": 32,
    "early_stopping_patience": 5,
    "dropout": 0.5,
    "weight_decay": 0.0001,
    "max_epochs": 15,
    "random_seed": 42
  },
  "training_info": {
    "total_epochs": 15,
    "best_epoch": 13,
    "early_stopped": false,
    "total_time_minutes": 1.6145790775616964
  },
  "validation_metrics": {
    "best_val_macro_f1": 0.8072459186754648,
    "best_val_accuracy": 80.84677419354838,
    "best_val_loss": 0.5634762346744537,
    "final_val_macro_f1": 0.803224868981458,
    "final_val_accuracy": 80.24193548387096,
    "final_val_loss": 0.6176382130192172
  },
  "test_metrics": {
    "test_macro_f1": 0.8110720094211399,
    "test_accuracy": 81.1681772406848,
    "test_loss": 0.5658245013910346
  },
  "overfitting_analysis": {
    "overfitting_detected": true,
    "best_val_loss": 0.5634762346744537,
    "val_loss_after_best": 0.6293169461911724,
    "increase_percentage": 11.68473619029521,
    "train_val_gap": -0.1823784227001256
  },
  "training_curves": {
    "train_losses": [
      2.2156457794123683,
      1.2445508730822596,
      0.9404168165963271,
      0.8000973650093737,
      0.7133535309084531,
      0.6402783605559119,
      0.5797372126373751,
      0.5810216804002893,
      0.5049294947550215,
      0.479441665883722,
      0.461529079901761,
      0.42067102461025635,
      0.3810978119743281,
      0.36006122848083233,
      0.35093842976052186
    ],
    "val_losses": [
      1.3515378813589773,
      0.7280748678791907,
      0.636899063664098,
      0.6099704744354371,
      0.5868082334918361,
      0.5754280792128655,
      0.576343790177376,
      0.5634762346744537,
      0.5789701323355397,
      0.5755807190172134,
      0.6002543462860969,
      0.6156230703476937,
      0.5674713042474562,
      0.6293169461911724,
      0.6176382130192172
    ],
    "train_accs": [
      30.77753779697624,
      59.37365010799136,
      69.63282937365011,
      74.01727861771059,
      76.58747300215983,
      79.41684665226782,
      81.07991360691145,
      81.49028077753779,
      83.54211663066954,
      84.19006479481641,
      84.79481641468682,
      86.41468682505399,
      87.58099352051836,
      88.12095032397409,
      88.0561555075594
    ],
    "val_accs": [
      63.70967741935484,
      77.8225806451613,
      78.52822580645162,
      78.93145161290323,
      80.14112903225806,
      80.24193548387096,
      80.14112903225806,
      79.83870967741936,
      80.24193548387096,
      79.43548387096774,
      80.04032258064517,
      79.23387096774194,
      80.84677419354838,
      79.03225806451613,
      80.24193548387096
    ],
    "val_macro_f1s": [
      0.5968254448921934,
      0.7773853769030075,
      0.7855483470452684,
      0.7867132597211915,
      0.7972585793386245,
      0.8015102455140688,
      0.800482213896158,
      0.7972312548600794,
      0.8017106827072961,
      0.7944153165416299,
      0.7986992660112391,
      0.7919039306234215,
      0.8072459186754648,
      0.791006468004461,
      0.803224868981458
    ],
    "learning_rates": [
      9.990133642141359e-05,
      9.96057350657239e-05,
      9.911436253643444e-05,
      9.842915805643155e-05,
      9.755282581475769e-05,
      9.648882429441257e-05,
      9.524135262330098e-05,
      9.381533400219317e-05,
      9.221639627510075e-05,
      9.045084971874735e-05,
      8.852566213878945e-05,
      8.644843137107056e-05,
      8.422735529643442e-05,
      8.187119948743447e-05,
      7.938926261462366e-05
    ]
  }
}