{
  "experiment_id": "LR1e-4_BS16",
  "timestamp": "2025-11-17T21:49:37.285889",
  "configuration": {
    "learning_rate": 0.0001,
    "batch_size": 16,
    "early_stopping_patience": 5,
    "dropout": 0.5,
    "weight_decay": 0.0001,
    "max_epochs": 15,
    "random_seed": 42
  },
  "training_info": {
    "total_epochs": 8,
    "best_epoch": 3,
    "early_stopped": true,
    "total_time_minutes": 1.0109978914260864
  },
  "validation_metrics": {
    "best_val_macro_f1": 0.8072094381827463,
    "best_val_accuracy": 81.04838709677419,
    "best_val_loss": 0.5468015403997514,
    "final_val_macro_f1": 0.7929867694786078,
    "final_val_accuracy": 79.43548387096774,
    "final_val_loss": 0.591704810578977
  },
  "test_metrics": {
    "test_macro_f1": 0.7930995222172185,
    "test_accuracy": 79.65760322255791,
    "test_loss": 0.5895457887755973
  },
  "overfitting_analysis": {
    "overfitting_detected": false,
    "best_val_loss": 0.5468015403997514,
    "val_loss_after_best": 0.6508157486396451,
    "increase_percentage": 19.02229612664438,
    "train_val_gap": 0.27506699306150695
  },
  "training_curves": {
    "train_losses": [
      1.9807404275598197,
      1.046306682866195,
      0.8218685334612583,
      0.7413482623881307,
      0.6664362036976321,
      0.6002321652040399,
      0.5335218422114849,
      0.4988528652437802
    ],
    "val_losses": [
      0.9722928510558221,
      0.6758139715079339,
      0.5734126466897226,
      0.6508157486396451,
      0.6477731019258499,
      0.5468015403997514,
      0.5840132730382104,
      0.591704810578977
    ],
    "train_accs": [
      35.70194384449244,
      65.44276457883369,
      73.30453563714903,
      75.72354211663067,
      78.40172786177106,
      79.97840172786177,
      82.48380129589633,
      83.69330453563715
    ],
    "val_accs": [
      71.16935483870968,
      77.31854838709677,
      81.04838709677419,
      77.21774193548387,
      78.0241935483871,
      80.34274193548387,
      79.73790322580645,
      79.43548387096774
    ],
    "val_macro_f1s": [
      0.7028214536200114,
      0.7667512643143545,
      0.8072094381827463,
      0.7702839570959513,
      0.7801023726244484,
      0.8014170305480164,
      0.7968132275928465,
      0.7929867694786078
    ],
    "learning_rates": [
      9.990133642141359e-05,
      9.96057350657239e-05,
      9.911436253643444e-05,
      9.842915805643155e-05,
      9.755282581475769e-05,
      9.648882429441257e-05,
      9.524135262330098e-05,
      9.381533400219317e-05
    ]
  }
}