{
  "experiment_id": "LR2e-4_BS32",
  "timestamp": "2025-11-17T21:53:48.729578",
  "configuration": {
    "learning_rate": 0.0002,
    "batch_size": 32,
    "early_stopping_patience": 5,
    "dropout": 0.5,
    "weight_decay": 0.0001,
    "max_epochs": 15,
    "random_seed": 42
  },
  "training_info": {
    "total_epochs": 10,
    "best_epoch": 5,
    "early_stopped": true,
    "total_time_minutes": 1.068525791168213
  },
  "validation_metrics": {
    "best_val_macro_f1": 0.8060361208978096,
    "best_val_accuracy": 80.64516129032258,
    "best_val_loss": 0.5601714964835874,
    "final_val_macro_f1": 0.8018929254137095,
    "final_val_accuracy": 80.04032258064517,
    "final_val_loss": 0.6218921224917134
  },
  "test_metrics": {
    "test_macro_f1": 0.8040011384119653,
    "test_accuracy": 80.36253776435045,
    "test_loss": 0.5526201913598925
  },
  "overfitting_analysis": {
    "overfitting_detected": true,
    "best_val_loss": 0.5601714964835874,
    "val_loss_after_best": 0.598388220033338,
    "increase_percentage": 6.822325625215083,
    "train_val_gap": 0.07643505167775477
  },
  "training_curves": {
    "train_losses": [
      1.9716384077894276,
      1.023489723945486,
      0.7996034911994276,
      0.7150581174883349,
      0.6366065481613422,
      0.5645709091219409,
      0.527312322115076,
      0.46618366703904907,
      0.4555812593164115,
      0.4282250550800356
    ],
    "val_losses": [
      0.8537187345566288,
      0.6212005644075332,
      0.6004058391817154,
      0.583974503701733,
      0.5601714964835874,
      0.598388220033338,
      0.6005554381878145,
      0.6197174970180758,
      0.608595694265058,
      0.6218921224917134
    ],
    "train_accs": [
      34.816414686825055,
      66.26349892008639,
      74.38444924406048,
      77.25701943844493,
      78.74730021598272,
      81.36069114470843,
      82.50539956803456,
      85.16198704103672,
      85.37796976241901,
      86.17710583153348
    ],
    "val_accs": [
      72.98387096774194,
      79.13306451612904,
      78.52822580645162,
      80.34274193548387,
      80.64516129032258,
      80.54435483870968,
      79.03225806451613,
      78.4274193548387,
      79.33467741935483,
      80.04032258064517
    ],
    "val_macro_f1s": [
      0.7268447633066275,
      0.7873634199862837,
      0.7815156175039805,
      0.8020968969674817,
      0.8060361208978096,
      0.8033004642052716,
      0.7885896350448283,
      0.7837672045299434,
      0.7945227182413239,
      0.8018929254137095
    ],
    "learning_rates": [
      0.00019980267284282717,
      0.0001992114701314478,
      0.00019822872507286888,
      0.0001968583161128631,
      0.00019510565162951537,
      0.00019297764858882514,
      0.00019048270524660196,
      0.00018763066800438633,
      0.0001844327925502015,
      0.0001809016994374947
    ]
  }
}