{
  "experiment_id": "LR2e-4_BS16",
  "timestamp": "2025-11-17T21:52:42.543619",
  "configuration": {
    "learning_rate": 0.0002,
    "batch_size": 16,
    "early_stopping_patience": 5,
    "dropout": 0.5,
    "weight_decay": 0.0001,
    "max_epochs": 15,
    "random_seed": 42
  },
  "training_info": {
    "total_epochs": 11,
    "best_epoch": 6,
    "early_stopped": true,
    "total_time_minutes": 1.4000574986139933
  },
  "validation_metrics": {
    "best_val_macro_f1": 0.8067631577191868,
    "best_val_accuracy": 80.9475806451613,
    "best_val_loss": 0.564734518047302,
    "final_val_macro_f1": 0.8025962190103203,
    "final_val_accuracy": 80.44354838709677,
    "final_val_loss": 0.6416846450057722
  },
  "test_metrics": {
    "test_macro_f1": 0.7833992489476805,
    "test_accuracy": 78.4491440080564,
    "test_loss": 0.6249857349764734
  },
  "overfitting_analysis": {
    "overfitting_detected": false,
    "best_val_loss": 0.564734518047302,
    "val_loss_after_best": 0.5937949071728414,
    "increase_percentage": 5.145849633208598,
    "train_val_gap": 0.02525077070937276
  },
  "training_curves": {
    "train_losses": [
      1.7693297573204698,
      0.9953569766776315,
      0.8067385368306061,
      0.6962838721172563,
      0.6451029387013666,
      0.5899852887566748,
      0.5427017742189868,
      0.49960911636208666,
      0.4509321091760849,
      0.4857226024863535,
      0.4234478413930227
    ],
    "val_losses": [
      0.7955434072402215,
      0.6753130805107855,
      0.564734518047302,
      0.5735052026087238,
      0.6013456352295414,
      0.5784256276824782,
      0.5937949071728414,
      0.5944723768099662,
      0.6274699104889747,
      0.5863168528003078,
      0.6416846450057722
    ],
    "train_accs": [
      41.27429805615551,
      66.80345572354211,
      73.49892008639308,
      77.92656587473002,
      78.25053995680345,
      80.92872570194385,
      82.0086393088553,
      83.8012958963283,
      85.33477321814254,
      84.06047516198704,
      85.44276457883369
    ],
    "val_accs": [
      74.09274193548387,
      78.4274193548387,
      79.63709677419355,
      80.44354838709677,
      79.73790322580645,
      80.9475806451613,
      79.23387096774194,
      79.63709677419355,
      78.83064516129032,
      80.34274193548387,
      80.44354838709677
    ],
    "val_macro_f1s": [
      0.7397401471550884,
      0.781695791039016,
      0.7943157279122871,
      0.8004513680104458,
      0.7966907719111631,
      0.8067631577191868,
      0.7920191353182752,
      0.7969643310305682,
      0.7868044878436801,
      0.8026384893292506,
      0.8025962190103203
    ],
    "learning_rates": [
      0.00019980267284282717,
      0.0001992114701314478,
      0.00019822872507286888,
      0.0001968583161128631,
      0.00019510565162951537,
      0.00019297764858882514,
      0.00019048270524660196,
      0.00018763066800438633,
      0.0001844327925502015,
      0.0001809016994374947,
      0.0001770513242775789
    ]
  }
}