{
  "experiment_id": "LR5e-4_BS16",
  "timestamp": "2025-11-17T21:55:46.599414",
  "configuration": {
    "learning_rate": 0.0005,
    "batch_size": 16,
    "early_stopping_patience": 5,
    "dropout": 0.5,
    "weight_decay": 0.0001,
    "max_epochs": 15,
    "random_seed": 42
  },
  "training_info": {
    "total_epochs": 15,
    "best_epoch": 15,
    "early_stopped": false,
    "total_time_minutes": 1.9267203728357951
  },
  "validation_metrics": {
    "best_val_macro_f1": 0.802700343978043,
    "best_val_accuracy": 80.44354838709677,
    "best_val_loss": 0.6051977825981956,
    "final_val_macro_f1": 0.802700343978043,
    "final_val_accuracy": 80.44354838709677,
    "final_val_loss": 0.6609794421181563
  },
  "test_metrics": {
    "test_macro_f1": 0.784033580943002,
    "test_accuracy": 78.4491440080564,
    "test_loss": 0.688841743709562
  },
  "overfitting_analysis": {
    "overfitting_detected": false,
    "best_val_loss": 0.6051977825981956,
    "val_loss_after_best": 0.6609794421181563,
    "increase_percentage": 0.0,
    "train_val_gap": -0.11287685397834218
  },
  "training_curves": {
    "train_losses": [
      1.7446085720226683,
      1.08508956052106,
      0.9066148090979148,
      0.8104535573515399,
      0.7671910080930282,
      0.7563020266335586,
      0.6718870185700984,
      0.6520255989812571,
      0.6387077282214987,
      0.5788153772981003,
      0.5667092056109988,
      0.5597071134838565,
      0.5660547806528108,
      0.5259173791470199,
      0.4923209286198534
    ],
    "val_losses": [
      0.851391012630155,
      0.7823284100140294,
      0.7622858074403578,
      0.6409719185002388,
      0.6646617417854648,
      0.684412506799544,
      0.6914359259028589,
      0.6729521554323935,
      0.6051977825981956,
      0.6326593273589688,
      0.6851145851035272,
      0.6251864829851735,
      0.6403830286956602,
      0.6525820707601886,
      0.6609794421181563
    ],
    "train_accs": [
      41.20950323974082,
      64.34125269978402,
      70.21598272138229,
      72.95896328293736,
      74.53563714902808,
      75.72354211663067,
      77.49460043196544,
      78.55291576673866,
      78.94168466522679,
      80.99352051835854,
      80.90712742980561,
      81.77105831533477,
      81.53347732181426,
      82.48380129589633,
      82.87257019438445
    ],
    "val_accs": [
      70.86693548387096,
      70.96774193548387,
      73.48790322580645,
      77.31854838709677,
      75.50403225806451,
      76.41129032258064,
      77.62096774193549,
      77.21774193548387,
      78.0241935483871,
      78.4274193548387,
      76.41129032258064,
      80.54435483870968,
      79.33467741935483,
      79.53629032258064,
      80.44354838709677
    ],
    "val_macro_f1s": [
      0.7064710778801854,
      0.70251306305798,
      0.733362256378405,
      0.7705558751404732,
      0.7495780504317155,
      0.7623533001044859,
      0.7745292776314887,
      0.7713382847320561,
      0.7751256773424882,
      0.7810669037060016,
      0.7644917909632064,
      0.8022557467358417,
      0.7925373497061349,
      0.7968242556688423,
      0.802700343978043
    ],
    "learning_rates": [
      0.0004995066821070679,
      0.0004980286753286195,
      0.0004955718126821722,
      0.0004921457902821578,
      0.00048776412907378846,
      0.0004824441214720629,
      0.00047620676311650495,
      0.0004690766700109659,
      0.00046108198137550377,
      0.0004522542485937368,
      0.00044262831069394727,
      0.0004322421568553528,
      0.00042113677648217214,
      0.0004093559974371724,
      0.0003969463130731183
    ]
  }
}