{
  "experiment_id": "LR5e-4_BS32",
  "timestamp": "2025-11-17T21:57:12.087932",
  "configuration": {
    "learning_rate": 0.0005,
    "batch_size": 32,
    "early_stopping_patience": 5,
    "dropout": 0.5,
    "weight_decay": 0.0001,
    "max_epochs": 15,
    "random_seed": 42
  },
  "training_info": {
    "total_epochs": 13,
    "best_epoch": 8,
    "early_stopped": true,
    "total_time_minutes": 1.3901585817337037
  },
  "validation_metrics": {
    "best_val_macro_f1": 0.8025288451723285,
    "best_val_accuracy": 80.34274193548387,
    "best_val_loss": 0.5793984436219738,
    "final_val_macro_f1": 0.7729822021546687,
    "final_val_accuracy": 77.31854838709677,
    "final_val_loss": 0.7098072546143686
  },
  "test_metrics": {
    "test_macro_f1": 0.7942175580240061,
    "test_accuracy": 79.45619335347432,
    "test_loss": 0.5893963999114931
  },
  "overfitting_analysis": {
    "overfitting_detected": false,
    "best_val_loss": 0.5793984436219738,
    "val_loss_after_best": 0.5960188998330024,
    "increase_percentage": 2.8685710833342415,
    "train_val_gap": -0.0035072243883293996
  },
  "training_curves": {
    "train_losses": [
      1.745098392305703,
      1.031815415826337,
      0.8532161248141321,
      0.7623510276449138,
      0.6659430734042464,
      0.6514006665040707,
      0.6157114030985996,
      0.5758912192336444,
      0.5528815291051207,
      0.5182187371726694,
      0.5070809525662455,
      0.4617591156014081,
      0.47703415720627224
    ],
    "val_losses": [
      0.891456534785609,
      0.8231070080111104,
      0.646220386989655,
      0.6478013944241309,
      0.6566719335894431,
      0.6515545902713653,
      0.5793984436219738,
      0.5941129797889341,
      0.5960188998330024,
      0.6335042349753841,
      0.6361714082379495,
      0.6621888462574251,
      0.7098072546143686
    ],
    "train_accs": [
      40.43196544276458,
      65.42116630669547,
      71.66306695464363,
      74.12526997840173,
      78.48812095032397,
      78.25053995680345,
      79.52483801295897,
      80.69114470842332,
      81.36069114470843,
      82.0950323974082,
      83.0669546436285,
      85.05399568034558,
      84.19006479481641
    ],
    "val_accs": [
      67.43951612903226,
      70.26209677419355,
      77.72177419354838,
      77.31854838709677,
      78.4274193548387,
      76.31048387096774,
      78.0241935483871,
      80.34274193548387,
      78.83064516129032,
      79.33467741935483,
      78.93145161290323,
      77.72177419354838,
      77.31854838709677
    ],
    "val_macro_f1s": [
      0.6706467569832711,
      0.7018252443268301,
      0.7768658301213948,
      0.7707331567799249,
      0.7836554961784729,
      0.7634110613288962,
      0.7771520454890238,
      0.8025288451723285,
      0.7865408128609083,
      0.7923683435020787,
      0.7901963914153327,
      0.776140208484882,
      0.7729822021546687
    ],
    "learning_rates": [
      0.0004995066821070679,
      0.0004980286753286195,
      0.0004955718126821722,
      0.0004921457902821578,
      0.00048776412907378846,
      0.0004824441214720629,
      0.00047620676311650495,
      0.0004690766700109659,
      0.00046108198137550377,
      0.0004522542485937368,
      0.00044262831069394727,
      0.0004322421568553528,
      0.00042113677648217214
    ]
  }
}