{
  "experiment_id": "LR5e-5_BS32",
  "timestamp": "2025-11-17T21:48:34.248187",
  "configuration": {
    "learning_rate": 5e-05,
    "batch_size": 32,
    "early_stopping_patience": 5,
    "dropout": 0.5,
    "weight_decay": 0.0001,
    "max_epochs": 15,
    "random_seed": 42
  },
  "training_info": {
    "total_epochs": 15,
    "best_epoch": 10,
    "early_stopped": true,
    "total_time_minutes": 1.6053947766621908
  },
  "validation_metrics": {
    "best_val_macro_f1": 0.8106989067574666,
    "best_val_accuracy": 81.1491935483871,
    "best_val_loss": 0.5249422759779038,
    "final_val_macro_f1": 0.809307840931568,
    "final_val_accuracy": 81.04838709677419,
    "final_val_loss": 0.5367475680766567
  },
  "test_metrics": {
    "test_macro_f1": 0.8115304841191853,
    "test_accuracy": 81.26888217522658,
    "test_loss": 0.547698964830488
  },
  "overfitting_analysis": {
    "overfitting_detected": false,
    "best_val_loss": 0.5249422759779038,
    "val_loss_after_best": 0.5479963046889151,
    "increase_percentage": 4.391726436600007,
    "train_val_gap": 0.04198376413712379
  },
  "training_curves": {
    "train_losses": [
      2.463735871479429,
      1.7344419462927456,
      1.2403335152001216,
      0.9971482383793798,
      0.8491947593360112,
      0.7871641060401653,
      0.6879602606954246,
      0.6588902526888354,
      0.6119369485254945,
      0.5669260401150276,
      0.5607672229923051,
      0.5278822112700035,
      0.5060137027296526,
      0.4741897970438004,
      0.46925140588447967
    ],
    "val_losses": [
      2.0043333115116244,
      1.1394173137603267,
      0.7973708048943551,
      0.6612921193722756,
      0.6050942828578334,
      0.5829899426429502,
      0.5659200212647838,
      0.5444311884141737,
      0.5430109798908234,
      0.5466762685006664,
      0.5479963046889151,
      0.5479385333676492,
      0.5474382437044575,
      0.5249422759779038,
      0.5367475680766567
    ],
    "train_accs": [
      20.0,
      46.91144708423326,
      59.78401727861771,
      67.9913606911447,
      72.69978401727862,
      74.79481641468682,
      77.96976241900649,
      78.3585313174946,
      79.93520518358531,
      81.33909287257019,
      81.81425485961122,
      82.72138228941685,
      83.36933045356372,
      84.75161987041037,
      85.11879049676025
    ],
    "val_accs": [
      56.854838709677416,
      70.16129032258064,
      77.72177419354838,
      77.11693548387096,
      79.13306451612904,
      80.34274193548387,
      81.04838709677419,
      80.74596774193549,
      80.84677419354838,
      81.1491935483871,
      78.72983870967742,
      80.24193548387096,
      80.54435483870968,
      80.84677419354838,
      81.04838709677419
    ],
    "val_macro_f1s": [
      0.5293695321527534,
      0.6854537723082689,
      0.7759887793597241,
      0.7682729275163795,
      0.7914374286309168,
      0.801894763844705,
      0.8087180127088568,
      0.8061002943690442,
      0.8078485117393599,
      0.8106989067574666,
      0.7874046466886904,
      0.8018423201934587,
      0.8026037551059241,
      0.8084344599847367,
      0.809307840931568
    ],
    "learning_rates": [
      4.995066821070679e-05,
      4.980286753286195e-05,
      4.955718126821722e-05,
      4.9214579028215776e-05,
      4.877641290737884e-05,
      4.8244412147206284e-05,
      4.762067631165049e-05,
      4.6907667001096584e-05,
      4.610819813755037e-05,
      4.5225424859373677e-05,
      4.426283106939472e-05,
      4.322421568553528e-05,
      4.211367764821721e-05,
      4.0935599743717234e-05,
      3.969463130731183e-05
    ]
  }
}