{
  "experiment_id": "LR5e-5_BS16",
  "timestamp": "2025-11-17T21:46:55.838363",
  "configuration": {
    "learning_rate": 5e-05,
    "batch_size": 16,
    "early_stopping_patience": 5,
    "dropout": 0.5,
    "weight_decay": 0.0001,
    "max_epochs": 15,
    "random_seed": 42
  },
  "training_info": {
    "total_epochs": 15,
    "best_epoch": 15,
    "early_stopped": false,
    "total_time_minutes": 1.9420613487561544
  },
  "validation_metrics": {
    "best_val_macro_f1": 0.821813163971785,
    "best_val_accuracy": 82.25806451612904,
    "best_val_loss": 0.5186592910078264,
    "final_val_macro_f1": 0.821813163971785,
    "final_val_accuracy": 82.25806451612904,
    "final_val_loss": 0.5286891744021447
  },
  "test_metrics": {
    "test_macro_f1": 0.8089691474925839,
    "test_accuracy": 81.067472306143,
    "test_loss": 0.5316864627576063
  },
  "overfitting_analysis": {
    "overfitting_detected": false,
    "best_val_loss": 0.5186592910078264,
    "val_loss_after_best": 0.5286891744021447,
    "increase_percentage": 0.0,
    "train_val_gap": -0.1276748519030309
  },
  "training_curves": {
    "train_losses": [
      2.2924540614259654,
      1.430150865891884,
      1.0595687551745052,
      0.8800185546792787,
      0.7620458903497663,
      0.6795406159655801,
      0.6147353447716811,
      0.5817053054941111,
      0.539756434590652,
      0.5121327842104024,
      0.48416493010932,
      0.47121325654202495,
      0.4548825082979326,
      0.4262276969593147,
      0.39098443910479547
    ],
    "val_losses": [
      1.5489100871547576,
      0.8914354655050463,
      0.6740577365121534,
      0.5910322209519725,
      0.5414485924186245,
      0.5424138879583728,
      0.5583987050960141,
      0.5352058026098436,
      0.5235210705188013,
      0.5186592910078264,
      0.5229594515215966,
      0.5300555063351509,
      0.5221850766289619,
      0.5452844519768992,
      0.5286891744021447
    ],
    "train_accs": [
      24.816414686825055,
      52.159827213822894,
      64.53563714902808,
      72.37580993520518,
      74.57883369330453,
      77.64578833693305,
      79.63282937365011,
      81.10151187904968,
      81.98704103671706,
      83.17494600431965,
      83.32613390928725,
      84.51403887688984,
      85.46436285097192,
      86.22030237580994,
      86.8682505399568
    ],
    "val_accs": [
      61.99596774193548,
      75.40322580645162,
      78.72983870967742,
      79.43548387096774,
      81.45161290322581,
      79.73790322580645,
      80.24193548387096,
      80.9475806451613,
      81.45161290322581,
      81.85483870967742,
      81.85483870967742,
      81.95564516129032,
      81.65322580645162,
      81.65322580645162,
      82.25806451612904
    ],
    "val_macro_f1s": [
      0.5989587134959615,
      0.7487750443065702,
      0.786675403158625,
      0.7933240442164008,
      0.8140123415236202,
      0.7959766549015794,
      0.8026635383045807,
      0.8099044497243985,
      0.8142725899342637,
      0.8178571169382842,
      0.8179523319952313,
      0.8190888327924691,
      0.8157625134295642,
      0.8148401174490603,
      0.821813163971785
    ],
    "learning_rates": [
      4.995066821070679e-05,
      4.980286753286195e-05,
      4.955718126821722e-05,
      4.9214579028215776e-05,
      4.877641290737884e-05,
      4.8244412147206284e-05,
      4.762067631165049e-05,
      4.6907667001096584e-05,
      4.610819813755037e-05,
      4.5225424859373677e-05,
      4.426283106939472e-05,
      4.322421568553528e-05,
      4.211367764821721e-05,
      4.0935599743717234e-05,
      3.969463130731183e-05
    ]
  }
}