{
  "train_loss": [
    1.6314952161588472,
    0.9228966776861658,
    0.616292506636839,
    0.4305426658334204,
    0.3351343860753061,
    0.24160040485766107,
    0.22303607393455752,
    0.18901440982020437,
    0.18522103411825472,
    0.14451749408843195,
    0.10799498256669737,
    0.15667424162778887,
    0.11708671829073487,
    0.11507941308112293,
    0.10679432752326286,
    0.10537536437123704
  ],
  "val_loss": [
    0.9939067322839762,
    0.8553953256785087,
    0.7484997999295216,
    0.7945453184163414,
    0.8621964665161733,
    0.9568755328955972,
    1.0819908014820996,
    1.107873632616761,
    1.0450034988395622,
    1.1390685509480574,
    1.21893261972999,
    1.0323267319849594,
    1.189176895182982,
    1.1357072459460509,
    1.548466653684314,
    1.275361048585832
  ],
  "val_macro_f1": [
    0.6718980649545946,
    0.7249651342265918,
    0.7680458386709044,
    0.7683645265641604,
    0.7748411014829563,
    0.7723005297238421,
    0.7640720637156766,
    0.7664830158752508,
    0.7850078468826592,
    0.7763957925520548,
    0.7863558052788856,
    0.7554107921930387,
    0.7559257930475286,
    0.7758582820498047,
    0.7522325496987861,
    0.7125152805646868
  ],
  "train_acc": [
    0.4731833910034602,
    0.7215614186851211,
    0.8214749134948097,
    0.8796496539792388,
    0.9117647058823529,
    0.9367430795847751,
    0.9416089965397924,
    0.9530709342560554,
    0.9528546712802768,
    0.9636678200692042,
    0.9721020761245674,
    0.9598832179930796,
    0.9708044982698962,
    0.9717776816608996,
    0.9727508650519031,
    0.9729671280276817
  ],
  "val_acc": [
    0.6801210898082745,
    0.731079717457114,
    0.7663975782038345,
    0.7669021190716448,
    0.7734611503531786,
    0.7679112008072654,
    0.7618567103935419,
    0.7633703329969728,
    0.7825428859737639,
    0.772452068617558,
    0.7840565085771948,
    0.7522704339051464,
    0.7558022199798183,
    0.7744702320887992,
    0.7512613521695257,
    0.7219979818365287
  ]
}