metric,mean,std
clip_iqa_win_rate,0.9624027072758037,0.005164931313226916
clip_iqa_margin_mean,0.09112841193446046,0.0007536452463955377
