{
  "train_loss": [
    1.909700700568493,
    0.9415498500670528,
    0.4763682091731101,
    0.23715226376706341,
    0.12068265243385078,
    0.0854627589685488,
    0.06657172270299654,
    0.04363007719747748,
    0.059874516315629324
  ],
  "val_loss": [
    1.0721363172040337,
    0.6357797482901457,
    0.6313188441105254,
    0.6997716118902059,
    0.973835836024626,
    0.9555364676368706,
    1.115391816549176,
    1.117987300024023,
    1.0143901877157864
  ],
  "val_macro_f1": [
    0.7061417789798179,
    0.7920560068800879,
    0.8032022295011932,
    0.8081367517254305,
    0.7763891271304904,
    0.7967106499437033,
    0.7828558878338298,
    0.7867073888692098,
    0.7988936091797371
  ],
  "train_acc": [
    0.38689446366782004,
    0.7178849480968859,
    0.8679714532871973,
    0.9426903114186851,
    0.9739403114186851,
    0.9817257785467128,
    0.9851859861591695,
    0.9908088235294118,
    0.9863754325259516
  ],
  "val_acc": [
    0.7073662966700303,
    0.7906155398587286,
    0.8032290615539859,
    0.8057517658930373,
    0.7749747729566094,
    0.7916246215943491,
    0.7830474268415741,
    0.7865792129162462,
    0.7971745711402624
  ]
}