{
  "train_loss": [
    1.9085568045249859,
    0.9657793793711282,
    0.5043134306747609,
    0.2444261320734519,
    0.1434637998137301,
    0.07786157295417208,
    0.07496984403541757,
    0.05295920918557058,
    0.03657719304714236,
    0.041118347521059244,
    0.050014243161492694,
    0.0337483215832174,
    0.02255565140744394
  ],
  "val_loss": [
    1.0852128690114295,
    0.7588307415440634,
    0.6369639953558909,
    0.799411832354023,
    0.7986730576824589,
    0.9074366406343057,
    0.9821301968740046,
    1.0079657258738421,
    1.1807275957584862,
    1.1058087040389222,
    1.0443544013709523,
    1.1193483023482302,
    1.4218050206585682
  ],
  "val_macro_f1": [
    0.6743455337498891,
    0.7635297304119228,
    0.8019239462858402,
    0.7910491922007411,
    0.8099079756631608,
    0.8053260407785563,
    0.7952791591168484,
    0.814880914487412,
    0.7929622736603689,
    0.7977294858080037,
    0.8055315780815377,
    0.8126382830608138,
    0.7766340543542555
  ],
  "train_acc": [
    0.3819204152249135,
    0.7064230103806228,
    0.8539143598615917,
    0.938689446366782,
    0.9685337370242214,
    0.983023356401384,
    0.9835640138408305,
    0.9870242214532872,
    0.9932958477508651,
    0.9907006920415224,
    0.9895112456747405,
    0.9930795847750865,
    0.9961072664359861
  ],
  "val_acc": [
    0.6866801210898082,
    0.7613521695257316,
    0.8007063572149344,
    0.7891019172552977,
    0.8077699293642785,
    0.801715438950555,
    0.7941473259334006,
    0.8097880928355197,
    0.786074672048436,
    0.7961654894046418,
    0.805247225025227,
    0.8107971745711403,
    0.7764883955600403
  ]
}