metric,mean,std
clip_similarity_mean,0.3166452685991923,0.0006338469412105735
