{
  "train_loss": [
    1.9470382244116706,
    0.9552401372305662,
    0.4909113686802478,
    0.23628721384905202,
    0.1405215735537577,
    0.08611714785796136,
    0.06515896991926494,
    0.06126975920373593,
    0.04589109827851342,
    0.04692296333172742,
    0.03169863540872571,
    0.03693398067592337,
    0.033776640621332975,
    0.031514136720074915,
    0.0391292079355065
  ],
  "val_loss": [
    1.0327070372857672,
    0.7533824302474137,
    0.700471848850895,
    0.771522773894003,
    0.8929008081269674,
    0.914646418436264,
    0.9291690969322812,
    1.0296205139665382,
    1.3402234961839785,
    1.0795345626372983,
    1.1719765468875527,
    1.1902897676714252,
    1.2031554259758304,
    1.2661639485060867,
    1.2575131920584517
  ],
  "val_macro_f1": [
    0.7011360171633159,
    0.7560659346549151,
    0.7759407401139636,
    0.7848884274744924,
    0.7919548391303627,
    0.8115636775490928,
    0.8071716440574247,
    0.7937405346215243,
    0.7506147003285574,
    0.8127853960479161,
    0.798304958615784,
    0.798258419891887,
    0.7891894668764784,
    0.7905788975091819,
    0.7999991970884803
  ],
  "train_acc": [
    0.3754325259515571,
    0.7149653979238755,
    0.8682958477508651,
    0.9461505190311419,
    0.9697231833910035,
    0.9832396193771626,
    0.9868079584775087,
    0.9863754325259516,
    0.9911332179930796,
    0.990916955017301,
    0.9931877162629758,
    0.9930795847750865,
    0.9930795847750865,
    0.9925389273356401,
    0.9916738754325259
  ],
  "val_acc": [
    0.7083753784056509,
    0.7563067608476287,
    0.7769929364278506,
    0.7830474268415741,
    0.7911200807265388,
    0.8102926337033299,
    0.8077699293642785,
    0.7941473259334006,
    0.7527749747729566,
    0.8102926337033299,
    0.7971745711402624,
    0.7966700302724521,
    0.7855701311806257,
    0.7916246215943491,
    0.7996972754793138
  ]
}