{
  "train_loss": [
    1.6424086892584204,
    0.9308215850725718,
    0.6137266920228525,
    0.4229578525472471,
    0.3091362360929329,
    0.25872159231080316,
    0.20905187389584562,
    0.20616997425222067,
    0.1558495981805671
  ],
  "val_loss": [
    0.8593503628320819,
    0.9348947210942219,
    0.7965894615132921,
    0.751264791375573,
    0.8869157358778473,
    1.2370156185658259,
    0.9334547467356854,
    1.06482105045819,
    0.9999090938948237
  ],
  "val_macro_f1": [
    0.7203316537690865,
    0.7091553483310741,
    0.7514439745621349,
    0.7893013141488373,
    0.7759219706563832,
    0.7326444505893109,
    0.7759582405023139,
    0.7534726813638697,
    0.7834818257054674
  ],
  "train_acc": [
    0.4634515570934256,
    0.7157223183391004,
    0.8176903114186851,
    0.8824610726643599,
    0.9156574394463668,
    0.9346885813148789,
    0.9437716262975778,
    0.9435553633217993,
    0.9588019031141869
  ],
  "val_acc": [
    0.7230070635721494,
    0.7093844601412714,
    0.7542885973763875,
    0.7865792129162462,
    0.7780020181634713,
    0.7305751765893037,
    0.7744702320887992,
    0.7558022199798183,
    0.7825428859737639
  ]
}