{
  "train_loss": [
    1.6442580802114777,
    0.9103340624370789,
    0.601875275798838,
    0.4151021017979792,
    0.3246275000789792,
    0.23764238331247778,
    0.19835878858362102,
    0.18609566430989846,
    0.15952528986087308,
    0.14548683509385296,
    0.13039572214688397
  ],
  "val_loss": [
    0.9119195745643285,
    0.7523672795440066,
    0.820783730472253,
    0.8686418769698812,
    0.8911075804055519,
    0.7863559345785232,
    1.132227541940845,
    1.1688135247038514,
    1.0435931658528286,
    1.4269830798608083,
    1.3604746395505882
  ],
  "val_macro_f1": [
    0.716074982575679,
    0.7637651223585606,
    0.7598721022994838,
    0.7720122143364121,
    0.7735524174194272,
    0.8015834606744977,
    0.7650598060068347,
    0.74881615083145,
    0.7795467623935516,
    0.7468434001070341,
    0.7404311866008028
  ],
  "train_acc": [
    0.47134515570934254,
    0.7239403114186851,
    0.8248269896193772,
    0.8824610726643599,
    0.9128460207612457,
    0.9350129757785467,
    0.9490700692041523,
    0.9508001730103807,
    0.9579368512110726,
    0.9617214532871973,
    0.9668036332179931
  ],
  "val_acc": [
    0.715438950554995,
    0.7633703329969728,
    0.7578203834510595,
    0.7729566094853683,
    0.7709384460141272,
    0.801715438950555,
    0.7623612512613521,
    0.7487386478304743,
    0.7805247225025227,
    0.7386478304742684,
    0.736125126135217
  ]
}