{
  "seed_value": 141,
  "seed_idx": 3,
  "train_size": 9261,
  "val_size": 1984,
  "test_size": 1985,
  "diversity": {
    "train": 0.1219218373298645,
    "val": 0.12352681159973145,
    "test": 0.1236962080001831
  },
  "clip_metrics": {
    "train_mean_similarity": 29.98952914264811,
    "val_mean_similarity": 29.894470323697487,
    "test_mean_similarity": 29.96091135117689,
    "train_mean_iqa": 9.402308731511091,
    "val_mean_iqa": 9.259720864183,
    "test_mean_iqa": 9.303243825693876
  },
  "blip_metrics": {
    "train_mean": -0.0025062348005196558,
    "val_mean": -0.002466889921425268,
    "test_mean": -0.0024632754149330168
  },
  "time_minutes": 26.035865982373554
}