{
  "seed_value": 328,
  "seed_idx": 4,
  "train_size": 9261,
  "val_size": 1984,
  "test_size": 1985,
  "diversity": {
    "train": 0.12434154748916626,
    "val": 0.12012243270874023,
    "test": 0.12181776762008667
  },
  "clip_metrics": {
    "train_mean_similarity": 29.992037484387243,
    "val_mean_similarity": 29.94085697985587,
    "test_mean_similarity": 29.90281106872713,
    "train_mean_iqa": 9.346043209773576,
    "val_mean_iqa": 9.27738162728567,
    "test_mean_iqa": 9.363780771022478
  },
  "blip_metrics": {
    "train_mean": -0.0024963801420828267,
    "val_mean": -0.002490534814674183,
    "test_mean": -0.0024856774483728796
  },
  "time_minutes": 25.987555158138274
}