{
  "seed_value": 58,
  "seed_idx": 2,
  "train_size": 9261,
  "val_size": 1984,
  "test_size": 1985,
  "diversity": {
    "train": 0.12089407444000244,
    "val": 0.1250801682472229,
    "test": 0.12343931198120117
  },
  "clip_metrics": {
    "train_mean_similarity": 29.945363078083304,
    "val_mean_similarity": 30.027602078216244,
    "test_mean_similarity": 30.033945964971373,
    "train_mean_iqa": 9.373902147651144,
    "val_mean_iqa": 9.399191111169998,
    "test_mean_iqa": 9.37696797055021
  },
  "blip_metrics": {
    "train_mean": -0.0024821036796703125,
    "val_mean": -0.002521241523062039,
    "test_mean": -0.002521613656559204
  },
  "time_minutes": 25.96293216943741
}