{
  "train_loss": [
    1.6561741545847954,
    0.9140475904987964,
    0.5986141525595658,
    0.42764045909098686,
    0.3247369233531729,
    0.23269171120798712,
    0.2119595041453426,
    0.18628542609899515,
    0.15413615491666596,
    0.15660702794223097,
    0.14768019221903544
  ],
  "val_loss": [
    0.9672153624588498,
    0.8956812621666613,
    1.0162122188254394,
    0.8358727738667208,
    0.9443163144675683,
    0.9969796491439119,
    1.1547536333321804,
    1.1922616102144414,
    1.2181606311971316,
    1.1923195902863377,
    1.3505651888284385
  ],
  "val_macro_f1": [
    0.6740916925066882,
    0.727814193300982,
    0.7058613804012521,
    0.7680676975643197,
    0.7637786772626916,
    0.7711411734538988,
    0.7663981879960157,
    0.7536219798177938,
    0.7615254512617342,
    0.7367121981312875,
    0.74944530934534
  ],
  "train_acc": [
    0.4647491349480969,
    0.721885813148789,
    0.8237456747404844,
    0.8838667820069204,
    0.9115484429065744,
    0.9356617647058824,
    0.9459342560553633,
    0.9523140138408305,
    0.957288062283737,
    0.9618295847750865,
    0.9622621107266436
  ],
  "val_acc": [
    0.6826437941473259,
    0.7265388496468214,
    0.7028254288597376,
    0.7669021190716448,
    0.7618567103935419,
    0.772452068617558,
    0.7648839556004037,
    0.7527749747729566,
    0.7598385469223007,
    0.7376387487386479,
    0.7487386478304743
  ]
}