{
  "train_loss": [
    1.9251291174377125,
    0.9557946012919337,
    0.4980786521645153,
    0.24757112303561818,
    0.14035945513308254,
    0.07455651589691845,
    0.05989748431582352,
    0.058722976659614734,
    0.054926636412894435,
    0.042869000002793374
  ],
  "val_loss": [
    1.0768969668870496,
    0.7264367530853548,
    0.705144324649114,
    0.8134063375826199,
    0.8836337594403749,
    1.0465110537984177,
    1.1756961972393494,
    1.0891450606248934,
    1.236570413490357,
    1.2542949451808372
  ],
  "val_macro_f1": [
    0.6711458300337091,
    0.763379388237215,
    0.779561664177355,
    0.7814087838310506,
    0.8024536084078163,
    0.7892052215239681,
    0.7804539097714772,
    0.7864300491781776,
    0.7876718068267018,
    0.7897547805988562
  ],
  "train_acc": [
    0.3794333910034602,
    0.702530276816609,
    0.8615916955017301,
    0.9371756055363322,
    0.9672361591695502,
    0.9860510380622838,
    0.9890787197231834,
    0.9877811418685121,
    0.9887543252595156,
    0.9916738754325259
  ],
  "val_acc": [
    0.6760847628657921,
    0.7628657921291625,
    0.781029263370333,
    0.7754793138244198,
    0.8002018163471241,
    0.7885973763874874,
    0.7744702320887992,
    0.7835519677093845,
    0.7825428859737639,
    0.784561049445005
  ]
}