metric,mean,std
accuracy,0.2855329949238578,0.00817637141709952
macro_f1,0.21278481419365008,0.008133188520366253
