{
  "train_loss": [
    1.9407952256681185,
    0.9557171521714815,
    0.49076899561296283,
    0.2413614648023691,
    0.14434508632572052,
    0.08412019077005271,
    0.0651705117838193,
    0.05606099857487893,
    0.06584627916037418
  ],
  "val_loss": [
    1.0819468649797797,
    0.8526461475071103,
    0.6643208416571651,
    0.6634791991123639,
    0.8587552397150084,
    1.0196748789696832,
    0.9341271657695924,
    1.3132720270864178,
    1.0022173598183153
  ],
  "val_macro_f1": [
    0.6745320685236901,
    0.724214930378066,
    0.794592766245091,
    0.8099346470492691,
    0.7901731791294022,
    0.7819420788843372,
    0.8048075413390335,
    0.7716966188316984,
    0.8066631387629156
  ],
  "train_acc": [
    0.36461937716262977,
    0.7031790657439446,
    0.8610510380622838,
    0.9396626297577855,
    0.9695069204152249,
    0.9822664359861591,
    0.9862673010380623,
    0.9887543252595156,
    0.9856185121107266
  ],
  "val_acc": [
    0.6786074672048436,
    0.7265388496468214,
    0.7926337033299697,
    0.8113017154389506,
    0.7896064581231079,
    0.7825428859737639,
    0.8042381432896064,
    0.7694248234106963,
    0.8057517658930373
  ]
}