metric,mean,std
acc_correct_caption,0.8212243525058864,0.010217281315348627
acc_random_caption,0.8064917591658258,0.01091001493672712
accuracy_drop,0.01473259334006049,0.006632873684171265
