{
  "train_loss": [
    1.9094222408677468,
    0.9518912875941056,
    0.4884510287260927,
    0.22720110832768328,
    0.13922891130342202,
    0.08290648790379297,
    0.07083510317449751,
    0.06237985276227179,
    0.04063671713881839,
    0.032970609227163154,
    0.047526725177946386,
    0.06123549217893178,
    0.048323454199983996,
    0.03296064309595365,
    0.021683103885102025,
    0.009755144946302922
  ],
  "val_loss": [
    1.061088969320149,
    0.6694980296790299,
    0.622947281833614,
    0.7515478507060216,
    0.79915980602249,
    0.8875202673114272,
    0.939473788986052,
    0.8716025094451866,
    1.0580288553093564,
    1.290590272782188,
    1.1075916841220181,
    1.1605122346810688,
    1.0388733267663828,
    1.0761493594807645,
    1.232931488096774,
    1.3471959818504171
  ],
  "val_macro_f1": [
    0.7195234923310251,
    0.7853611667136525,
    0.8074655123269662,
    0.8007765629245868,
    0.8100545726053981,
    0.8107340197641778,
    0.8075865468430186,
    0.8127593565841723,
    0.8088942268192721,
    0.7820817962394929,
    0.8147176848125703,
    0.7834091743430246,
    0.8002790884645693,
    0.8022969014876269,
    0.8086495269884731,
    0.8015709284273776
  ],
  "train_acc": [
    0.3916522491349481,
    0.715614186851211,
    0.8625648788927336,
    0.9467993079584776,
    0.9693987889273357,
    0.9833477508650519,
    0.9855103806228374,
    0.9869160899653979,
    0.9918901384083045,
    0.9937283737024222,
    0.9872404844290658,
    0.987348615916955,
    0.9894031141868512,
    0.9929714532871973,
    0.9961072664359861,
    0.998378027681661
  ],
  "val_acc": [
    0.7174571140262361,
    0.784561049445005,
    0.8047426841574168,
    0.7976791120080726,
    0.8062563067608476,
    0.8113017154389506,
    0.8027245206861756,
    0.8102926337033299,
    0.8072653884964682,
    0.7795156407669022,
    0.8128153380423815,
    0.7825428859737639,
    0.7996972754793138,
    0.7986881937436933,
    0.8062563067608476,
    0.798183652875883
  ]
}