{
  "train_loss": [
    1.6313114233804822,
    0.906068622949936,
    0.6014397662764602,
    0.4064427591009536,
    0.3221915540991151,
    0.22264057311477545,
    0.2002821607856808,
    0.1849522900390584,
    0.14981655913137648,
    0.1371227741421919
  ],
  "val_loss": [
    0.8721365664308415,
    0.8216441723881769,
    0.7795430962691755,
    0.8986553141366085,
    0.8458534100221697,
    1.1274384343930859,
    1.0373561974129932,
    1.2837632227798041,
    1.1422185179082947,
    0.991028103951128
  ],
  "val_macro_f1": [
    0.7255107544804466,
    0.7377307847181999,
    0.7670942065709021,
    0.7636651866370042,
    0.7877037037663489,
    0.7372846643879502,
    0.7723067373738619,
    0.7368206334558031,
    0.7748472871687974,
    0.7792396890351918
  ],
  "train_acc": [
    0.47221020761245674,
    0.7201557093425606,
    0.8255839100346021,
    0.8867863321799307,
    0.9128460207612457,
    0.9395544982698962,
    0.9490700692041523,
    0.9512326989619377,
    0.9607482698961938,
    0.9646410034602076
  ],
  "val_acc": [
    0.7204843592330978,
    0.7371342078708375,
    0.7653884964682139,
    0.7628657921291625,
    0.784561049445005,
    0.731079717457114,
    0.7719475277497477,
    0.7346115035317861,
    0.772452068617558,
    0.7754793138244198
  ]
}