{
  "experiment_id": "seed_126",
  "seed_value": 126,
  "seed_index": 14,
  "timestamp": "2025-11-18T12:58:07.061554",
  "model_type": "image_only",
  "configuration": {
    "learning_rate": 5e-05,
    "batch_size": 32,
    "early_stopping_patience": 5,
    "dropout": 0.5,
    "weight_decay": 0.0001,
    "max_epochs": 20,
    "model_init_seed": 42,
    "data_split_seed": 126,
    "dataset_size": "100% (full dataset)"
  },
  "training_info": {
    "total_epochs": 20,
    "best_epoch": 20,
    "early_stopped": false,
    "total_time_minutes": 3.1780370155970257
  },
  "validation_metrics": {
    "best_val_macro_f1": 0.8123076761350693,
    "best_val_accuracy": 81.26262626262626,
    "best_val_macro_precision": 0.8150699117786298,
    "best_val_macro_recall": 0.8154803846972947,
    "best_val_loss": 0.574189460565967,
    "final_val_macro_f1": 0.8123076761350693,
    "final_val_accuracy": 81.26262626262626,
    "final_val_loss": 0.574189460565967,
    "per_class_metrics": {
      "f1": {
        "conservative": 0.6959459459459459,
        "dressy": 0.9588014981273407,
        "ethnic": 0.8340080971659919,
        "fairy": 0.9407665505226481,
        "feminine": 0.7063197026022305,
        "gal": 0.8251748251748252,
        "girlish": 0.604982206405694,
        "kireime-casual": 0.7409638554216867,
        "lolita": 0.934984520123839,
        "mode": 0.8051948051948054,
        "natural": 0.8222222222222222,
        "retro": 0.7863247863247863,
        "rock": 0.8313725490196078,
        "street": 0.8852459016393444
      },
      "precision": {
        "conservative": 0.6560509554140127,
        "dressy": 0.9624060150375939,
        "ethnic": 0.8728813559322034,
        "fairy": 0.9375,
        "feminine": 0.6506849315068494,
        "gal": 0.8251748251748252,
        "girlish": 0.7391304347826086,
        "kireime-casual": 0.7068965517241379,
        "lolita": 0.9151515151515152,
        "mode": 0.8322147651006712,
        "natural": 0.7816901408450704,
        "retro": 0.8518518518518519,
        "rock": 0.7969924812030075,
        "street": 0.8823529411764706
      },
      "recall": {
        "conservative": 0.7410071942446043,
        "dressy": 0.9552238805970149,
        "ethnic": 0.7984496124031008,
        "fairy": 0.9440559440559441,
        "feminine": 0.7723577235772358,
        "gal": 0.8251748251748252,
        "girlish": 0.5120481927710844,
        "kireime-casual": 0.7784810126582279,
        "lolita": 0.9556962025316456,
        "mode": 0.779874213836478,
        "natural": 0.8671875,
        "retro": 0.7301587301587301,
        "rock": 0.8688524590163934,
        "street": 0.8881578947368421
      },
      "accuracy": {
        "conservative": 0.7410071942446043,
        "dressy": 0.9552238805970149,
        "ethnic": 0.7984496124031008,
        "fairy": 0.9440559440559441,
        "feminine": 0.7723577235772358,
        "gal": 0.8251748251748252,
        "girlish": 0.5120481927710844,
        "kireime-casual": 0.7784810126582279,
        "lolita": 0.9556962025316456,
        "mode": 0.779874213836478,
        "natural": 0.8671875,
        "retro": 0.7301587301587301,
        "rock": 0.8688524590163934,
        "street": 0.8881578947368421
      }
    }
  },
  "test_metrics": {
    "test_macro_f1": 0.8143674055473266,
    "test_accuracy": 81.36363636363636,
    "test_macro_precision": 0.8153510974361137,
    "test_macro_recall": 0.8171047289427716,
    "test_loss": 0.5541084086702716,
    "per_class_metrics": {
      "f1": {
        "conservative": 0.7441860465116279,
        "dressy": 0.9555555555555556,
        "ethnic": 0.8515625,
        "fairy": 0.943661971830986,
        "feminine": 0.6763636363636363,
        "gal": 0.8273381294964028,
        "girlish": 0.6204620462046204,
        "kireime-casual": 0.7043189368770765,
        "lolita": 0.9456869009584665,
        "mode": 0.7935483870967742,
        "natural": 0.8283582089552239,
        "retro": 0.7951807228915663,
        "rock": 0.8015873015873015,
        "street": 0.9133333333333334
      },
      "precision": {
        "conservative": 0.691358024691358,
        "dressy": 0.9555555555555556,
        "ethnic": 0.8582677165354331,
        "fairy": 0.9571428571428572,
        "feminine": 0.6078431372549019,
        "gal": 0.8518518518518519,
        "girlish": 0.6861313868613139,
        "kireime-casual": 0.7412587412587412,
        "lolita": 0.9548387096774194,
        "mode": 0.8092105263157895,
        "natural": 0.7928571428571428,
        "retro": 0.8114754098360656,
        "rock": 0.7651515151515151,
        "street": 0.9319727891156463
      },
      "recall": {
        "conservative": 0.8057553956834532,
        "dressy": 0.9555555555555556,
        "ethnic": 0.8449612403100775,
        "fairy": 0.9305555555555556,
        "feminine": 0.7622950819672131,
        "gal": 0.8041958041958042,
        "girlish": 0.5662650602409639,
        "kireime-casual": 0.6708860759493671,
        "lolita": 0.9367088607594937,
        "mode": 0.7784810126582279,
        "natural": 0.8671875,
        "retro": 0.7795275590551181,
        "rock": 0.8416666666666667,
        "street": 0.8954248366013072
      },
      "accuracy": {
        "conservative": 0.8057553956834532,
        "dressy": 0.9555555555555556,
        "ethnic": 0.8449612403100775,
        "fairy": 0.9305555555555556,
        "feminine": 0.7622950819672131,
        "gal": 0.8041958041958042,
        "girlish": 0.5662650602409639,
        "kireime-casual": 0.6708860759493671,
        "lolita": 0.9367088607594937,
        "mode": 0.7784810126582279,
        "natural": 0.8671875,
        "retro": 0.7795275590551181,
        "rock": 0.8416666666666667,
        "street": 0.8954248366013072
      }
    }
  },
  "overfitting_analysis": {
    "overfitting_detected": false,
    "best_val_loss": 0.574189460565967,
    "val_loss_after_best": 0.574189460565967,
    "increase_percentage": 0.0,
    "train_val_gap": 0.12786136917210222
  },
  "training_curves": {
    "train_losses": [
      2.5792956508979668,
      2.264974965356213,
      1.80100496376262,
      1.4613348783918731,
      1.2891825095179996,
      1.1577357538431161,
      1.069754311988923,
      0.9940918706692626,
      0.9366862508871151,
      0.8925468205993151,
      0.8630899098092709,
      0.839321704678057,
      0.8065671061768251,
      0.7849230537365052,
      0.7693885490556077,
      0.7448822797169735,
      0.7304811671530912,
      0.7248900787434364,
      0.7183108684513395,
      0.7020508297380692
    ],
    "val_losses": [
      2.4504592572489092,
      1.9166174454073752,
      1.432830564437374,
      1.1573351294763627,
      1.0044536196416425,
      0.8964462424478223,
      0.829820305109024,
      0.7735238882803148,
      0.734561659636036,
      0.7051388126227164,
      0.6795081448170447,
      0.6611006721373527,
      0.6473077790391061,
      0.6260089980017755,
      0.6192002238765839,
      0.6061449738279465,
      0.5959916898319798,
      0.5871211001949925,
      0.5795388293843116,
      0.574189460565967
    ],
    "train_accs": [
      16.240796881767,
      36.79081853616284,
      46.81680381117367,
      54.03854482459939,
      58.61844954525769,
      61.92074491121698,
      65.24469467301863,
      66.84711996535297,
      68.4495452576873,
      69.84625378951927,
      70.74491121697704,
      71.71935902988307,
      72.55305326981377,
      74.19878735383283,
      73.96058899956691,
      75.23819835426592,
      74.98917280207883,
      75.18406236466002,
      75.790385448246,
      75.71459506279774
    ],