{
  "experiment_id": "seed_58",
  "seed_value": 58,
  "seed_index": 8,
  "timestamp": "2025-11-18T12:38:36.744113",
  "model_type": "image_only",
  "configuration": {
    "learning_rate": 5e-05,
    "batch_size": 32,
    "early_stopping_patience": 5,
    "dropout": 0.5,
    "weight_decay": 0.0001,
    "max_epochs": 20,
    "model_init_seed": 42,
    "data_split_seed": 58,
    "dataset_size": "100% (full dataset)"
  },
  "training_info": {
    "total_epochs": 20,
    "best_epoch": 18,
    "early_stopped": false,
    "total_time_minutes": 3.203078027566274
  },
  "validation_metrics": {
    "best_val_macro_f1": 0.8014555489127232,
    "best_val_accuracy": 80.15151515151516,
    "best_val_macro_precision": 0.8025000023316815,
    "best_val_macro_recall": 0.8064653611753313,
    "best_val_loss": 0.5870109190863948,
    "final_val_macro_f1": 0.8007879735714134,
    "final_val_accuracy": 80.1010101010101,
    "final_val_loss": 0.5870109190863948,
    "per_class_metrics": {
      "f1": {
        "conservative": 0.6950354609929078,
        "dressy": 0.9591078066914499,
        "ethnic": 0.8270676691729323,
        "fairy": 0.9134948096885814,
        "feminine": 0.7318840579710145,
        "gal": 0.8056537102473497,
        "girlish": 0.662020905923345,
        "kireime-casual": 0.6384364820846906,
        "lolita": 0.9274447949526813,
        "mode": 0.825938566552901,
        "natural": 0.7816901408450705,
        "retro": 0.776470588235294,
        "rock": 0.8015564202334631,
        "street": 0.8745762711864407
      },
      "precision": {
        "conservative": 0.6853146853146853,
        "dressy": 0.9555555555555556,
        "ethnic": 0.8029197080291971,
        "fairy": 0.9041095890410958,
        "feminine": 0.6601307189542484,
        "gal": 0.8142857142857143,
        "girlish": 0.7851239669421488,
        "kireime-casual": 0.6577181208053692,
        "lolita": 0.9245283018867925,
        "mode": 0.8962962962962963,
        "natural": 0.7161290322580646,
        "retro": 0.7734375,
        "rock": 0.7573529411764706,
        "street": 0.9020979020979021
      },
      "recall": {
        "conservative": 0.7050359712230215,
        "dressy": 0.9626865671641791,
        "ethnic": 0.8527131782945736,
        "fairy": 0.9230769230769231,
        "feminine": 0.8211382113821138,
        "gal": 0.7972027972027972,
        "girlish": 0.572289156626506,
        "kireime-casual": 0.620253164556962,
        "lolita": 0.930379746835443,
        "mode": 0.7658227848101266,
        "natural": 0.8604651162790697,
        "retro": 0.7795275590551181,
        "rock": 0.8512396694214877,
        "street": 0.8486842105263158
      },
      "accuracy": {
        "conservative": 0.7050359712230215,
        "dressy": 0.9626865671641791,
        "ethnic": 0.8527131782945736,
        "fairy": 0.9230769230769231,
        "feminine": 0.8211382113821138,
        "gal": 0.7972027972027972,
        "girlish": 0.572289156626506,
        "kireime-casual": 0.620253164556962,
        "lolita": 0.930379746835443,
        "mode": 0.7658227848101266,
        "natural": 0.8604651162790697,
        "retro": 0.7795275590551181,
        "rock": 0.8512396694214877,
        "street": 0.8486842105263158
      }
    }
  },
  "test_metrics": {
    "test_macro_f1": 0.8155490683952583,
    "test_accuracy": 81.74924165824065,
    "test_macro_precision": 0.8161512305292435,
    "test_macro_recall": 0.8225729791787397,
    "test_loss": 0.5374494545882748,
    "per_class_metrics": {
      "f1": {
        "conservative": 0.735632183908046,
        "dressy": 0.9635036496350364,
        "ethnic": 0.8314606741573034,
        "fairy": 0.9375,
        "feminine": 0.7313432835820896,
        "gal": 0.8494983277591973,
        "girlish": 0.5955882352941176,
        "kireime-casual": 0.7202572347266882,
        "lolita": 0.9423076923076923,
        "mode": 0.7894736842105263,
        "natural": 0.8041958041958043,
        "retro": 0.7812500000000001,
        "rock": 0.8366533864541832,
        "street": 0.8990228013029317
      },
      "precision": {
        "conservative": 0.7868852459016393,
        "dressy": 0.9496402877697842,
        "ethnic": 0.8043478260869565,
        "fairy": 0.9375,
        "feminine": 0.6712328767123288,
        "gal": 0.8141025641025641,
        "girlish": 0.7641509433962265,
        "kireime-casual": 0.7320261437908496,
        "lolita": 0.9545454545454546,
        "mode": 0.8108108108108109,
        "natural": 0.7278481012658228,
        "retro": 0.7692307692307693,
        "rock": 0.8076923076923077,
        "street": 0.8961038961038961
      },
      "recall": {
        "conservative": 0.6906474820143885,
        "dressy": 0.9777777777777777,
        "ethnic": 0.8604651162790697,
        "fairy": 0.9375,
        "feminine": 0.8032786885245902,
        "gal": 0.8881118881118881,
        "girlish": 0.4879518072289157,
        "kireime-casual": 0.7088607594936709,
        "lolita": 0.930379746835443,
        "mode": 0.7692307692307693,
        "natural": 0.8984375,
        "retro": 0.7936507936507936,
        "rock": 0.8677685950413223,
        "street": 0.9019607843137255
      },
      "accuracy": {
        "conservative": 0.6906474820143885,
        "dressy": 0.9777777777777777,
        "ethnic": 0.8604651162790697,
        "fairy": 0.9375,
        "feminine": 0.8032786885245902,
        "gal": 0.8881118881118881,
        "girlish": 0.4879518072289157,
        "kireime-casual": 0.7088607594936709,
        "lolita": 0.930379746835443,
        "mode": 0.7692307692307693,
        "natural": 0.8984375,
        "retro": 0.7936507936507936,
        "rock": 0.8677685950413223,
        "street": 0.9019607843137255
      }
    }
  },
  "overfitting_analysis": {
    "overfitting_detected": false,
    "best_val_loss": 0.5870109190863948,
    "val_loss_after_best": 0.5927467302929971,
    "increase_percentage": 0.9771217229705549,
    "train_val_gap": 0.14683027388341907
  },
  "training_curves": {
    "train_losses": [
      2.580362778633936,
      2.264823696605062,
      1.792772442411799,
      1.4743466348384078,
      1.279284356993375,
      1.1678513432869038,
      1.0752673264605777,
      1.0037172183033505,
      0.9487705387458669,
      0.9099950873934274,
      0.8756757859127744,
      0.8395859307277573,
      0.8248529647667103,
      0.8032785977871773,
      0.7712951013786158,
      0.7624975041740906,
      0.7462100920792683,
      0.7338411929698139,
      0.7112151355479416,
      0.7065067516066211
    ],
    "val_losses": [
      2.453370448081724,
      1.9141470289999438,
      1.4355957258132197,
      1.1702677511399793,
      1.0116829506812557,
      0.9113544071874311,
      0.8455477770297758,
      0.7896950812109055,
      0.75214610417043,
      0.721104861747834,
      0.6944156918794878,
      0.6729787304516761,
      0.6550315709844712,
      0.6412180657348325,
      0.627482333971608,
      0.6179496121983374,
      0.6082721145883683,
      0.6008998198855308,
      0.5927467302929971,
      0.5870109190863948
    ],
    "train_accs": [
      16.25893050443819,
      36.468932669408964,
      47.488633903442306,
      54.00519592985495,
      59.01710326910587,
      62.13466118207404,
      65.08984628707512,
      67.38471530634337,
      68.52132496211301,
      70.28577614202209,
      70.718770296601,
      71.81208053691275,
      72.15847586057588,
      73.21931153929422,
      74.8213899112362,
      74.36674604892833,
      74.76726564191384,
      74.95128815760987,
      75.893050443819,
      76.04459839792163
    ],