{
  "experiment_id": "seed_309",
  "seed_value": 309,
  "seed_index": 22,
  "timestamp": "2025-11-18T13:24:05.897409",
  "model_type": "image_only",
  "configuration": {
    "learning_rate": 5e-05,
    "batch_size": 32,
    "early_stopping_patience": 5,
    "dropout": 0.5,
    "weight_decay": 0.0001,
    "max_epochs": 20,
    "model_init_seed": 42,
    "data_split_seed": 309,
    "dataset_size": "100% (full dataset)"
  },
  "training_info": {
    "total_epochs": 20,
    "best_epoch": 19,
    "early_stopped": false,
    "total_time_minutes": 3.189825403690338
  },
  "validation_metrics": {
    "best_val_macro_f1": 0.8185352454230969,
    "best_val_accuracy": 81.95146612740142,
    "best_val_macro_precision": 0.8185482033512399,
    "best_val_macro_recall": 0.8223912517118929,
    "best_val_loss": 0.5595181920836049,
    "final_val_macro_f1": 0.8182322349774696,
    "final_val_accuracy": 81.90091001011122,
    "final_val_loss": 0.5595181920836049,
    "per_class_metrics": {
      "f1": {
        "conservative": 0.7804878048780487,
        "dressy": 0.9597069597069599,
        "ethnic": 0.792,
        "fairy": 0.9473684210526315,
        "feminine": 0.7181467181467182,
        "gal": 0.8571428571428572,
        "girlish": 0.6418918918918918,
        "kireime-casual": 0.7290322580645161,
        "lolita": 0.9779179810725552,
        "mode": 0.777408637873754,
        "natural": 0.7889273356401383,
        "retro": 0.8016194331983805,
        "rock": 0.8078431372549021,
        "street": 0.8800000000000001
      },
      "precision": {
        "conservative": 0.7567567567567568,
        "dressy": 0.9424460431654677,
        "ethnic": 0.8181818181818182,
        "fairy": 0.9507042253521126,
        "feminine": 0.6838235294117647,
        "gal": 0.8541666666666666,
        "girlish": 0.7307692307692307,
        "kireime-casual": 0.743421052631579,
        "lolita": 0.9748427672955975,
        "mode": 0.8125,
        "natural": 0.7125,
        "retro": 0.825,
        "rock": 0.7686567164179104,
        "street": 0.8859060402684564
      },
      "recall": {
        "conservative": 0.8057553956834532,
        "dressy": 0.9776119402985075,
        "ethnic": 0.7674418604651163,
        "fairy": 0.9440559440559441,
        "feminine": 0.7560975609756098,
        "gal": 0.8601398601398601,
        "girlish": 0.572289156626506,
        "kireime-casual": 0.7151898734177216,
        "lolita": 0.9810126582278481,
        "mode": 0.7452229299363057,
        "natural": 0.8837209302325582,
        "retro": 0.7795275590551181,
        "rock": 0.8512396694214877,
        "street": 0.8741721854304636
      },
      "accuracy": {
        "conservative": 0.8057553956834532,
        "dressy": 0.9776119402985075,
        "ethnic": 0.7674418604651163,
        "fairy": 0.9440559440559441,
        "feminine": 0.7560975609756098,
        "gal": 0.8601398601398601,
        "girlish": 0.572289156626506,
        "kireime-casual": 0.7151898734177216,
        "lolita": 0.9810126582278481,
        "mode": 0.7452229299363057,
        "natural": 0.8837209302325582,
        "retro": 0.7795275590551181,
        "rock": 0.8512396694214877,
        "street": 0.8741721854304636
      }
    }
  },
  "test_metrics": {
    "test_macro_f1": 0.8125449346074829,
    "test_accuracy": 81.33198789101917,
    "test_macro_precision": 0.8121622494038455,
    "test_macro_recall": 0.8172806663040577,
    "test_loss": 0.5540475797268652,
    "per_class_metrics": {
      "f1": {
        "conservative": 0.7345454545454547,
        "dressy": 0.9600000000000001,
        "ethnic": 0.8482490272373541,
        "fairy": 0.9041095890410958,
        "feminine": 0.7651515151515151,
        "gal": 0.8098591549295774,
        "girlish": 0.625,
        "kireime-casual": 0.6833855799373041,
        "lolita": 0.9375,
        "mode": 0.8065573770491804,
        "natural": 0.8197879858657243,
        "retro": 0.7654320987654322,
        "rock": 0.819277108433735,
        "street": 0.8967741935483872
      },
      "precision": {
        "conservative": 0.7426470588235294,
        "dressy": 0.9428571428571428,
        "ethnic": 0.8515625,
        "fairy": 0.8918918918918919,
        "feminine": 0.7112676056338029,
        "gal": 0.8156028368794326,
        "girlish": 0.7377049180327869,
        "kireime-casual": 0.6770186335403726,
        "lolita": 0.9375,
        "mode": 0.8367346938775511,
        "natural": 0.7483870967741936,
        "retro": 0.7948717948717948,
        "rock": 0.796875,
        "street": 0.8853503184713376
      },
      "recall": {
        "conservative": 0.7266187050359713,
        "dressy": 0.9777777777777777,
        "ethnic": 0.8449612403100775,
        "fairy": 0.9166666666666666,
        "feminine": 0.8278688524590164,
        "gal": 0.8041958041958042,
        "girlish": 0.5421686746987951,
        "kireime-casual": 0.689873417721519,
        "lolita": 0.9375,
        "mode": 0.7784810126582279,
        "natural": 0.90625,
        "retro": 0.7380952380952381,
        "rock": 0.8429752066115702,
        "street": 0.9084967320261438
      },
      "accuracy": {
        "conservative": 0.7266187050359713,
        "dressy": 0.9777777777777777,
        "ethnic": 0.8449612403100775,
        "fairy": 0.9166666666666666,
        "feminine": 0.8278688524590164,
        "gal": 0.8041958041958042,
        "girlish": 0.5421686746987951,
        "kireime-casual": 0.689873417721519,
        "lolita": 0.9375,
        "mode": 0.7784810126582279,
        "natural": 0.90625,
        "retro": 0.7380952380952381,
        "rock": 0.8429752066115702,
        "street": 0.9084967320261438
      }
    }
  },
  "overfitting_analysis": {
    "overfitting_detected": false,
    "best_val_loss": 0.5595181920836049,
    "val_loss_after_best": 0.5595181920836049,
    "increase_percentage": 0.0,
    "train_val_gap": 0.1601447419424863
  },
  "training_curves": {
    "train_losses": [
      2.5800501376287337,
      2.267284378873436,
      1.791143407458665,
      1.4739405729366422,
      1.2866230380163886,
      1.1582877726703367,
      1.066814684125379,
      0.989425465928642,
      0.9551168438885038,
      0.908774992792664,
      0.8686028157963472,
      0.8515072092671708,
      0.8091114973939414,
      0.786814277044217,
      0.7779142751413233,
      0.7535986416686365,
      0.7387522647743819,
      0.7401387054202466,
      0.7196629340260912,
      0.6931534281651454
    ],
    "val_losses": [
      2.4533711364192348,
      1.9194493293762207,
      1.435857532485839,
      1.1728389138175594,
      1.0127471387386322,
      0.9081345402425335,
      0.8349242498797755,
      0.7780904923715899,
      0.7420488230643734,
      0.7046407687087213,
      0.6775814881247859,
      0.6579435506174641,
      0.6380119741924347,
      0.6199073839572168,
      0.6061916418613926,
      0.5963457087355275,
      0.585409808062738,
      0.5765656482788825,
      0.5678614421236899,
      0.5595181920836049
    ],
    "train_accs": [
      15.74274577739281,
      36.50931139021221,
      47.856214811606755,
      54.547423126894756,
      58.96491987873539,
      62.28886964053703,
      64.59506279774794,
      67.3235166738848,
      67.81074058033781,
      69.31572109138155,
      70.44174967518406,
      71.55695106106539,
      72.69380684278909,
      73.80900822867042,
      73.53832828064097,
      74.53443048938935,
      75.08661758336942,
      75.01082719792117,
      75.62797747942832,
      76.36422693806843
    ],