{
  "experiment_id": "seed_360",
  "seed_value": 360,
  "seed_index": 26,
  "timestamp": "2025-11-18T13:37:08.613122",
  "model_type": "image_only",
  "configuration": {
    "learning_rate": 5e-05,
    "batch_size": 32,
    "early_stopping_patience": 5,
    "dropout": 0.5,
    "weight_decay": 0.0001,
    "max_epochs": 20,
    "model_init_seed": 42,
    "data_split_seed": 360,
    "dataset_size": "100% (full dataset)"
  },
  "training_info": {
    "total_epochs": 20,
    "best_epoch": 18,
    "early_stopped": false,
    "total_time_minutes": 3.199334136644999
  },
  "validation_metrics": {
    "best_val_macro_f1": 0.8202127937615495,
    "best_val_accuracy": 81.97879858657244,
    "best_val_macro_precision": 0.8220944464439092,
    "best_val_macro_recall": 0.8247286032540888,
    "best_val_loss": 0.5562033047599177,
    "final_val_macro_f1": 0.8180223410161439,
    "final_val_accuracy": 81.7768803634528,
    "final_val_loss": 0.5562033047599177,
    "per_class_metrics": {
      "f1": {
        "conservative": 0.7491638795986622,
        "dressy": 0.9505703422053232,
        "ethnic": 0.8638132295719845,
        "fairy": 0.9300699300699301,
        "feminine": 0.7601476014760147,
        "gal": 0.8378378378378378,
        "girlish": 0.6782006920415226,
        "kireime-casual": 0.6733333333333333,
        "lolita": 0.939297124600639,
        "mode": 0.7880794701986755,
        "natural": 0.829090909090909,
        "retro": 0.803347280334728,
        "rock": 0.7955390334572492,
        "street": 0.8844884488448845
      },
      "precision": {
        "conservative": 0.7,
        "dressy": 0.9689922480620154,
        "ethnic": 0.8671875,
        "fairy": 0.9300699300699301,
        "feminine": 0.6959459459459459,
        "gal": 0.8104575163398693,
        "girlish": 0.7967479674796748,
        "kireime-casual": 0.7112676056338029,
        "lolita": 0.9483870967741935,
        "mode": 0.8263888888888888,
        "natural": 0.7755102040816326,
        "retro": 0.8571428571428571,
        "rock": 0.7278911564625851,
        "street": 0.8933333333333333
      },
      "recall": {
        "conservative": 0.8057553956834532,
        "dressy": 0.9328358208955224,
        "ethnic": 0.8604651162790697,
        "fairy": 0.9300699300699301,
        "feminine": 0.8373983739837398,
        "gal": 0.8671328671328671,
        "girlish": 0.5903614457831325,
        "kireime-casual": 0.6392405063291139,
        "lolita": 0.930379746835443,
        "mode": 0.7531645569620253,
        "natural": 0.890625,
        "retro": 0.7559055118110236,
        "rock": 0.8770491803278688,
        "street": 0.8758169934640523
      },
      "accuracy": {
        "conservative": 0.8057553956834532,
        "dressy": 0.9328358208955224,
        "ethnic": 0.8604651162790697,
        "fairy": 0.9300699300699301,
        "feminine": 0.8373983739837398,
        "gal": 0.8671328671328671,
        "girlish": 0.5903614457831325,
        "kireime-casual": 0.6392405063291139,
        "lolita": 0.930379746835443,
        "mode": 0.7531645569620253,
        "natural": 0.890625,
        "retro": 0.7559055118110236,
        "rock": 0.8770491803278688,
        "street": 0.8758169934640523
      }
    }
  },
  "test_metrics": {
    "test_macro_f1": 0.8017380218724639,
    "test_accuracy": 80.31297324583544,
    "test_macro_precision": 0.8013640893632105,
    "test_macro_recall": 0.8064364910452608,
    "test_loss": 0.5758058649878348,
    "per_class_metrics": {
      "f1": {
        "conservative": 0.6903914590747331,
        "dressy": 0.9562043795620438,
        "ethnic": 0.7953667953667953,
        "fairy": 0.9395973154362416,
        "feminine": 0.7018867924528301,
        "gal": 0.8290909090909091,
        "girlish": 0.6216216216216216,
        "kireime-casual": 0.6709677419354839,
        "lolita": 0.9500000000000001,
        "mode": 0.7986577181208053,
        "natural": 0.851063829787234,
        "retro": 0.7717842323651453,
        "rock": 0.78125,
        "street": 0.8664495114006514
      },
      "precision": {
        "conservative": 0.6830985915492958,
        "dressy": 0.9424460431654677,
        "ethnic": 0.7923076923076923,
        "fairy": 0.9090909090909091,
        "feminine": 0.6503496503496503,
        "gal": 0.8636363636363636,
        "girlish": 0.7076923076923077,
        "kireime-casual": 0.6842105263157895,
        "lolita": 0.95,
        "mode": 0.8439716312056738,
        "natural": 0.7792207792207793,
        "retro": 0.808695652173913,
        "rock": 0.7407407407407407,
        "street": 0.8636363636363636
      },
      "recall": {
        "conservative": 0.697841726618705,
        "dressy": 0.9703703703703703,
        "ethnic": 0.7984496124031008,
        "fairy": 0.9722222222222222,
        "feminine": 0.7622950819672131,
        "gal": 0.7972027972027972,
        "girlish": 0.5542168674698795,
        "kireime-casual": 0.6582278481012658,
        "lolita": 0.95,
        "mode": 0.7579617834394905,
        "natural": 0.9375,
        "retro": 0.7380952380952381,
        "rock": 0.8264462809917356,
        "street": 0.869281045751634
      },
      "accuracy": {
        "conservative": 0.697841726618705,
        "dressy": 0.9703703703703703,
        "ethnic": 0.7984496124031008,
        "fairy": 0.9722222222222222,
        "feminine": 0.7622950819672131,
        "gal": 0.7972027972027972,
        "girlish": 0.5542168674698795,
        "kireime-casual": 0.6582278481012658,
        "lolita": 0.95,
        "mode": 0.7579617834394905,
        "natural": 0.9375,
        "retro": 0.7380952380952381,
        "rock": 0.8264462809917356,
        "street": 0.869281045751634
      }
    }
  },
  "overfitting_analysis": {
    "overfitting_detected": false,
    "best_val_loss": 0.5562033047599177,
    "val_loss_after_best": 0.5637935779748424,
    "increase_percentage": 1.3646580575785991,
    "train_val_gap": 0.16377610167444168
  },
  "training_curves": {
    "train_losses": [
      2.577437544364005,
      2.2560927756517404,
      1.7825475543428044,
      1.475999742230742,
      1.2934521506814396,
      1.1719180696150835,
      1.0748107000205755,
      0.9969572602258834,
      0.9526834696221929,
      0.9143690391601575,
      0.8667181573524607,
      0.8349526897846209,
      0.8210503281606523,
      0.7896605859990763,
      0.7797634517032795,
      0.755704164092516,
      0.7323377322160661,
      0.7199794064343594,
      0.7193982468138104,
      0.6920519024649293
    ],
    "val_losses": [
      2.449433434394098,
      1.909008547183006,
      1.426881730556488,
      1.1584629214579059,
      1.0004957818215894,
      0.8930714188083526,
      0.8184451355088141,
      0.7621620148420334,
      0.7239452360137817,
      0.6949222847338645,
      0.6666605126473212,
      0.644176326451763,
      0.6284172602238194,
      0.6128819440641711,
      0.6002452719596124,
      0.5885742768164604,
      0.5796902222979453,
      0.5693002843087719,
      0.5637935779748424,
      0.5562033047599177
    ],
    "train_accs": [
      15.767814598223955,
      37.286116525882605,
      47.56335282651072,
      54.26683993935456,
      58.41455490578298,
      61.609270088802255,
      64.47909898202296,
      66.99155295646524,
      67.97704136885423,
      69.39571150097466,
      71.4100064977258,
      71.78904050249079,
      72.63374485596708,
      73.40264240849037,
      73.94411955815464,
      74.59389213775178,
      75.73099415204679,
      75.29781243231535,
      75.92592592592592,
      76.66233484946935
    ],