{
  "experiment_id": "seed_328",
  "seed_value": 328,
  "seed_index": 23,
  "timestamp": "2025-11-18T13:27:22.542521",
  "model_type": "image_only",
  "configuration": {
    "learning_rate": 5e-05,
    "batch_size": 32,
    "early_stopping_patience": 5,
    "dropout": 0.5,
    "weight_decay": 0.0001,
    "max_epochs": 20,
    "model_init_seed": 42,
    "data_split_seed": 328,
    "dataset_size": "100% (full dataset)"
  },
  "training_info": {
    "total_epochs": 20,
    "best_epoch": 20,
    "early_stopped": false,
    "total_time_minutes": 3.2069844404856362
  },
  "validation_metrics": {
    "best_val_macro_f1": 0.816748576878939,
    "best_val_accuracy": 81.70793329964629,
    "best_val_macro_precision": 0.8165510626559679,
    "best_val_macro_recall": 0.8216285703310574,
    "best_val_loss": 0.5555678173418968,
    "final_val_macro_f1": 0.816748576878939,
    "final_val_accuracy": 81.70793329964629,
    "final_val_loss": 0.5555678173418968,
    "per_class_metrics": {
      "f1": {
        "conservative": 0.6898954703832754,
        "dressy": 0.962962962962963,
        "ethnic": 0.8793774319066148,
        "fairy": 0.9283276450511946,
        "feminine": 0.7348484848484849,
        "gal": 0.8581314878892733,
        "girlish": 0.6263345195729538,
        "kireime-casual": 0.6601941747572815,
        "lolita": 0.9225806451612902,
        "mode": 0.8461538461538461,
        "natural": 0.7956989247311828,
        "retro": 0.774703557312253,
        "rock": 0.8467741935483871,
        "street": 0.9084967320261438
      },
      "precision": {
        "conservative": 0.668918918918919,
        "dressy": 0.9558823529411765,
        "ethnic": 0.8828125,
        "fairy": 0.9066666666666666,
        "feminine": 0.6879432624113475,
        "gal": 0.8493150684931506,
        "girlish": 0.7652173913043478,
        "kireime-casual": 0.6754966887417219,
        "lolita": 0.9285714285714286,
        "mode": 0.8627450980392157,
        "natural": 0.7350993377483444,
        "retro": 0.7777777777777778,
        "rock": 0.8267716535433071,
        "street": 0.9084967320261438
      },
      "recall": {
        "conservative": 0.7122302158273381,
        "dressy": 0.9701492537313433,
        "ethnic": 0.875968992248062,
        "fairy": 0.951048951048951,
        "feminine": 0.7886178861788617,
        "gal": 0.8671328671328671,
        "girlish": 0.5301204819277109,
        "kireime-casual": 0.6455696202531646,
        "lolita": 0.9166666666666666,
        "mode": 0.8301886792452831,
        "natural": 0.8671875,
        "retro": 0.7716535433070866,
        "rock": 0.8677685950413223,
        "street": 0.9084967320261438
      },
      "accuracy": {
        "conservative": 0.7122302158273381,
        "dressy": 0.9701492537313433,
        "ethnic": 0.875968992248062,
        "fairy": 0.951048951048951,
        "feminine": 0.7886178861788617,
        "gal": 0.8671328671328671,
        "girlish": 0.5301204819277109,
        "kireime-casual": 0.6455696202531646,
        "lolita": 0.9166666666666666,
        "mode": 0.8301886792452831,
        "natural": 0.8671875,
        "retro": 0.7716535433070866,
        "rock": 0.8677685950413223,
        "street": 0.9084967320261438
      }
    }
  },
  "test_metrics": {
    "test_macro_f1": 0.8213253327347981,
    "test_accuracy": 82.21323900960081,
    "test_macro_precision": 0.821785934619519,
    "test_macro_recall": 0.8264760169715775,
    "test_loss": 0.5281116582693592,
    "per_class_metrics": {
      "f1": {
        "conservative": 0.743682310469314,
        "dressy": 0.9635036496350364,
        "ethnic": 0.8897338403041826,
        "fairy": 0.9423728813559322,
        "feminine": 0.6996197718631179,
        "gal": 0.8601398601398601,
        "girlish": 0.6360424028268551,
        "kireime-casual": 0.7125,
        "lolita": 0.9483870967741936,
        "mode": 0.7892976588628762,
        "natural": 0.804270462633452,
        "retro": 0.7983870967741935,
        "rock": 0.8015267175572518,
        "street": 0.9090909090909091
      },
      "precision": {
        "conservative": 0.7463768115942029,
        "dressy": 0.9496402877697842,
        "ethnic": 0.8731343283582089,
        "fairy": 0.9205298013245033,
        "feminine": 0.6524822695035462,
        "gal": 0.8601398601398601,
        "girlish": 0.7692307692307693,
        "kireime-casual": 0.7037037037037037,
        "lolita": 0.9735099337748344,
        "mode": 0.8368794326241135,
        "natural": 0.738562091503268,
        "retro": 0.8114754098360656,
        "rock": 0.7446808510638298,
        "street": 0.9246575342465754
      },
      "recall": {
        "conservative": 0.7410071942446043,
        "dressy": 0.9777777777777777,
        "ethnic": 0.9069767441860465,
        "fairy": 0.9652777777777778,
        "feminine": 0.7540983606557377,
        "gal": 0.8601398601398601,
        "girlish": 0.5421686746987951,
        "kireime-casual": 0.7215189873417721,
        "lolita": 0.9245283018867925,
        "mode": 0.7468354430379747,
        "natural": 0.8828125,
        "retro": 0.7857142857142857,
        "rock": 0.8677685950413223,
        "street": 0.8940397350993378
      },
      "accuracy": {
        "conservative": 0.7410071942446043,
        "dressy": 0.9777777777777777,
        "ethnic": 0.9069767441860465,
        "fairy": 0.9652777777777778,
        "feminine": 0.7540983606557377,
        "gal": 0.8601398601398601,
        "girlish": 0.5421686746987951,
        "kireime-casual": 0.7215189873417721,
        "lolita": 0.9245283018867925,
        "mode": 0.7468354430379747,
        "natural": 0.8828125,
        "retro": 0.7857142857142857,
        "rock": 0.8677685950413223,
        "street": 0.8940397350993378
      }
    }
  },
  "overfitting_analysis": {
    "overfitting_detected": false,
    "best_val_loss": 0.5555678173418968,
    "val_loss_after_best": 0.5555678173418968,
    "increase_percentage": 0.0,
    "train_val_gap": 0.1564478693243675
  },
  "training_curves": {
    "train_losses": [
      2.580951454730182,
      2.2660626069897187,
      1.7886466390121354,
      1.47915820349459,
      1.2927939112211182,
      1.161736310559573,
      1.0785657039563137,
      1.0208657445792095,
      0.9729417409863852,
      0.9205601213300104,
      0.8760600933566638,
      0.8579558477475981,
      0.8183106500590961,
      0.80555879945986,
      0.7805391456222864,
      0.7668691742585192,
      0.7580985656865328,
      0.7349619123968698,
      0.7275057075139149,
      0.7120156866662642
    ],
    "val_losses": [
      2.4555818996121808,
      1.9132758513573678,
      1.4309777482863395,
      1.1674674239850813,
      1.0053327794997924,
      0.8993337039024599,
      0.8310555440764273,
      0.7774520641373049,
      0.738278143828915,
      0.7012288253153524,
      0.6733593556188768,
      0.6531667459395624,
      0.6310141485544943,
      0.6164533894869589,
      0.6022288203239441,
      0.5925626682658349,
      0.5811780210464231,
      0.5717301070690155,
      0.5649323506701377,
      0.5555678173418968
    ],
    "train_accs": [
      15.83676120372375,
      36.1766616150682,
      47.488633903442306,
      53.43147867503789,
      58.14029010608357,
      61.56094392725698,
      64.42953020134229,
      66.22645594284477,
      67.28729162156311,
      69.18164104784586,
      70.69712058887205,
      70.91361766616151,
      72.41827235332323,
      72.88374106949556,
      74.07447499458758,
      74.19354838709677,
      74.09612470231652,
      75.07036155011907,
      75.20025979649274,
      75.43840658151115
    ],