{
  "experiment_id": "seed_16",
  "seed_value": 16,
  "seed_index": 3,
  "timestamp": "2025-11-18T12:22:18.804542",
  "model_type": "image_only",
  "configuration": {
    "learning_rate": 5e-05,
    "batch_size": 32,
    "early_stopping_patience": 5,
    "dropout": 0.5,
    "weight_decay": 0.0001,
    "max_epochs": 20,
    "model_init_seed": 42,
    "data_split_seed": 16,
    "dataset_size": "100% (full dataset)"
  },
  "training_info": {
    "total_epochs": 20,
    "best_epoch": 20,
    "early_stopped": false,
    "total_time_minutes": 3.149910525480906
  },
  "validation_metrics": {
    "best_val_macro_f1": 0.811421861607494,
    "best_val_accuracy": 81.2246963562753,
    "best_val_macro_precision": 0.8126942057493178,
    "best_val_macro_recall": 0.8150019676048946,
    "best_val_loss": 0.578831400121412,
    "final_val_macro_f1": 0.811421861607494,
    "final_val_accuracy": 81.2246963562753,
    "final_val_loss": 0.578831400121412,
    "per_class_metrics": {
      "f1": {
        "conservative": 0.7090301003344482,
        "dressy": 0.9420289855072463,
        "ethnic": 0.8235294117647058,
        "fairy": 0.903654485049834,
        "feminine": 0.7557251908396947,
        "gal": 0.8239436619718311,
        "girlish": 0.6689419795221844,
        "kireime-casual": 0.6993464052287582,
        "lolita": 0.9182389937106918,
        "mode": 0.819672131147541,
        "natural": 0.8014440433212997,
        "retro": 0.7792207792207793,
        "rock": 0.8114754098360656,
        "street": 0.9036544850498338
      },
      "precision": {
        "conservative": 0.6625,
        "dressy": 0.9154929577464789,
        "ethnic": 0.8333333333333334,
        "fairy": 0.8607594936708861,
        "feminine": 0.7122302158273381,
        "gal": 0.8297872340425532,
        "girlish": 0.7716535433070866,
        "kireime-casual": 0.722972972972973,
        "lolita": 0.9125,
        "mode": 0.8445945945945946,
        "natural": 0.75,
        "retro": 0.8571428571428571,
        "rock": 0.792,
        "street": 0.912751677852349
      },
      "recall": {
        "conservative": 0.762589928057554,
        "dressy": 0.9701492537313433,
        "ethnic": 0.813953488372093,
        "fairy": 0.951048951048951,
        "feminine": 0.8048780487804879,
        "gal": 0.8181818181818182,
        "girlish": 0.5903614457831325,
        "kireime-casual": 0.6772151898734177,
        "lolita": 0.9240506329113924,
        "mode": 0.7961783439490446,
        "natural": 0.8604651162790697,
        "retro": 0.7142857142857143,
        "rock": 0.8319327731092437,
        "street": 0.8947368421052632
      },
      "accuracy": {
        "conservative": 0.762589928057554,
        "dressy": 0.9701492537313433,
        "ethnic": 0.813953488372093,
        "fairy": 0.951048951048951,
        "feminine": 0.8048780487804879,
        "gal": 0.8181818181818182,
        "girlish": 0.5903614457831325,
        "kireime-casual": 0.6772151898734177,
        "lolita": 0.9240506329113924,
        "mode": 0.7961783439490446,
        "natural": 0.8604651162790697,
        "retro": 0.7142857142857143,
        "rock": 0.8319327731092437,
        "street": 0.8947368421052632
      }
    }
  },
  "test_metrics": {
    "test_macro_f1": 0.8058743834665055,
    "test_accuracy": 80.72653884964681,
    "test_macro_precision": 0.80614327152408,
    "test_macro_recall": 0.8117797977770608,
    "test_loss": 0.5510627810032137,
    "per_class_metrics": {
      "f1": {
        "conservative": 0.7474048442906575,
        "dressy": 0.9527272727272726,
        "ethnic": 0.8326848249027237,
        "fairy": 0.9403508771929825,
        "feminine": 0.7116104868913858,
        "gal": 0.8206896551724138,
        "girlish": 0.5830258302583026,
        "kireime-casual": 0.6815286624203822,
        "lolita": 0.9570552147239264,
        "mode": 0.7741935483870966,
        "natural": 0.8339483394833949,
        "retro": 0.8,
        "rock": 0.78125,
        "street": 0.8657718120805369
      },
      "precision": {
        "conservative": 0.72,
        "dressy": 0.9357142857142857,
        "ethnic": 0.8359375,
        "fairy": 0.950354609929078,
        "feminine": 0.6551724137931034,
        "gal": 0.8095238095238095,
        "girlish": 0.7523809523809524,
        "kireime-casual": 0.6858974358974359,
        "lolita": 0.9397590361445783,
        "mode": 0.7843137254901961,
        "natural": 0.795774647887324,
        "retro": 0.796875,
        "rock": 0.7407407407407407,
        "street": 0.8835616438356164
      },
      "recall": {
        "conservative": 0.7769784172661871,
        "dressy": 0.9703703703703703,
        "ethnic": 0.8294573643410853,
        "fairy": 0.9305555555555556,
        "feminine": 0.7786885245901639,
        "gal": 0.8321678321678322,
        "girlish": 0.4759036144578313,
        "kireime-casual": 0.6772151898734177,
        "lolita": 0.975,
        "mode": 0.7643312101910829,
        "natural": 0.875968992248062,
        "retro": 0.8031496062992126,
        "rock": 0.8264462809917356,
        "street": 0.8486842105263158
      },
      "accuracy": {
        "conservative": 0.7769784172661871,
        "dressy": 0.9703703703703703,
        "ethnic": 0.8294573643410853,
        "fairy": 0.9305555555555556,
        "feminine": 0.7786885245901639,
        "gal": 0.8321678321678322,
        "girlish": 0.4759036144578313,
        "kireime-casual": 0.6772151898734177,
        "lolita": 0.975,
        "mode": 0.7643312101910829,
        "natural": 0.875968992248062,
        "retro": 0.8031496062992126,
        "rock": 0.8264462809917356,
        "street": 0.8486842105263158
      }
    }
  },
  "overfitting_analysis": {
    "overfitting_detected": false,
    "best_val_loss": 0.578831400121412,
    "val_loss_after_best": 0.578831400121412,
    "increase_percentage": 0.0,
    "train_val_gap": 0.12015715694670992
  },
  "training_curves": {
    "train_losses": [
      2.5770569920127366,
      2.2685373406921703,
      1.8041961209584272,
      1.4698892130571253,
      1.2841102782005258,
      1.154695116112389,
      1.069058062914746,
      0.9960824197551371,
      0.9440524588406705,
      0.9016365957507625,
      0.8659745632158431,
      0.833470601420914,
      0.8177815304495472,
      0.7861033491403586,
      0.7710306948650254,
      0.752899443917621,
      0.7329245580933911,
      0.7279071375779215,
      0.7125798674190745,
      0.6989885570681219
    ],
    "val_losses": [
      2.4513806604569957,
      1.9288186123294215,
      1.4538953246608857,
      1.175429795057543,
      1.0190741410178523,
      0.9110354300468199,
      0.8394385980021569,
      0.7836756744692402,
      0.7467235009516439,
      0.7131885972715193,
      0.6895131343795408,
      0.6659855347487235,
      0.6503057018403084,
      0.6343659489385544,
      0.6221435613209202,
      0.6101978623097942,
      0.6012928956939328,
      0.5928747985632189,
      0.5864685129734778,
      0.578831400121412
    ],
    "train_accs": [
      16.06408313487768,
      36.966875947174714,
      47.272136826152845,
      53.73457458324312,
      58.71400736090063,
      62.37280796709244,
      64.8625243559212,
      67.13574366746049,
      68.90019484736956,
      69.89608140290106,
      71.27083784368911,
      72.3100238146785,
      72.51569603810348,
      73.76055423251786,
      73.66313054773761,
      74.61571768781121,
      74.99458757306776,
      75.26520891967958,
      76.12037237497294,
      76.13119722883741
    ],