{
  "experiment_id": "seed_457",
  "seed_value": 457,
  "seed_index": 30,
  "timestamp": "2025-11-18T13:50:13.143847",
  "model_type": "image_only",
  "configuration": {
    "learning_rate": 5e-05,
    "batch_size": 32,
    "early_stopping_patience": 5,
    "dropout": 0.5,
    "weight_decay": 0.0001,
    "max_epochs": 20,
    "model_init_seed": 42,
    "data_split_seed": 457,
    "dataset_size": "100% (full dataset)"
  },
  "training_info": {
    "total_epochs": 20,
    "best_epoch": 19,
    "early_stopped": false,
    "total_time_minutes": 3.181049581368764
  },
  "validation_metrics": {
    "best_val_macro_f1": 0.8278673146953587,
    "best_val_accuracy": 82.84412955465586,
    "best_val_macro_precision": 0.8290576456894149,
    "best_val_macro_recall": 0.8316778340148671,
    "best_val_loss": 0.5477960777859534,
    "final_val_macro_f1": 0.8208820408079806,
    "final_val_accuracy": 82.18623481781377,
    "final_val_loss": 0.5477960777859534,
    "per_class_metrics": {
      "f1": {
        "conservative": 0.7372262773722628,
        "dressy": 0.966542750929368,
        "ethnic": 0.8464419475655431,
        "fairy": 0.9448275862068966,
        "feminine": 0.7238805970149254,
        "gal": 0.8668941979522184,
        "girlish": 0.6620689655172414,
        "kireime-casual": 0.7341772151898734,
        "lolita": 0.9235668789808916,
        "mode": 0.8157894736842105,
        "natural": 0.8214285714285714,
        "retro": 0.817391304347826,
        "rock": 0.8273092369477912,
        "street": 0.9025974025974025
      },
      "precision": {
        "conservative": 0.7481481481481481,
        "dressy": 0.9629629629629629,
        "ethnic": 0.8188405797101449,
        "fairy": 0.9319727891156463,
        "feminine": 0.6689655172413793,
        "gal": 0.8466666666666667,
        "girlish": 0.7741935483870968,
        "kireime-casual": 0.7341772151898734,
        "lolita": 0.9119496855345912,
        "mode": 0.8493150684931506,
        "natural": 0.756578947368421,
        "retro": 0.8952380952380953,
        "rock": 0.8110236220472441,
        "street": 0.896774193548387
      },
      "recall": {
        "conservative": 0.7266187050359713,
        "dressy": 0.9701492537313433,
        "ethnic": 0.875968992248062,
        "fairy": 0.958041958041958,
        "feminine": 0.7886178861788617,
        "gal": 0.8881118881118881,
        "girlish": 0.5783132530120482,
        "kireime-casual": 0.7341772151898734,
        "lolita": 0.9354838709677419,
        "mode": 0.7848101265822784,
        "natural": 0.8984375,
        "retro": 0.752,
        "rock": 0.8442622950819673,
        "street": 0.9084967320261438
      },
      "accuracy": {
        "conservative": 0.7266187050359713,
        "dressy": 0.9701492537313433,
        "ethnic": 0.875968992248062,
        "fairy": 0.958041958041958,
        "feminine": 0.7886178861788617,
        "gal": 0.8881118881118881,
        "girlish": 0.5783132530120482,
        "kireime-casual": 0.7341772151898734,
        "lolita": 0.9354838709677419,
        "mode": 0.7848101265822784,
        "natural": 0.8984375,
        "retro": 0.752,
        "rock": 0.8442622950819673,
        "street": 0.9084967320261438
      }
    }
  },
  "test_metrics": {
    "test_macro_f1": 0.811799146325617,
    "test_accuracy": 81.32256436143362,
    "test_macro_precision": 0.8125229609676311,
    "test_macro_recall": 0.8174794421962643,
    "test_loss": 0.5634683091794291,
    "per_class_metrics": {
      "f1": {
        "conservative": 0.7311827956989246,
        "dressy": 0.951310861423221,
        "ethnic": 0.8421052631578947,
        "fairy": 0.9261744966442952,
        "feminine": 0.7636363636363637,
        "gal": 0.8111888111888111,
        "girlish": 0.6338028169014085,
        "kireime-casual": 0.710801393728223,
        "lolita": 0.9375,
        "mode": 0.7749999999999999,
        "natural": 0.8014440433212997,
        "retro": 0.7935222672064778,
        "rock": 0.8049792531120331,
        "street": 0.8825396825396825
      },
      "precision": {
        "conservative": 0.7285714285714285,
        "dressy": 0.9621212121212122,
        "ethnic": 0.8175182481751825,
        "fairy": 0.8961038961038961,
        "feminine": 0.6862745098039216,
        "gal": 0.8111888111888111,
        "girlish": 0.7627118644067796,
        "kireime-casual": 0.7906976744186046,
        "lolita": 0.9316770186335404,
        "mode": 0.7654320987654321,
        "natural": 0.74,
        "retro": 0.8166666666666667,
        "rock": 0.8083333333333333,
        "street": 0.8580246913580247
      },
      "recall": {
        "conservative": 0.7338129496402878,
        "dressy": 0.9407407407407408,
        "ethnic": 0.8682170542635659,
        "fairy": 0.9583333333333334,
        "feminine": 0.860655737704918,
        "gal": 0.8111888111888111,
        "girlish": 0.5421686746987951,
        "kireime-casual": 0.6455696202531646,
        "lolita": 0.9433962264150944,
        "mode": 0.7848101265822784,
        "natural": 0.8740157480314961,
        "retro": 0.7716535433070866,
        "rock": 0.8016528925619835,
        "street": 0.9084967320261438
      },
      "accuracy": {
        "conservative": 0.7338129496402878,
        "dressy": 0.9407407407407408,
        "ethnic": 0.8682170542635659,
        "fairy": 0.9583333333333334,
        "feminine": 0.860655737704918,
        "gal": 0.8111888111888111,
        "girlish": 0.5421686746987951,
        "kireime-casual": 0.6455696202531646,
        "lolita": 0.9433962264150944,
        "mode": 0.7848101265822784,
        "natural": 0.8740157480314961,
        "retro": 0.7716535433070866,
        "rock": 0.8016528925619835,
        "street": 0.9084967320261438
      }
    }
  },
  "overfitting_analysis": {
    "overfitting_detected": false,
    "best_val_loss": 0.5477960777859534,
    "val_loss_after_best": 0.5477960777859534,
    "increase_percentage": 0.0,
    "train_val_gap": 0.1677776971160999
  },
  "training_curves": {
    "train_losses": [
      2.5790688587307518,
      2.265230254318475,
      1.7970538923072155,
      1.4819390175664302,
      1.281687490461607,
      1.1653681220067826,
      1.0815136139780592,
      1.000710649473857,
      0.9562261472730076,
      0.9040049232001123,
      0.8759693538441378,
      0.8442462699223555,
      0.8230128251145042,
      0.7944667023770949,
      0.7763367992371424,
      0.7516500441467061,
      0.7466681209815003,
      0.7336170286662026,
      0.7155737749020533,
      0.7065406976892874
    ],
    "val_losses": [
      2.4521956136149745,
      1.916718606025942,
      1.4323551789406808,
      1.1598855583898482,
      0.9924247562885284,
      0.8884190474787066,
      0.8140570598263894,
      0.75790723966014,
      0.7212878475266118,
      0.686195173090504,
      0.6613388186500918,
      0.6390750384138476,
      0.6207751530793405,
      0.6052324747846972,
      0.5919747934226067,
      0.5776010799792505,
      0.5727403639785705,
      0.5620698246263689,
      0.5530506670475006,
      0.5477960777859534
    ],
    "train_accs": [
      16.181404913951727,
      36.43251434137894,
      47.4293754735361,
      54.14005844788397,
      58.33964714795974,
      61.73828336400043,
      64.42255655373958,
      66.73882454811127,
      67.91860590973049,
      70.2132265396688,
      71.04665007035393,
      71.43630263015478,
      72.23725511418985,
      73.1680917848252,
      73.95822058664358,
      74.80246779954541,
      74.39116787531118,
      75.3544755925966,
      75.15964931269617,
      76.17707544106506
    ],