{
  "experiment_id": "seed_102",
  "seed_value": 102,
  "seed_index": 10,
  "timestamp": "2025-11-18T12:45:07.006854",
  "model_type": "image_only",
  "configuration": {
    "learning_rate": 5e-05,
    "batch_size": 32,
    "early_stopping_patience": 5,
    "dropout": 0.5,
    "weight_decay": 0.0001,
    "max_epochs": 20,
    "model_init_seed": 42,
    "data_split_seed": 102,
    "dataset_size": "100% (full dataset)"
  },
  "training_info": {
    "total_epochs": 20,
    "best_epoch": 19,
    "early_stopped": false,
    "total_time_minutes": 3.160397505760193
  },
  "validation_metrics": {
    "best_val_macro_f1": 0.8212006404357668,
    "best_val_accuracy": 82.22222222222223,
    "best_val_macro_precision": 0.8224977999793358,
    "best_val_macro_recall": 0.8266186759387397,
    "best_val_loss": 0.5359292458142003,
    "final_val_macro_f1": 0.8199711830222606,
    "final_val_accuracy": 82.12121212121212,
    "final_val_loss": 0.5359292458142003,
    "per_class_metrics": {
      "f1": {
        "conservative": 0.7394366197183098,
        "dressy": 0.9402985074626865,
        "ethnic": 0.8437500000000001,
        "fairy": 0.9220338983050849,
        "feminine": 0.7509025270758124,
        "gal": 0.8621908127208481,
        "girlish": 0.6545454545454545,
        "kireime-casual": 0.7133333333333333,
        "lolita": 0.9396825396825397,
        "mode": 0.7950310559006211,
        "natural": 0.8467153284671532,
        "retro": 0.8,
        "rock": 0.8,
        "street": 0.8888888888888888
      },
      "precision": {
        "conservative": 0.7241379310344828,
        "dressy": 0.9402985074626866,
        "ethnic": 0.8503937007874016,
        "fairy": 0.8947368421052632,
        "feminine": 0.6753246753246753,
        "gal": 0.8714285714285714,
        "girlish": 0.8256880733944955,
        "kireime-casual": 0.7535211267605634,
        "lolita": 0.9426751592356688,
        "mode": 0.7804878048780488,
        "natural": 0.7945205479452054,
        "retro": 0.7761194029850746,
        "rock": 0.7967479674796748,
        "street": 0.8888888888888888
      },
      "recall": {
        "conservative": 0.7553956834532374,
        "dressy": 0.9402985074626866,
        "ethnic": 0.8372093023255814,
        "fairy": 0.951048951048951,
        "feminine": 0.8455284552845529,
        "gal": 0.8531468531468531,
        "girlish": 0.5421686746987951,
        "kireime-casual": 0.6772151898734177,
        "lolita": 0.9367088607594937,
        "mode": 0.810126582278481,
        "natural": 0.90625,
        "retro": 0.8253968253968254,
        "rock": 0.8032786885245902,
        "street": 0.8888888888888888
      },
      "accuracy": {
        "conservative": 0.7553956834532374,
        "dressy": 0.9402985074626866,
        "ethnic": 0.8372093023255814,
        "fairy": 0.951048951048951,
        "feminine": 0.8455284552845529,
        "gal": 0.8531468531468531,
        "girlish": 0.5421686746987951,
        "kireime-casual": 0.6772151898734177,
        "lolita": 0.9367088607594937,
        "mode": 0.810126582278481,
        "natural": 0.90625,
        "retro": 0.8253968253968254,
        "rock": 0.8032786885245902,
        "street": 0.8888888888888888
      }
    }
  },
  "test_metrics": {
    "test_macro_f1": 0.8192715687702904,
    "test_accuracy": 81.89611699445285,
    "test_macro_precision": 0.8188135533875467,
    "test_macro_recall": 0.8221344396470952,
    "test_loss": 0.5503411148824999,
    "per_class_metrics": {
      "f1": {
        "conservative": 0.7132867132867132,
        "dressy": 0.9632352941176471,
        "ethnic": 0.8692307692307693,
        "fairy": 0.9355932203389832,
        "feminine": 0.744360902255639,
        "gal": 0.8489208633093527,
        "girlish": 0.6488294314381271,
        "kireime-casual": 0.6666666666666666,
        "lolita": 0.9559748427672956,
        "mode": 0.8087774294670845,
        "natural": 0.813953488372093,
        "retro": 0.8225806451612903,
        "rock": 0.7968127490039841,
        "street": 0.881578947368421
      },
      "precision": {
        "conservative": 0.6938775510204082,
        "dressy": 0.9562043795620438,
        "ethnic": 0.8625954198473282,
        "fairy": 0.9139072847682119,
        "feminine": 0.6875,
        "gal": 0.8740740740740741,
        "girlish": 0.7293233082706767,
        "kireime-casual": 0.6753246753246753,
        "lolita": 0.9620253164556962,
        "mode": 0.8012422360248447,
        "natural": 0.8076923076923077,
        "retro": 0.8429752066115702,
        "rock": 0.7692307692307693,
        "street": 0.8874172185430463
      },
      "recall": {
        "conservative": 0.7338129496402878,
        "dressy": 0.9703703703703703,
        "ethnic": 0.875968992248062,
        "fairy": 0.9583333333333334,
        "feminine": 0.8114754098360656,
        "gal": 0.8251748251748252,
        "girlish": 0.5843373493975904,
        "kireime-casual": 0.6582278481012658,
        "lolita": 0.95,
        "mode": 0.8164556962025317,
        "natural": 0.8203125,
        "retro": 0.8031496062992126,
        "rock": 0.8264462809917356,
        "street": 0.8758169934640523
      },
      "accuracy": {
        "conservative": 0.7338129496402878,
        "dressy": 0.9703703703703703,
        "ethnic": 0.875968992248062,
        "fairy": 0.9583333333333334,
        "feminine": 0.8114754098360656,
        "gal": 0.8251748251748252,
        "girlish": 0.5843373493975904,
        "kireime-casual": 0.6582278481012658,
        "lolita": 0.95,
        "mode": 0.8164556962025317,
        "natural": 0.8203125,
        "retro": 0.8031496062992126,
        "rock": 0.8264462809917356,
        "street": 0.8758169934640523
      }
    }
  },
  "overfitting_analysis": {
    "overfitting_detected": false,
    "best_val_loss": 0.5359292458142003,
    "val_loss_after_best": 0.5359292458142003,
    "increase_percentage": 0.0,
    "train_val_gap": 0.17721631608879296
  },
  "training_curves": {
    "train_losses": [
      2.579003986602836,
      2.2621654705192804,
      1.7869665358718292,
      1.470379295233624,
      1.2834257044181692,
      1.1726799491780027,
      1.0765276237755086,
      1.0127274790024674,
      0.9484598083892083,
      0.9195295866179218,
      0.8679077530402213,
      0.8324936856241787,
      0.8156727258515606,
      0.8014599330285016,
      0.782640856030078,
      0.7541220070581535,
      0.7541882071940544,
      0.7415800899989052,
      0.7131455619029933,
      0.7101619734483606
    ],
    "val_losses": [
      2.4522027930905743,
      1.9070439031047206,
      1.4149757412172133,
      1.141870763032667,
      0.9782617717019974,
      0.8758108731239073,
      0.800499951647174,
      0.7475471506195683,
      0.7054615275513741,
      0.6781912297010422,
      0.6476835517152664,
      0.6239910322812295,
      0.6082726322835491,
      0.5928165422331902,
      0.5826108143214257,
      0.5688837468624115,
      0.5614090951219681,
      0.55202950585273,
      0.5425434708595276,
      0.5359292458142003
    ],
    "train_accs": [
      15.93198310408318,
      37.8316906747536,
      48.54326871006174,
      54.09942597205675,
      59.168201018087295,
      61.18271417740713,
      64.81100400736489,
      66.15401278024477,
      68.68840030326004,
      69.5656882919961,
      71.0603270876205,
      72.12173724683201,
      72.53330445142424,
      72.82573378100292,
      73.86548250839381,
      74.82941622441243,
      74.54781761074408,
      74.94855409942598,
      75.67421206541752,
      76.22657857684393
    ],