{
  "experiment_id": "seed_53",
  "seed_value": 53,
  "seed_index": 7,
  "timestamp": "2025-11-18T12:35:20.335936",
  "model_type": "image_only",
  "configuration": {
    "learning_rate": 5e-05,
    "batch_size": 32,
    "early_stopping_patience": 5,
    "dropout": 0.5,
    "weight_decay": 0.0001,
    "max_epochs": 20,
    "model_init_seed": 42,
    "data_split_seed": 53,
    "dataset_size": "100% (full dataset)"
  },
  "training_info": {
    "total_epochs": 20,
    "best_epoch": 20,
    "early_stopped": false,
    "total_time_minutes": 3.216304397583008
  },
  "validation_metrics": {
    "best_val_macro_f1": 0.8073595908982902,
    "best_val_accuracy": 80.86824835941444,
    "best_val_macro_precision": 0.8074930957950894,
    "best_val_macro_recall": 0.8107231251987529,
    "best_val_loss": 0.5669838689988659,
    "final_val_macro_f1": 0.8073595908982902,
    "final_val_accuracy": 80.86824835941444,
    "final_val_loss": 0.5669838689988659,
    "per_class_metrics": {
      "f1": {
        "conservative": 0.6844106463878327,
        "dressy": 0.9696969696969696,
        "ethnic": 0.8461538461538461,
        "fairy": 0.9241379310344827,
        "feminine": 0.7045454545454545,
        "gal": 0.8344827586206898,
        "girlish": 0.6622073578595318,
        "kireime-casual": 0.7051282051282052,
        "lolita": 0.9444444444444444,
        "mode": 0.7973856209150328,
        "natural": 0.7832167832167831,
        "retro": 0.7692307692307694,
        "rock": 0.792,
        "street": 0.8859934853420195
      },
      "precision": {
        "conservative": 0.7258064516129032,
        "dressy": 0.9846153846153847,
        "ethnic": 0.8396946564885496,
        "fairy": 0.9115646258503401,
        "feminine": 0.6595744680851063,
        "gal": 0.8231292517006803,
        "girlish": 0.7443609022556391,
        "kireime-casual": 0.7142857142857143,
        "lolita": 0.9272727272727272,
        "mode": 0.8243243243243243,
        "natural": 0.7133757961783439,
        "retro": 0.7916666666666666,
        "rock": 0.7734375,
        "street": 0.8717948717948718
      },
      "recall": {
        "conservative": 0.6474820143884892,
        "dressy": 0.9552238805970149,
        "ethnic": 0.8527131782945736,
        "fairy": 0.9370629370629371,
        "feminine": 0.7560975609756098,
        "gal": 0.8461538461538461,
        "girlish": 0.5963855421686747,
        "kireime-casual": 0.6962025316455697,
        "lolita": 0.9622641509433962,
        "mode": 0.7721518987341772,
        "natural": 0.8682170542635659,
        "retro": 0.7480314960629921,
        "rock": 0.8114754098360656,
        "street": 0.9006622516556292
      },
      "accuracy": {
        "conservative": 0.6474820143884892,
        "dressy": 0.9552238805970149,
        "ethnic": 0.8527131782945736,
        "fairy": 0.9370629370629371,
        "feminine": 0.7560975609756098,
        "gal": 0.8461538461538461,
        "girlish": 0.5963855421686747,
        "kireime-casual": 0.6962025316455697,
        "lolita": 0.9622641509433962,
        "mode": 0.7721518987341772,
        "natural": 0.8682170542635659,
        "retro": 0.7480314960629921,
        "rock": 0.8114754098360656,
        "street": 0.9006622516556292
      }
    }
  },
  "test_metrics": {
    "test_macro_f1": 0.8181243402887286,
    "test_accuracy": 81.94233687405159,
    "test_macro_precision": 0.8200290071797206,
    "test_macro_recall": 0.8215683168167159,
    "test_loss": 0.5466208727129044,
    "per_class_metrics": {
      "f1": {
        "conservative": 0.708955223880597,
        "dressy": 0.9632352941176471,
        "ethnic": 0.8288973384030418,
        "fairy": 0.9403508771929825,
        "feminine": 0.7536231884057972,
        "gal": 0.8362369337979094,
        "girlish": 0.6643835616438356,
        "kireime-casual": 0.7142857142857143,
        "lolita": 0.9447852760736196,
        "mode": 0.8235294117647058,
        "natural": 0.8308823529411764,
        "retro": 0.8017241379310345,
        "rock": 0.7654320987654322,
        "street": 0.8774193548387097
      },
      "precision": {
        "conservative": 0.7364341085271318,
        "dressy": 0.9562043795620438,
        "ethnic": 0.8134328358208955,
        "fairy": 0.950354609929078,
        "feminine": 0.6753246753246753,
        "gal": 0.8333333333333334,
        "girlish": 0.7698412698412699,
        "kireime-casual": 0.7012195121951219,
        "lolita": 0.9221556886227545,
        "mode": 0.8456375838926175,
        "natural": 0.7793103448275862,
        "retro": 0.8857142857142857,
        "rock": 0.7560975609756098,
        "street": 0.8553459119496856
      },
      "recall": {
        "conservative": 0.6834532374100719,
        "dressy": 0.9703703703703703,
        "ethnic": 0.8449612403100775,
        "fairy": 0.9305555555555556,
        "feminine": 0.8524590163934426,
        "gal": 0.8391608391608392,
        "girlish": 0.5843373493975904,
        "kireime-casual": 0.7278481012658228,
        "lolita": 0.9685534591194969,
        "mode": 0.802547770700637,
        "natural": 0.889763779527559,
        "retro": 0.7322834645669292,
        "rock": 0.775,
        "street": 0.9006622516556292
      },
      "accuracy": {
        "conservative": 0.6834532374100719,
        "dressy": 0.9703703703703703,
        "ethnic": 0.8449612403100775,
        "fairy": 0.9305555555555556,
        "feminine": 0.8524590163934426,
        "gal": 0.8391608391608392,
        "girlish": 0.5843373493975904,
        "kireime-casual": 0.7278481012658228,
        "lolita": 0.9685534591194969,
        "mode": 0.802547770700637,
        "natural": 0.889763779527559,
        "retro": 0.7322834645669292,
        "rock": 0.775,
        "street": 0.9006622516556292
      }
    }
  },
  "overfitting_analysis": {
    "overfitting_detected": false,
    "best_val_loss": 0.5669838689988659,
    "val_loss_after_best": 0.5669838689988659,
    "increase_percentage": 0.0,
    "train_val_gap": 0.13083001911700054
  },
  "training_curves": {
    "train_losses": [
      2.5776232914116144,
      2.2608274081174065,
      1.8008572527281552,
      1.4831643562415893,
      1.288733942904687,
      1.1616835062066577,
      1.0670243821342098,
      1.0145757039525518,
      0.9505323990406049,
      0.9024641199301683,
      0.8633135795387017,
      0.8314758999124943,
      0.8074737809933593,
      0.7932779653880836,
      0.7727350762764887,
      0.7513001630256745,
      0.7465521531327786,
      0.7235515544571266,
      0.7031829841821664,
      0.6978138881158664
    ],
    "val_losses": [
      2.4475470512144026,
      1.9037740884288665,
      1.4199714506826093,
      1.146268876329545,
      0.9848814654734827,
      0.8841167592233227,
      0.814635492140247,
      0.762158255423269,
      0.7251358916682582,
      0.6929372058760735,
      0.6669782294381049,
      0.6474325233890165,
      0.6335783831534847,
      0.6210552381892358,
      0.6078407269331717,
      0.5972851875328249,
      0.5887049595194478,
      0.5812936329072521,
      0.5747356784920539,
      0.5669838689988659
    ],
    "train_accs": [
      16.594500974236848,
      36.977700801039184,
      47.34791080320416,
      54.01602078371942,
      59.1253518077506,
      61.99393808183589,
      65.17644511799091,
      66.83264775925525,
      68.31565273868803,
      70.04762935700369,
      70.87031825070362,
      71.70383199826803,
      72.60229486901927,
      72.88374106949556,
      74.26932236414808,
      74.55076856462438,
      74.81056505737172,
      75.62242909720719,
      76.1744966442953,
      76.15284693656636
    ],