{
  "experiment_id": "seed_280",
  "seed_value": 280,
  "seed_index": 19,
  "timestamp": "2025-11-18T13:14:20.007770",
  "model_type": "image_only",
  "configuration": {
    "learning_rate": 5e-05,
    "batch_size": 32,
    "early_stopping_patience": 5,
    "dropout": 0.5,
    "weight_decay": 0.0001,
    "max_epochs": 20,
    "model_init_seed": 42,
    "data_split_seed": 280,
    "dataset_size": "100% (full dataset)"
  },
  "training_info": {
    "total_epochs": 20,
    "best_epoch": 20,
    "early_stopped": false,
    "total_time_minutes": 3.1780481060345966
  },
  "validation_metrics": {
    "best_val_macro_f1": 0.8033592974984487,
    "best_val_accuracy": 80.34360788276908,
    "best_val_macro_precision": 0.8030277527693531,
    "best_val_macro_recall": 0.8060351301211378,
    "best_val_loss": 0.5698530808571847,
    "final_val_macro_f1": 0.8033592974984487,
    "final_val_accuracy": 80.34360788276908,
    "final_val_loss": 0.5698530808571847,
    "per_class_metrics": {
      "f1": {
        "conservative": 0.7021276595744681,
        "dressy": 0.9660377358490565,
        "ethnic": 0.8203125,
        "fairy": 0.9209621993127148,
        "feminine": 0.7218045112781954,
        "gal": 0.8156028368794326,
        "girlish": 0.627062706270627,
        "kireime-casual": 0.6819672131147542,
        "lolita": 0.930379746835443,
        "mode": 0.7950310559006211,
        "natural": 0.8058608058608059,
        "retro": 0.7868852459016393,
        "rock": 0.7804878048780488,
        "street": 0.8925081433224756
      },
      "precision": {
        "conservative": 0.6923076923076923,
        "dressy": 0.9770992366412213,
        "ethnic": 0.8267716535433071,
        "fairy": 0.9054054054054054,
        "feminine": 0.6713286713286714,
        "gal": 0.8273381294964028,
        "girlish": 0.6934306569343066,
        "kireime-casual": 0.7074829931972789,
        "lolita": 0.91875,
        "mode": 0.7852760736196319,
        "natural": 0.7586206896551724,
        "retro": 0.8205128205128205,
        "rock": 0.7741935483870968,
        "street": 0.8838709677419355
      },
      "recall": {
        "conservative": 0.7122302158273381,
        "dressy": 0.9552238805970149,
        "ethnic": 0.813953488372093,
        "fairy": 0.9370629370629371,
        "feminine": 0.7804878048780488,
        "gal": 0.8041958041958042,
        "girlish": 0.572289156626506,
        "kireime-casual": 0.6582278481012658,
        "lolita": 0.9423076923076923,
        "mode": 0.8050314465408805,
        "natural": 0.859375,
        "retro": 0.7559055118110236,
        "rock": 0.7868852459016393,
        "street": 0.9013157894736842
      },
      "accuracy": {
        "conservative": 0.7122302158273381,
        "dressy": 0.9552238805970149,
        "ethnic": 0.813953488372093,
        "fairy": 0.9370629370629371,
        "feminine": 0.7804878048780488,
        "gal": 0.8041958041958042,
        "girlish": 0.572289156626506,
        "kireime-casual": 0.6582278481012658,
        "lolita": 0.9423076923076923,
        "mode": 0.8050314465408805,
        "natural": 0.859375,
        "retro": 0.7559055118110236,
        "rock": 0.7868852459016393,
        "street": 0.9013157894736842
      }
    }
  },
  "test_metrics": {
    "test_macro_f1": 0.8167834905235851,
    "test_accuracy": 81.72640080767289,
    "test_macro_precision": 0.8159969387569193,
    "test_macro_recall": 0.8192434769403691,
    "test_loss": 0.5613498221482,
    "per_class_metrics": {
      "f1": {
        "conservative": 0.7338129496402878,
        "dressy": 0.9338235294117647,
        "ethnic": 0.8740157480314961,
        "fairy": 0.9047619047619048,
        "feminine": 0.7389558232931727,
        "gal": 0.8469750889679715,
        "girlish": 0.6666666666666666,
        "kireime-casual": 0.7009646302250804,
        "lolita": 0.9444444444444444,
        "mode": 0.7717041800643087,
        "natural": 0.8071428571428572,
        "retro": 0.8207171314741035,
        "rock": 0.7818930041152264,
        "street": 0.9090909090909091
      },
      "precision": {
        "conservative": 0.7338129496402878,
        "dressy": 0.927007299270073,
        "ethnic": 0.888,
        "fairy": 0.8866666666666667,
        "feminine": 0.7244094488188977,
        "gal": 0.8623188405797102,
        "girlish": 0.7285714285714285,
        "kireime-casual": 0.7124183006535948,
        "lolita": 0.9272727272727272,
        "mode": 0.7792207792207793,
        "natural": 0.7483443708609272,
        "retro": 0.824,
        "rock": 0.7786885245901639,
        "street": 0.9032258064516129
      },
      "recall": {
        "conservative": 0.7338129496402878,
        "dressy": 0.9407407407407408,
        "ethnic": 0.8604651162790697,
        "fairy": 0.9236111111111112,
        "feminine": 0.7540983606557377,
        "gal": 0.8321678321678322,
        "girlish": 0.6144578313253012,
        "kireime-casual": 0.689873417721519,
        "lolita": 0.9622641509433962,
        "mode": 0.7643312101910829,
        "natural": 0.875968992248062,
        "retro": 0.8174603174603174,
        "rock": 0.7851239669421488,
        "street": 0.9150326797385621
      },
      "accuracy": {
        "conservative": 0.7338129496402878,
        "dressy": 0.9407407407407408,
        "ethnic": 0.8604651162790697,
        "fairy": 0.9236111111111112,
        "feminine": 0.7540983606557377,
        "gal": 0.8321678321678322,
        "girlish": 0.6144578313253012,
        "kireime-casual": 0.689873417721519,
        "lolita": 0.9622641509433962,
        "mode": 0.7643312101910829,
        "natural": 0.875968992248062,
        "retro": 0.8174603174603174,
        "rock": 0.7851239669421488,
        "street": 0.9150326797385621
      }
    }
  },
  "overfitting_analysis": {
    "overfitting_detected": false,
    "best_val_loss": 0.5698530808571847,
    "val_loss_after_best": 0.5698530808571847,
    "increase_percentage": 0.0,
    "train_val_gap": 0.13221946260548278
  },
  "training_curves": {
    "train_losses": [
      2.5790781042567588,
      2.2648651855627144,
      1.787192645369929,
      1.472378362008857,
      1.2716170706138479,
      1.1505465092955989,
      1.063936867722178,
      0.9954771657303543,
      0.9341290271405943,
      0.9052450714639314,
      0.8691486031538888,
      0.8270639362632197,
      0.8047452949528876,
      0.7829039826937613,
      0.7672509392240056,
      0.7505532199948717,
      0.7390567033348612,
      0.7164050497398244,
      0.7054987519876355,
      0.7020725434626675
    ],
    "val_losses": [
      2.45405468633098,
      1.9092909520672214,
      1.4243763050725382,
      1.1536402644649628,
      0.9912533221706268,
      0.8901607423059402,
      0.8182553648948669,
      0.7697945294841644,
      0.7297561726262493,
      0.6977988866067701,
      0.6752647276847593,
      0.6522150587651038,
      0.6363925866542324,
      0.6218198158087269,
      0.6107269035231683,
      0.6006382968156568,
      0.5908333793763192,
      0.5827758216088818,
      0.5756466085872343,
      0.5698530808571847
    ],
    "train_accs": [
      15.991771329579905,
      36.9099177132958,
      47.72628843655262,
      54.01689042875704,
      59.80944131658727,
      62.47293200519705,
      65.03897791251624,
      67.16110870506712,
      68.92594196621914,
      69.91121697704634,
      70.86401039411001,
      72.4880900822867,
      72.92117799913382,
      73.09441316587267,
      74.56691208315289,
      74.68601126028584,
      75.46556951061065,
      75.88783022953659,
      75.74707665656128,
      76.12602858380251
    ],