{
  "experiment_id": "seed_288",
  "seed_value": 288,
  "seed_index": 20,
  "timestamp": "2025-11-18T13:17:34.482527",
  "model_type": "image_only",
  "configuration": {
    "learning_rate": 5e-05,
    "batch_size": 32,
    "early_stopping_patience": 5,
    "dropout": 0.5,
    "weight_decay": 0.0001,
    "max_epochs": 20,
    "model_init_seed": 42,
    "data_split_seed": 288,
    "dataset_size": "100% (full dataset)"
  },
  "training_info": {
    "total_epochs": 20,
    "best_epoch": 19,
    "early_stopped": false,
    "total_time_minutes": 3.170521370569865
  },
  "validation_metrics": {
    "best_val_macro_f1": 0.8139069924110203,
    "best_val_accuracy": 81.45528044466903,
    "best_val_macro_precision": 0.8168841808069135,
    "best_val_macro_recall": 0.8181854309099694,
    "best_val_loss": 0.5557663546454522,
    "final_val_macro_f1": 0.8119357346079583,
    "final_val_accuracy": 81.25315816068722,
    "final_val_loss": 0.5557663546454522,
    "per_class_metrics": {
      "f1": {
        "conservative": 0.7432432432432433,
        "dressy": 0.9481481481481482,
        "ethnic": 0.8275862068965518,
        "fairy": 0.9366197183098592,
        "feminine": 0.7163120567375887,
        "gal": 0.8417266187050358,
        "girlish": 0.643598615916955,
        "kireime-casual": 0.6941580756013745,
        "lolita": 0.9400630914826499,
        "mode": 0.8282208588957056,
        "natural": 0.8156028368794326,
        "retro": 0.7982832618025751,
        "rock": 0.7857142857142857,
        "street": 0.8754208754208754
      },
      "precision": {
        "conservative": 0.7006369426751592,
        "dressy": 0.9411764705882353,
        "ethnic": 0.8181818181818182,
        "fairy": 0.9432624113475178,
        "feminine": 0.6352201257861635,
        "gal": 0.8666666666666667,
        "girlish": 0.7560975609756098,
        "kireime-casual": 0.7593984962406015,
        "lolita": 0.9371069182389937,
        "mode": 0.8083832335329342,
        "natural": 0.7467532467532467,
        "retro": 0.8773584905660378,
        "rock": 0.7557251908396947,
        "street": 0.8904109589041096
      },
      "recall": {
        "conservative": 0.7913669064748201,
        "dressy": 0.9552238805970149,
        "ethnic": 0.8372093023255814,
        "fairy": 0.9300699300699301,
        "feminine": 0.8211382113821138,
        "gal": 0.8181818181818182,
        "girlish": 0.5602409638554217,
        "kireime-casual": 0.6392405063291139,
        "lolita": 0.9430379746835443,
        "mode": 0.8490566037735849,
        "natural": 0.8984375,
        "retro": 0.7322834645669292,
        "rock": 0.8181818181818182,
        "street": 0.8609271523178808
      },
      "accuracy": {
        "conservative": 0.7913669064748201,
        "dressy": 0.9552238805970149,
        "ethnic": 0.8372093023255814,
        "fairy": 0.9300699300699301,
        "feminine": 0.8211382113821138,
        "gal": 0.8181818181818182,
        "girlish": 0.5602409638554217,
        "kireime-casual": 0.6392405063291139,
        "lolita": 0.9430379746835443,
        "mode": 0.8490566037735849,
        "natural": 0.8984375,
        "retro": 0.7322834645669292,
        "rock": 0.8181818181818182,
        "street": 0.8609271523178808
      }
    }
  },
  "test_metrics": {
    "test_macro_f1": 0.8150729174544429,
    "test_accuracy": 81.4459049544995,
    "test_macro_precision": 0.8155210900029145,
    "test_macro_recall": 0.8195672639204913,
    "test_loss": 0.5629905308446577,
    "per_class_metrics": {
      "f1": {
        "conservative": 0.6976744186046512,
        "dressy": 0.9516728624535316,
        "ethnic": 0.8787878787878787,
        "fairy": 0.9315068493150684,
        "feminine": 0.7307692307692306,
        "gal": 0.8357142857142857,
        "girlish": 0.6621160409556314,
        "kireime-casual": 0.6778523489932886,
        "lolita": 0.9137380191693291,
        "mode": 0.7854785478547854,
        "natural": 0.8111888111888111,
        "retro": 0.7983870967741936,
        "rock": 0.8313725490196078,
        "street": 0.9047619047619047
      },
      "precision": {
        "conservative": 0.6481481481481481,
        "dressy": 0.9552238805970149,
        "ethnic": 0.8592592592592593,
        "fairy": 0.918918918918919,
        "feminine": 0.6884057971014492,
        "gal": 0.8540145985401459,
        "girlish": 0.7637795275590551,
        "kireime-casual": 0.7214285714285714,
        "lolita": 0.9225806451612903,
        "mode": 0.8206896551724138,
        "natural": 0.7388535031847133,
        "retro": 0.8048780487804879,
        "rock": 0.7910447761194029,
        "street": 0.9300699300699301
      },
      "recall": {
        "conservative": 0.7553956834532374,
        "dressy": 0.9481481481481482,
        "ethnic": 0.8992248062015504,
        "fairy": 0.9444444444444444,
        "feminine": 0.7786885245901639,
        "gal": 0.8181818181818182,
        "girlish": 0.5843373493975904,
        "kireime-casual": 0.6392405063291139,
        "lolita": 0.9050632911392406,
        "mode": 0.7531645569620253,
        "natural": 0.8992248062015504,
        "retro": 0.792,
        "rock": 0.8760330578512396,
        "street": 0.8807947019867549
      },
      "accuracy": {
        "conservative": 0.7553956834532374,
        "dressy": 0.9481481481481482,
        "ethnic": 0.8992248062015504,
        "fairy": 0.9444444444444444,
        "feminine": 0.7786885245901639,
        "gal": 0.8181818181818182,
        "girlish": 0.5843373493975904,
        "kireime-casual": 0.6392405063291139,
        "lolita": 0.9050632911392406,
        "mode": 0.7531645569620253,
        "natural": 0.8992248062015504,
        "retro": 0.792,
        "rock": 0.8760330578512396,
        "street": 0.8807947019867549
      }
    }
  },
  "overfitting_analysis": {
    "overfitting_detected": false,
    "best_val_loss": 0.5557663546454522,
    "val_loss_after_best": 0.5557663546454522,
    "increase_percentage": 0.0,
    "train_val_gap": 0.15815034729918942
  },
  "training_curves": {
    "train_losses": [
      2.5782294529119576,
      2.2706752009045292,
      1.7959231550718262,
      1.4790571697030512,
      1.2922325918006237,
      1.1637793329760278,
      1.0705799355226404,
      0.9906704671242658,
      0.9486361071725206,
      0.9097786170388588,
      0.8760610853924471,
      0.8504713916036084,
      0.8227389186723835,
      0.8038500584533058,
      0.7857777209224173,
      0.7560511339700758,
      0.7399666662034692,
      0.7242626328163081,
      0.7139167019446416,
      0.7015428293535041
    ],
    "val_losses": [
      2.4506481732091596,
      1.9123330039362754,
      1.4199489778087986,
      1.1465120190574276,
      0.987916640696987,
      0.8820866298290991,
      0.8124737249266717,
      0.7586346643586312,
      0.7192589967481552,
      0.6908610270869348,
      0.6669039793552891,
      0.646832587738191,
      0.6281921877976386,
      0.6168380562336214,
      0.6038511741545892,
      0.5923930445025044,
      0.5847681962674663,
      0.570265642577602,
      0.5643957531259906,
      0.5557663546454522
    ],
    "train_accs": [
      16.257170689468555,
      36.226864379261826,
      47.18043078255222,
      54.313237363351014,
      58.95659703431107,
      62.14958328823466,
      65.07197748674099,
      67.40989284554605,
      68.34072951618141,
      69.50968719558394,
      70.98170797705379,
      71.11159216365408,
      72.24807879640653,
      72.57278926290724,
      73.74174694230977,
      74.42363892196126,
      75.06223617274597,
      75.76577551683083,
      76.00389652559801,
      76.69661218746617
    ],