{
  "experiment_id": "seed_259",
  "seed_value": 259,
  "seed_index": 18,
  "timestamp": "2025-11-18T13:11:05.135337",
  "model_type": "image_only",
  "configuration": {
    "learning_rate": 5e-05,
    "batch_size": 32,
    "early_stopping_patience": 5,
    "dropout": 0.5,
    "weight_decay": 0.0001,
    "max_epochs": 20,
    "model_init_seed": 42,
    "data_split_seed": 259,
    "dataset_size": "100% (full dataset)"
  },
  "training_info": {
    "total_epochs": 20,
    "best_epoch": 19,
    "early_stopped": false,
    "total_time_minutes": 3.1841793934504192
  },
  "validation_metrics": {
    "best_val_macro_f1": 0.8320618370462184,
    "best_val_accuracy": 83.19030792529026,
    "best_val_macro_precision": 0.8314141087689396,
    "best_val_macro_recall": 0.8351217195143027,
    "best_val_loss": 0.5250329245482722,
    "final_val_macro_f1": 0.8287873507733298,
    "final_val_accuracy": 82.8874305906108,
    "final_val_loss": 0.5250329245482722,
    "per_class_metrics": {
      "f1": {
        "conservative": 0.7226277372262773,
        "dressy": 0.9516728624535316,
        "ethnic": 0.8605577689243028,
        "fairy": 0.9484536082474226,
        "feminine": 0.7764705882352942,
        "gal": 0.8367346938775511,
        "girlish": 0.6577181208053692,
        "kireime-casual": 0.7318611987381703,
        "lolita": 0.9592476489028213,
        "mode": 0.8201892744479495,
        "natural": 0.826086956521739,
        "retro": 0.8458498023715415,
        "rock": 0.8300395256916997,
        "street": 0.8813559322033898
      },
      "precision": {
        "conservative": 0.7333333333333333,
        "dressy": 0.9481481481481482,
        "ethnic": 0.8852459016393442,
        "fairy": 0.9324324324324325,
        "feminine": 0.75,
        "gal": 0.8145695364238411,
        "girlish": 0.7424242424242424,
        "kireime-casual": 0.7295597484276729,
        "lolita": 0.95625,
        "mode": 0.8125,
        "natural": 0.7755102040816326,
        "retro": 0.8492063492063492,
        "rock": 0.8015267175572519,
        "street": 0.9090909090909091
      },
      "recall": {
        "conservative": 0.7122302158273381,
        "dressy": 0.9552238805970149,
        "ethnic": 0.8372093023255814,
        "fairy": 0.965034965034965,
        "feminine": 0.8048780487804879,
        "gal": 0.8601398601398601,
        "girlish": 0.5903614457831325,
        "kireime-casual": 0.7341772151898734,
        "lolita": 0.9622641509433962,
        "mode": 0.8280254777070064,
        "natural": 0.8837209302325582,
        "retro": 0.84251968503937,
        "rock": 0.860655737704918,
        "street": 0.8552631578947368
      },
      "accuracy": {
        "conservative": 0.7122302158273381,
        "dressy": 0.9552238805970149,
        "ethnic": 0.8372093023255814,
        "fairy": 0.965034965034965,
        "feminine": 0.8048780487804879,
        "gal": 0.8601398601398601,
        "girlish": 0.5903614457831325,
        "kireime-casual": 0.7341772151898734,
        "lolita": 0.9622641509433962,
        "mode": 0.8280254777070064,
        "natural": 0.8837209302325582,
        "retro": 0.84251968503937,
        "rock": 0.860655737704918,
        "street": 0.8552631578947368
      }
    }
  },
  "test_metrics": {
    "test_macro_f1": 0.810080078862106,
    "test_accuracy": 81.01010101010101,
    "test_macro_precision": 0.8137485861405043,
    "test_macro_recall": 0.812513615150111,
    "test_loss": 0.5809340025148084,
    "per_class_metrics": {
      "f1": {
        "conservative": 0.7184466019417476,
        "dressy": 0.9591078066914499,
        "ethnic": 0.8793774319066148,
        "fairy": 0.9315068493150684,
        "feminine": 0.6870229007633588,
        "gal": 0.8571428571428572,
        "girlish": 0.6887417218543046,
        "kireime-casual": 0.6821192052980133,
        "lolita": 0.9320987654320988,
        "mode": 0.7548387096774193,
        "natural": 0.8028673835125447,
        "retro": 0.7644444444444445,
        "rock": 0.7937743190661479,
        "street": 0.8896321070234113
      },
      "precision": {
        "conservative": 0.6529411764705882,
        "dressy": 0.9626865671641791,
        "ethnic": 0.8828125,
        "fairy": 0.918918918918919,
        "feminine": 0.6428571428571429,
        "gal": 0.9,
        "girlish": 0.7647058823529411,
        "kireime-casual": 0.7152777777777778,
        "lolita": 0.9151515151515152,
        "mode": 0.7697368421052632,
        "natural": 0.7466666666666667,
        "retro": 0.8775510204081632,
        "rock": 0.7445255474452555,
        "street": 0.8986486486486487
      },
      "recall": {
        "conservative": 0.7985611510791367,
        "dressy": 0.9555555555555556,
        "ethnic": 0.875968992248062,
        "fairy": 0.9444444444444444,
        "feminine": 0.7377049180327869,
        "gal": 0.8181818181818182,
        "girlish": 0.6265060240963856,
        "kireime-casual": 0.6518987341772152,
        "lolita": 0.949685534591195,
        "mode": 0.740506329113924,
        "natural": 0.8682170542635659,
        "retro": 0.6771653543307087,
        "rock": 0.85,
        "street": 0.8807947019867549
      },
      "accuracy": {
        "conservative": 0.7985611510791367,
        "dressy": 0.9555555555555556,
        "ethnic": 0.875968992248062,
        "fairy": 0.9444444444444444,
        "feminine": 0.7377049180327869,
        "gal": 0.8181818181818182,
        "girlish": 0.6265060240963856,
        "kireime-casual": 0.6518987341772152,
        "lolita": 0.949685534591195,
        "mode": 0.740506329113924,
        "natural": 0.8682170542635659,
        "retro": 0.6771653543307087,
        "rock": 0.85,
        "street": 0.8807947019867549
      }
    }
  },
  "overfitting_analysis": {
    "overfitting_detected": false,
    "best_val_loss": 0.5250329245482722,
    "val_loss_after_best": 0.5250329245482722,
    "increase_percentage": 0.0,
    "train_val_gap": 0.18949306339694127
  },
  "training_curves": {
    "train_losses": [
      2.5794111675869633,
      2.2607981156312884,
      1.7930368152044223,
      1.4709117313569804,
      1.296973288265479,
      1.1731590110950405,
      1.0820374639389012,
      1.0119828012575327,
      0.9484832909692943,
      0.9128714426578535,
      0.8740446693344512,
      0.8444051476498377,
      0.8171946888976444,
      0.7982991331588851,
      0.7750932500024156,
      0.7516376740173485,
      0.7528435586851774,
      0.7346494075130013,
      0.7145259879452135,
      0.6968139891599702
    ],
    "val_losses": [
      2.4490117949824177,
      1.908515795584648,
      1.4183961960577196,
      1.1410848517571726,
      0.9779406430259827,
      0.86930061540296,
      0.7950926615345862,
      0.7387388444715931,
      0.6934833526611328,
      0.6611913678146177,
      0.635128989815712,
      0.6160898160549902,
      0.5983058223801274,
      0.5838846838282,
      0.5704343689064826,
      0.5585834941556377,
      0.5495823862091187,
      0.5425997241850822,
      0.5332427183466573,
      0.5250329245482722
    ],
    "train_accs": [
      16.047644829453166,
      37.0655116404981,
      47.200866269626424,
      54.206821873308066,
      57.98592311857065,
      61.88413643746616,
      64.4937736870601,
      66.38873849485653,
      68.30536004331348,
      69.2041147807255,
      70.80671358960477,
      71.44558743909042,
      72.62587980508934,
      73.27558202490525,
      73.95776935571196,
      74.86735246345425,
      74.15268002165674,
      75.31131564699513,
      75.48456957227937,
      76.97888467785599
    ],