{
  "experiment_id": "seed_215",
  "seed_value": 215,
  "seed_index": 16,
  "timestamp": "2025-11-18T13:04:36.370263",
  "model_type": "image_only",
  "configuration": {
    "learning_rate": 5e-05,
    "batch_size": 32,
    "early_stopping_patience": 5,
    "dropout": 0.5,
    "weight_decay": 0.0001,
    "max_epochs": 20,
    "model_init_seed": 42,
    "data_split_seed": 215,
    "dataset_size": "100% (full dataset)"
  },
  "training_info": {
    "total_epochs": 20,
    "best_epoch": 20,
    "early_stopped": false,
    "total_time_minutes": 3.163977579275767
  },
  "validation_metrics": {
    "best_val_macro_f1": 0.8064433685823696,
    "best_val_accuracy": 80.68756319514661,
    "best_val_macro_precision": 0.8067505883866383,
    "best_val_macro_recall": 0.8118899199818284,
    "best_val_loss": 0.5495576723929374,
    "final_val_macro_f1": 0.8064433685823696,
    "final_val_accuracy": 80.68756319514661,
    "final_val_loss": 0.5495576723929374,
    "per_class_metrics": {
      "f1": {
        "conservative": 0.7397260273972602,
        "dressy": 0.9635036496350364,
        "ethnic": 0.8571428571428572,
        "fairy": 0.9084507042253521,
        "feminine": 0.7028985507246377,
        "gal": 0.8109965635738833,
        "girlish": 0.6028368794326241,
        "kireime-casual": 0.6578073089700996,
        "lolita": 0.937888198757764,
        "mode": 0.7892976588628762,
        "natural": 0.7445255474452555,
        "retro": 0.8264462809917356,
        "rock": 0.8360655737704918,
        "street": 0.9126213592233009
      },
      "precision": {
        "conservative": 0.7058823529411765,
        "dressy": 0.9428571428571428,
        "ethnic": 0.8321167883211679,
        "fairy": 0.9148936170212766,
        "feminine": 0.6339869281045751,
        "gal": 0.7972972972972973,
        "girlish": 0.7327586206896551,
        "kireime-casual": 0.6923076923076923,
        "lolita": 0.9207317073170732,
        "mode": 0.8428571428571429,
        "natural": 0.7034482758620689,
        "retro": 0.8547008547008547,
        "rock": 0.8225806451612904,
        "street": 0.8980891719745223
      },
      "recall": {
        "conservative": 0.7769784172661871,
        "dressy": 0.9850746268656716,
        "ethnic": 0.8837209302325582,
        "fairy": 0.9020979020979021,
        "feminine": 0.7886178861788617,
        "gal": 0.8251748251748252,
        "girlish": 0.5120481927710844,
        "kireime-casual": 0.6265822784810127,
        "lolita": 0.9556962025316456,
        "mode": 0.7421383647798742,
        "natural": 0.7906976744186046,
        "retro": 0.8,
        "rock": 0.85,
        "street": 0.9276315789473685
      },
      "accuracy": {
        "conservative": 0.7769784172661871,
        "dressy": 0.9850746268656716,
        "ethnic": 0.8837209302325582,
        "fairy": 0.9020979020979021,
        "feminine": 0.7886178861788617,
        "gal": 0.8251748251748252,
        "girlish": 0.5120481927710844,
        "kireime-casual": 0.6265822784810127,
        "lolita": 0.9556962025316456,
        "mode": 0.7421383647798742,
        "natural": 0.7906976744186046,
        "retro": 0.8,
        "rock": 0.85,
        "street": 0.9276315789473685
      }
    }
  },
  "test_metrics": {
    "test_macro_f1": 0.8186215552087484,
    "test_accuracy": 81.94654563792234,
    "test_macro_precision": 0.8193475535767768,
    "test_macro_recall": 0.8223691038041719,
    "test_loss": 0.5579277724027634,
    "per_class_metrics": {
      "f1": {
        "conservative": 0.7278911564625851,
        "dressy": 0.9562043795620438,
        "ethnic": 0.8648648648648649,
        "fairy": 0.9355932203389832,
        "feminine": 0.7313432835820896,
        "gal": 0.8621908127208481,
        "girlish": 0.6976744186046512,
        "kireime-casual": 0.6941580756013745,
        "lolita": 0.9622641509433963,
        "mode": 0.7707006369426751,
        "natural": 0.7985611510791367,
        "retro": 0.7848101265822786,
        "rock": 0.7936507936507937,
        "street": 0.8807947019867549
      },
      "precision": {
        "conservative": 0.6903225806451613,
        "dressy": 0.9424460431654677,
        "ethnic": 0.8615384615384616,
        "fairy": 0.9139072847682119,
        "feminine": 0.6712328767123288,
        "gal": 0.8714285714285714,
        "girlish": 0.7777777777777778,
        "kireime-casual": 0.7593984962406015,
        "lolita": 0.9683544303797469,
        "mode": 0.7806451612903226,
        "natural": 0.74,
        "retro": 0.8378378378378378,
        "rock": 0.7633587786259542,
        "street": 0.8926174496644296
      },
      "recall": {
        "conservative": 0.7697841726618705,
        "dressy": 0.9703703703703703,
        "ethnic": 0.8682170542635659,
        "fairy": 0.9583333333333334,
        "feminine": 0.8032786885245902,
        "gal": 0.8531468531468531,
        "girlish": 0.6325301204819277,
        "kireime-casual": 0.6392405063291139,
        "lolita": 0.95625,
        "mode": 0.7610062893081762,
        "natural": 0.8671875,
        "retro": 0.7380952380952381,
        "rock": 0.8264462809917356,
        "street": 0.869281045751634
      },
      "accuracy": {
        "conservative": 0.7697841726618705,
        "dressy": 0.9703703703703703,
        "ethnic": 0.8682170542635659,
        "fairy": 0.9583333333333334,
        "feminine": 0.8032786885245902,
        "gal": 0.8531468531468531,
        "girlish": 0.6325301204819277,
        "kireime-casual": 0.6392405063291139,
        "lolita": 0.95625,
        "mode": 0.7610062893081762,
        "natural": 0.8671875,
        "retro": 0.7380952380952381,
        "rock": 0.8264462809917356,
        "street": 0.869281045751634
      }
    }
  },
  "overfitting_analysis": {
    "overfitting_detected": false,
    "best_val_loss": 0.5495576723929374,
    "val_loss_after_best": 0.5495576723929374,
    "increase_percentage": 0.0,
    "train_val_gap": 0.15906456798790747
  },
  "training_curves": {
    "train_losses": [
      2.579124077793636,
      2.2606322563230785,
      1.7918452837062955,
      1.4778152557805335,
      1.290086340120507,
      1.155462472702805,
      1.0642777704037596,
      1.0144935875202958,
      0.9459551675921906,
      0.9091215638965884,
      0.8602913765552547,
      0.8321590575173652,
      0.8218623178021718,
      0.7965506303887879,
      0.771620612449712,
      0.7485288114489981,
      0.7422786376674283,
      0.7262309975277593,
      0.6957339093759398,
      0.7086222403808449
    ],
    "val_losses": [
      2.450451477881401,
      1.9012597837755758,
      1.422844527229186,
      1.1488779158361497,
      0.9889726513816465,
      0.8825549800549785,
      0.8099944899159093,
      0.7594471097953858,
      0.7169039504181954,
      0.6846866823973194,
      0.6559448530597072,
      0.6332146198518814,
      0.6180241540555031,
      0.6045457244880738,
      0.5918329055270841,
      0.5814505430959886,
      0.5721726230075282,
      0.5634554994683112,
      0.5561201543577255,
      0.5495576723929374
    ],
    "train_accs": [
      15.80942068218733,
      36.578234975636164,
      47.52571737953438,
      54.35841905793178,
      58.819707634001084,
      62.3389279913373,
      64.90525175961018,
      66.0530590146183,
      68.50027070925826,
      69.62642122360585,
      71.34813210611803,
      71.77043854899837,
      71.70546832701679,
      72.90741743367623,
      73.75203031943693,
      74.80238224147266,
      74.87818083378451,
      75.4412560909583,
      76.43746616134271,
      75.60368164591229
    ],