{
  "experiment_id": "seed_347",
  "seed_value": 347,
  "seed_index": 25,
  "timestamp": "2025-11-18T13:33:52.302701",
  "model_type": "image_only",
  "configuration": {
    "learning_rate": 5e-05,
    "batch_size": 32,
    "early_stopping_patience": 5,
    "dropout": 0.5,
    "weight_decay": 0.0001,
    "max_epochs": 20,
    "model_init_seed": 42,
    "data_split_seed": 347,
    "dataset_size": "100% (full dataset)"
  },
  "training_info": {
    "total_epochs": 20,
    "best_epoch": 19,
    "early_stopped": false,
    "total_time_minutes": 3.164065416653951
  },
  "validation_metrics": {
    "best_val_macro_f1": 0.8091595637868924,
    "best_val_accuracy": 80.84891359272359,
    "best_val_macro_precision": 0.8113075572103402,
    "best_val_macro_recall": 0.8104873387346776,
    "best_val_loss": 0.5591287569653604,
    "final_val_macro_f1": 0.8057726401666578,
    "final_val_accuracy": 80.54573016675089,
    "final_val_loss": 0.5591287569653604,
    "per_class_metrics": {
      "f1": {
        "conservative": 0.6644518272425248,
        "dressy": 0.9774436090225564,
        "ethnic": 0.8081632653061224,
        "fairy": 0.9278350515463918,
        "feminine": 0.7203065134099618,
        "gal": 0.8251748251748252,
        "girlish": 0.7023411371237458,
        "kireime-casual": 0.6346153846153846,
        "lolita": 0.9382716049382716,
        "mode": 0.8078175895765474,
        "natural": 0.7883211678832117,
        "retro": 0.8117154811715481,
        "rock": 0.829268292682927,
        "street": 0.8925081433224756
      },
      "precision": {
        "conservative": 0.6172839506172839,
        "dressy": 0.9848484848484849,
        "ethnic": 0.853448275862069,
        "fairy": 0.9121621621621622,
        "feminine": 0.6811594202898551,
        "gal": 0.8251748251748252,
        "girlish": 0.7894736842105263,
        "kireime-casual": 0.6428571428571429,
        "lolita": 0.9156626506024096,
        "mode": 0.8322147651006712,
        "natural": 0.7448275862068966,
        "retro": 0.8584070796460177,
        "rock": 0.8225806451612904,
        "street": 0.8782051282051282
      },
      "recall": {
        "conservative": 0.7194244604316546,
        "dressy": 0.9701492537313433,
        "ethnic": 0.7674418604651163,
        "fairy": 0.9440559440559441,
        "feminine": 0.7642276422764228,
        "gal": 0.8251748251748252,
        "girlish": 0.6325301204819277,
        "kireime-casual": 0.6265822784810127,
        "lolita": 0.9620253164556962,
        "mode": 0.7848101265822784,
        "natural": 0.8372093023255814,
        "retro": 0.7698412698412699,
        "rock": 0.8360655737704918,
        "street": 0.9072847682119205
      },
      "accuracy": {
        "conservative": 0.7194244604316546,
        "dressy": 0.9701492537313433,
        "ethnic": 0.7674418604651163,
        "fairy": 0.9440559440559441,
        "feminine": 0.7642276422764228,
        "gal": 0.8251748251748252,
        "girlish": 0.6325301204819277,
        "kireime-casual": 0.6265822784810127,
        "lolita": 0.9620253164556962,
        "mode": 0.7848101265822784,
        "natural": 0.8372093023255814,
        "retro": 0.7698412698412699,
        "rock": 0.8360655737704918,
        "street": 0.9072847682119205
      }
    }
  },
  "test_metrics": {
    "test_macro_f1": 0.8203794002244678,
    "test_accuracy": 82.15369059656219,
    "test_macro_precision": 0.8218514291787763,
    "test_macro_recall": 0.8246276069454289,
    "test_loss": 0.5492236460408857,
    "per_class_metrics": {
      "f1": {
        "conservative": 0.7473309608540926,
        "dressy": 0.9591078066914499,
        "ethnic": 0.8571428571428572,
        "fairy": 0.9324324324324325,
        "feminine": 0.732824427480916,
        "gal": 0.8745762711864407,
        "girlish": 0.6385964912280702,
        "kireime-casual": 0.7220447284345048,
        "lolita": 0.9333333333333333,
        "mode": 0.8065573770491804,
        "natural": 0.8070175438596491,
        "retro": 0.8225108225108226,
        "rock": 0.7723577235772358,
        "street": 0.8794788273615635
      },
      "precision": {
        "conservative": 0.7394366197183099,
        "dressy": 0.9626865671641791,
        "ethnic": 0.8321167883211679,
        "fairy": 0.9078947368421053,
        "feminine": 0.6857142857142857,
        "gal": 0.8486842105263158,
        "girlish": 0.7647058823529411,
        "kireime-casual": 0.7290322580645161,
        "lolita": 0.9423076923076923,
        "mode": 0.825503355704698,
        "natural": 0.732484076433121,
        "retro": 0.9047619047619048,
        "rock": 0.753968253968254,
        "street": 0.8766233766233766
      },
      "recall": {
        "conservative": 0.7553956834532374,
        "dressy": 0.9555555555555556,
        "ethnic": 0.8837209302325582,
        "fairy": 0.9583333333333334,
        "feminine": 0.7868852459016393,
        "gal": 0.9020979020979021,
        "girlish": 0.5481927710843374,
        "kireime-casual": 0.7151898734177216,
        "lolita": 0.9245283018867925,
        "mode": 0.7884615384615384,
        "natural": 0.8984375,
        "retro": 0.753968253968254,
        "rock": 0.7916666666666666,
        "street": 0.8823529411764706
      },
      "accuracy": {
        "conservative": 0.7553956834532374,
        "dressy": 0.9555555555555556,
        "ethnic": 0.8837209302325582,
        "fairy": 0.9583333333333334,
        "feminine": 0.7868852459016393,
        "gal": 0.9020979020979021,
        "girlish": 0.5481927710843374,
        "kireime-casual": 0.7151898734177216,
        "lolita": 0.9245283018867925,
        "mode": 0.7884615384615384,
        "natural": 0.8984375,
        "retro": 0.753968253968254,
        "rock": 0.7916666666666666,
        "street": 0.8823529411764706
      }
    }
  },
  "overfitting_analysis": {
    "overfitting_detected": false,
    "best_val_loss": 0.5591287569653604,
    "val_loss_after_best": 0.5591287569653604,
    "increase_percentage": 0.0,
    "train_val_gap": 0.1517019935907803
  },
  "training_curves": {
    "train_losses": [
      2.5793356705701886,
      2.2633595483113327,
      1.7857240607581748,
      1.4653077542163095,
      1.282628041856429,
      1.1573280776660748,
      1.0594600222514987,
      0.9912928681060105,
      0.9500137023034805,
      0.904842751455142,
      0.8693479641911068,
      0.8360664870293495,
      0.8137714024439815,
      0.79934163757674,
      0.7735611842784089,
      0.7649629884318909,
      0.7354911802961752,
      0.716557928125751,
      0.7108307505561406,
      0.7009759797975679
    ],
    "val_losses": [
      2.4511784891928396,
      1.91668906904036,
      1.42974901968433,
      1.1530211721697161,
      0.9971817145424504,
      0.8908220020032698,
      0.8185937298882392,
      0.7642288775213303,
      0.7268003013826185,
      0.694507445058515,
      0.6682921643218687,
      0.6448617409313878,
      0.6288836670498694,
      0.6148339755112125,
      0.6018726176792576,
      0.5934938475970299,
      0.5821504794782207,
      0.5723328263528885,
      0.5653009462741113,
      0.5591287569653604
    ],
    "train_accs": [
      15.68351553198398,
      36.81134321896309,
      48.089620088754195,
      54.9843056607858,
      58.415412923476566,
      62.60417794133564,
      65.80798787747592,
      67.5830717610131,
      68.7953241692824,
      70.11581339971859,
      71.00335534148718,
      71.57701049897175,
      72.10737092758957,
      73.23303387812534,
      73.30879965364217,
      73.90410217556013,
      74.70505465959519,
      75.690009741314,
      75.61424396579716,
      75.80907024569758
    ],