{
  "experiment_id": "seed_378",
  "seed_value": 378,
  "seed_index": 28,
  "timestamp": "2025-11-18T13:43:41.562863",
  "model_type": "image_only",
  "configuration": {
    "learning_rate": 5e-05,
    "batch_size": 32,
    "early_stopping_patience": 5,
    "dropout": 0.5,
    "weight_decay": 0.0001,
    "max_epochs": 20,
    "model_init_seed": 42,
    "data_split_seed": 378,
    "dataset_size": "100% (full dataset)"
  },
  "training_info": {
    "total_epochs": 20,
    "best_epoch": 19,
    "early_stopped": false,
    "total_time_minutes": 3.1905479470888776
  },
  "validation_metrics": {
    "best_val_macro_f1": 0.8140501541830216,
    "best_val_accuracy": 81.45528044466903,
    "best_val_macro_precision": 0.8150001604553125,
    "best_val_macro_recall": 0.8186540513636056,
    "best_val_loss": 0.5547510923877839,
    "final_val_macro_f1": 0.8139211169542973,
    "final_val_accuracy": 81.45528044466903,
    "final_val_loss": 0.5547510923877839,
    "per_class_metrics": {
      "f1": {
        "conservative": 0.7167235494880545,
        "dressy": 0.9555555555555555,
        "ethnic": 0.8384615384615384,
        "fairy": 0.9415807560137457,
        "feminine": 0.7104247104247104,
        "gal": 0.8239436619718311,
        "girlish": 0.6315789473684209,
        "kireime-casual": 0.6964856230031949,
        "lolita": 0.9615384615384615,
        "mode": 0.8092105263157895,
        "natural": 0.8083623693379791,
        "retro": 0.7932489451476793,
        "rock": 0.8333333333333333,
        "street": 0.8762541806020068
      },
      "precision": {
        "conservative": 0.6818181818181818,
        "dressy": 0.9485294117647058,
        "ethnic": 0.8320610687022901,
        "fairy": 0.9256756756756757,
        "feminine": 0.6764705882352942,
        "gal": 0.8297872340425532,
        "girlish": 0.7563025210084033,
        "kireime-casual": 0.7032258064516129,
        "lolita": 0.974025974025974,
        "mode": 0.8367346938775511,
        "natural": 0.7341772151898734,
        "retro": 0.8392857142857143,
        "rock": 0.7746478873239436,
        "street": 0.8972602739726028
      },
      "recall": {
        "conservative": 0.7553956834532374,
        "dressy": 0.9626865671641791,
        "ethnic": 0.8449612403100775,
        "fairy": 0.958041958041958,
        "feminine": 0.7479674796747967,
        "gal": 0.8181818181818182,
        "girlish": 0.5421686746987951,
        "kireime-casual": 0.689873417721519,
        "lolita": 0.9493670886075949,
        "mode": 0.7834394904458599,
        "natural": 0.8992248062015504,
        "retro": 0.752,
        "rock": 0.9016393442622951,
        "street": 0.8562091503267973
      },
      "accuracy": {
        "conservative": 0.7553956834532374,
        "dressy": 0.9626865671641791,
        "ethnic": 0.8449612403100775,
        "fairy": 0.958041958041958,
        "feminine": 0.7479674796747967,
        "gal": 0.8181818181818182,
        "girlish": 0.5421686746987951,
        "kireime-casual": 0.689873417721519,
        "lolita": 0.9493670886075949,
        "mode": 0.7834394904458599,
        "natural": 0.8992248062015504,
        "retro": 0.752,
        "rock": 0.9016393442622951,
        "street": 0.8562091503267973
      }
    }
  },
  "test_metrics": {
    "test_macro_f1": 0.8039604658563896,
    "test_accuracy": 80.5050505050505,
    "test_macro_precision": 0.8046486819731891,
    "test_macro_recall": 0.808083885229772,
    "test_loss": 0.585225246125652,
    "per_class_metrics": {
      "f1": {
        "conservative": 0.717948717948718,
        "dressy": 0.9368029739776952,
        "ethnic": 0.8244274809160306,
        "fairy": 0.9355932203389832,
        "feminine": 0.7380073800738008,
        "gal": 0.8375451263537905,
        "girlish": 0.6480836236933797,
        "kireime-casual": 0.6959247648902821,
        "lolita": 0.929936305732484,
        "mode": 0.7570977917981073,
        "natural": 0.8642857142857143,
        "retro": 0.7804878048780488,
        "rock": 0.7219917012448133,
        "street": 0.8673139158576052
      },
      "precision": {
        "conservative": 0.7313432835820896,
        "dressy": 0.9402985074626866,
        "ethnic": 0.8120300751879699,
        "fairy": 0.9139072847682119,
        "feminine": 0.6711409395973155,
        "gal": 0.8656716417910447,
        "girlish": 0.768595041322314,
        "kireime-casual": 0.6894409937888198,
        "lolita": 0.948051948051948,
        "mode": 0.7547169811320755,
        "natural": 0.7960526315789473,
        "retro": 0.8067226890756303,
        "rock": 0.71900826446281,
        "street": 0.8481012658227848
      },
      "recall": {
        "conservative": 0.7050359712230215,
        "dressy": 0.9333333333333333,
        "ethnic": 0.8372093023255814,
        "fairy": 0.9583333333333334,
        "feminine": 0.819672131147541,
        "gal": 0.8111888111888111,
        "girlish": 0.5602409638554217,
        "kireime-casual": 0.7025316455696202,
        "lolita": 0.9125,
        "mode": 0.759493670886076,
        "natural": 0.9453125,
        "retro": 0.7559055118110236,
        "rock": 0.725,
        "street": 0.8874172185430463
      },
      "accuracy": {
        "conservative": 0.7050359712230215,
        "dressy": 0.9333333333333333,
        "ethnic": 0.8372093023255814,
        "fairy": 0.9583333333333334,
        "feminine": 0.819672131147541,
        "gal": 0.8111888111888111,
        "girlish": 0.5602409638554217,
        "kireime-casual": 0.7025316455696202,
        "lolita": 0.9125,
        "mode": 0.759493670886076,
        "natural": 0.9453125,
        "retro": 0.7559055118110236,
        "rock": 0.725,
        "street": 0.8874172185430463
      }
    }
  },
  "overfitting_analysis": {
    "overfitting_detected": false,
    "best_val_loss": 0.5547510923877839,
    "val_loss_after_best": 0.5547510923877839,
    "increase_percentage": 0.0,
    "train_val_gap": 0.1425493540994317
  },
  "training_curves": {
    "train_losses": [
      2.576985501088073,
      2.2537723507435676,
      1.7760829991535332,
      1.4536688876399533,
      1.2737394340310542,
      1.1485085928728835,
      1.0462445684782773,
      0.986091752984532,
      0.933955776237699,
      0.8992216483944427,
      0.8533908817594852,
      0.8272583016474767,
      0.8124274638284862,
      0.7812662720680237,
      0.7603522131806014,
      0.7438654057088607,
      0.7255789510725279,
      0.7131320647508628,
      0.6973004464872156,
      0.6935896408392896
    ],
    "val_losses": [
      2.448426942671499,
      1.9067439302321403,
      1.4244901787850164,
      1.1503938503803746,
      0.9960399289284984,
      0.8964752602961755,
      0.8178489554312921,
      0.7646875645845167,
      0.7234021381985757,
      0.6951584436239735,
      0.6671156993796749,
      0.6460785120725632,
      0.629385813590019,
      0.6125403214846888,
      0.600382681815855,
      0.5885084540613236,
      0.5765882379585697,
      0.5693055867187439,
      0.5630333928331253,
      0.5547510923877839
    ],
    "train_accs": [
      16.574645447656167,
      38.085958644581574,
      48.06755440077947,
      54.5198657572805,
      59.55396773844322,
      62.09808379343943,
      65.70315037349789,
      67.11053372307026,
      68.72361156219552,
      69.93612644798094,
      71.71159467359533,
      72.01472339504168,
      72.84832737901917,
      74.0391902132727,
      74.50470932120818,
      74.9810544549096,
      75.38161740824943,
      76.16109126339721,
      76.16109126339721,
      76.55082819097109
    ],