{
  "experiment_id": "seed_380",
  "seed_value": 380,
  "seed_index": 29,
  "timestamp": "2025-11-18T13:46:58.034839",
  "model_type": "image_only",
  "configuration": {
    "learning_rate": 5e-05,
    "batch_size": 32,
    "early_stopping_patience": 5,
    "dropout": 0.5,
    "weight_decay": 0.0001,
    "max_epochs": 20,
    "model_init_seed": 42,
    "data_split_seed": 380,
    "dataset_size": "100% (full dataset)"
  },
  "training_info": {
    "total_epochs": 20,
    "best_epoch": 20,
    "early_stopped": false,
    "total_time_minutes": 3.2008103489875794
  },
  "validation_metrics": {
    "best_val_macro_f1": 0.812411303068994,
    "best_val_accuracy": 81.2216052498738,
    "best_val_macro_precision": 0.8143644513243586,
    "best_val_macro_recall": 0.8146243834900156,
    "best_val_loss": 0.5790238635193917,
    "final_val_macro_f1": 0.812411303068994,
    "final_val_accuracy": 81.2216052498738,
    "final_val_loss": 0.5790238635193917,
    "per_class_metrics": {
      "f1": {
        "conservative": 0.7440273037542662,
        "dressy": 0.9473684210526316,
        "ethnic": 0.792,
        "fairy": 0.9027777777777778,
        "feminine": 0.7158671586715868,
        "gal": 0.851985559566787,
        "girlish": 0.6711409395973154,
        "kireime-casual": 0.7084639498432601,
        "lolita": 0.923076923076923,
        "mode": 0.7947882736156352,
        "natural": 0.801418439716312,
        "retro": 0.7800829875518672,
        "rock": 0.8340080971659919,
        "street": 0.9067524115755626
      },
      "precision": {
        "conservative": 0.7077922077922078,
        "dressy": 0.9545454545454546,
        "ethnic": 0.8181818181818182,
        "fairy": 0.896551724137931,
        "feminine": 0.6554054054054054,
        "gal": 0.8805970149253731,
        "girlish": 0.7575757575757576,
        "kireime-casual": 0.7018633540372671,
        "lolita": 0.935064935064935,
        "mode": 0.8187919463087249,
        "natural": 0.7337662337662337,
        "retro": 0.8245614035087719,
        "rock": 0.824,
        "street": 0.8924050632911392
      },
      "recall": {
        "conservative": 0.7841726618705036,
        "dressy": 0.9402985074626866,
        "ethnic": 0.7674418604651163,
        "fairy": 0.9090909090909091,
        "feminine": 0.7886178861788617,
        "gal": 0.8251748251748252,
        "girlish": 0.6024096385542169,
        "kireime-casual": 0.7151898734177216,
        "lolita": 0.9113924050632911,
        "mode": 0.7721518987341772,
        "natural": 0.8828125,
        "retro": 0.7401574803149606,
        "rock": 0.8442622950819673,
        "street": 0.9215686274509803
      },
      "accuracy": {
        "conservative": 0.7841726618705036,
        "dressy": 0.9402985074626866,
        "ethnic": 0.7674418604651163,
        "fairy": 0.9090909090909091,
        "feminine": 0.7886178861788617,
        "gal": 0.8251748251748252,
        "girlish": 0.6024096385542169,
        "kireime-casual": 0.7151898734177216,
        "lolita": 0.9113924050632911,
        "mode": 0.7721518987341772,
        "natural": 0.8828125,
        "retro": 0.7401574803149606,
        "rock": 0.8442622950819673,
        "street": 0.9215686274509803
      }
    }
  },
  "test_metrics": {
    "test_macro_f1": 0.8219942700709675,
    "test_accuracy": 82.30535894843275,
    "test_macro_precision": 0.8230697484014046,
    "test_macro_recall": 0.8258160068902554,
    "test_loss": 0.5399231819375869,
    "per_class_metrics": {
      "f1": {
        "conservative": 0.7092198581560285,
        "dressy": 0.981549815498155,
        "ethnic": 0.8602941176470588,
        "fairy": 0.9387755102040817,
        "feminine": 0.7265625,
        "gal": 0.8333333333333334,
        "girlish": 0.6501766784452296,
        "kireime-casual": 0.7129337539432177,
        "lolita": 0.9503105590062112,
        "mode": 0.832807570977918,
        "natural": 0.7900355871886121,
        "retro": 0.8403361344537816,
        "rock": 0.8065843621399177,
        "street": 0.8750000000000001
      },
      "precision": {
        "conservative": 0.6993006993006993,
        "dressy": 0.9779411764705882,
        "ethnic": 0.8181818181818182,
        "fairy": 0.92,
        "feminine": 0.6940298507462687,
        "gal": 0.8646616541353384,
        "girlish": 0.7863247863247863,
        "kireime-casual": 0.710691823899371,
        "lolita": 0.9386503067484663,
        "mode": 0.8301886792452831,
        "natural": 0.7254901960784313,
        "retro": 0.8849557522123894,
        "rock": 0.8032786885245902,
        "street": 0.869281045751634
      },
      "recall": {
        "conservative": 0.7194244604316546,
        "dressy": 0.9851851851851852,
        "ethnic": 0.9069767441860465,
        "fairy": 0.9583333333333334,
        "feminine": 0.7622950819672131,
        "gal": 0.8041958041958042,
        "girlish": 0.5542168674698795,
        "kireime-casual": 0.7151898734177216,
        "lolita": 0.9622641509433962,
        "mode": 0.8354430379746836,
        "natural": 0.8671875,
        "retro": 0.8,
        "rock": 0.8099173553719008,
        "street": 0.8807947019867549
      },
      "accuracy": {
        "conservative": 0.7194244604316546,
        "dressy": 0.9851851851851852,
        "ethnic": 0.9069767441860465,
        "fairy": 0.9583333333333334,
        "feminine": 0.7622950819672131,
        "gal": 0.8041958041958042,
        "girlish": 0.5542168674698795,
        "kireime-casual": 0.7151898734177216,
        "lolita": 0.9622641509433962,
        "mode": 0.8354430379746836,
        "natural": 0.8671875,
        "retro": 0.8,
        "rock": 0.8099173553719008,
        "street": 0.8807947019867549
      }
    }
  },
  "overfitting_analysis": {
    "overfitting_detected": false,
    "best_val_loss": 0.5790238635193917,
    "val_loss_after_best": 0.5790238635193917,
    "increase_percentage": 0.0,
    "train_val_gap": 0.12415634904679262
  },
  "training_curves": {
    "train_losses": [
      2.5785798160262585,
      2.264313118268049,
      1.793709616760069,
      1.4720535987801204,
      1.2805440885797916,
      1.1679289885458237,
      1.0692029906804175,
      1.0057928079552303,
      0.947935066833628,
      0.9040772619956917,
      0.8682587141602922,
      0.8368903106677903,
      0.8094572615664724,
      0.8039497639274927,
      0.7872338777594913,
      0.7663676354093123,
      0.7423797283824339,
      0.7309336699416481,
      0.711873319940996,
      0.7031802125661843
    ],
    "val_losses": [
      2.452211437686797,
      1.9181271733776215,
      1.4282231676963069,
      1.159557132951675,
      1.004747901232012,
      0.9047912628419937,
      0.8339297377294109,
      0.7848399324763206,
      0.7449017715069556,
      0.7157715400380473,
      0.6897898662474847,
      0.6663979686075642,
      0.649720081398564,
      0.6379497998183773,
      0.6243162573345246,
      0.6120963952233714,
      0.6022815180401648,
      0.5944057520358793,
      0.5853646046692326,
      0.5790238635193917
    ],
    "train_accs": [
      16.336472880805456,
      36.721879398072964,
      47.58038324131211,
      54.736386272599326,
      58.92605824401862,
      61.79495507199307,
      64.90202446681823,
      66.6233625636029,
      68.69113348489769,
      69.71960593266212,
      70.7372523546606,
      71.7332467251272,
      73.23806430659305,
      72.69676301829598,
      73.985060084443,
      73.985060084443,
      75.06766266103713,
      75.46822561437696,
      75.4790516401429,
      75.58731189780232
    ],