{
  "experiment_id": "seed_141",
  "seed_value": 141,
  "seed_index": 15,
  "timestamp": "2025-11-18T13:01:22.315080",
  "model_type": "image_only",
  "configuration": {
    "learning_rate": 5e-05,
    "batch_size": 32,
    "early_stopping_patience": 5,
    "dropout": 0.5,
    "weight_decay": 0.0001,
    "max_epochs": 20,
    "model_init_seed": 42,
    "data_split_seed": 141,
    "dataset_size": "100% (full dataset)"
  },
  "training_info": {
    "total_epochs": 20,
    "best_epoch": 20,
    "early_stopped": false,
    "total_time_minutes": 3.182331105073293
  },
  "validation_metrics": {
    "best_val_macro_f1": 0.8086844821626898,
    "best_val_accuracy": 80.95959595959596,
    "best_val_macro_precision": 0.8118208554120508,
    "best_val_macro_recall": 0.8145636154243691,
    "best_val_loss": 0.5594951121076461,
    "final_val_macro_f1": 0.8086844821626898,
    "final_val_accuracy": 80.95959595959596,
    "final_val_loss": 0.5594951121076461,
    "per_class_metrics": {
      "f1": {
        "conservative": 0.7074829931972789,
        "dressy": 0.9558823529411764,
        "ethnic": 0.8405797101449275,
        "fairy": 0.8919860627177701,
        "feminine": 0.7391304347826086,
        "gal": 0.8113879003558719,
        "girlish": 0.6353790613718412,
        "kireime-casual": 0.7096774193548387,
        "lolita": 0.9259259259259259,
        "mode": 0.819672131147541,
        "natural": 0.8268551236749118,
        "retro": 0.7577092511013215,
        "rock": 0.84375,
        "street": 0.8561643835616439
      },
      "precision": {
        "conservative": 0.6709677419354839,
        "dressy": 0.9420289855072463,
        "ethnic": 0.7891156462585034,
        "fairy": 0.8888888888888888,
        "feminine": 0.6666666666666666,
        "gal": 0.8260869565217391,
        "girlish": 0.7927927927927928,
        "kireime-casual": 0.7236842105263158,
        "lolita": 0.9090909090909091,
        "mode": 0.8445945945945946,
        "natural": 0.7548387096774194,
        "retro": 0.8514851485148515,
        "rock": 0.8059701492537313,
        "street": 0.8992805755395683
      },
      "recall": {
        "conservative": 0.7482014388489209,
        "dressy": 0.9701492537313433,
        "ethnic": 0.8992248062015504,
        "fairy": 0.8951048951048951,
        "feminine": 0.8292682926829268,
        "gal": 0.7972027972027972,
        "girlish": 0.5301204819277109,
        "kireime-casual": 0.6962025316455697,
        "lolita": 0.9433962264150944,
        "mode": 0.7961783439490446,
        "natural": 0.9140625,
        "retro": 0.6825396825396826,
        "rock": 0.8852459016393442,
        "street": 0.8169934640522876
      },
      "accuracy": {
        "conservative": 0.7482014388489209,
        "dressy": 0.9701492537313433,
        "ethnic": 0.8992248062015504,
        "fairy": 0.8951048951048951,
        "feminine": 0.8292682926829268,
        "gal": 0.7972027972027972,
        "girlish": 0.5301204819277109,
        "kireime-casual": 0.6962025316455697,
        "lolita": 0.9433962264150944,
        "mode": 0.7961783439490446,
        "natural": 0.9140625,
        "retro": 0.6825396825396826,
        "rock": 0.8852459016393442,
        "street": 0.8169934640522876
      }
    }
  },
  "test_metrics": {
    "test_macro_f1": 0.8118360652415096,
    "test_accuracy": 81.2753036437247,
    "test_macro_precision": 0.8130795354221451,
    "test_macro_recall": 0.8162937816288972,
    "test_loss": 0.5726514165439913,
    "per_class_metrics": {
      "f1": {
        "conservative": 0.7808219178082192,
        "dressy": 0.9591078066914499,
        "ethnic": 0.8046875,
        "fairy": 0.9342560553633218,
        "feminine": 0.7692307692307692,
        "gal": 0.8248175182481752,
        "girlish": 0.6619217081850534,
        "kireime-casual": 0.6948051948051948,
        "lolita": 0.9254658385093167,
        "mode": 0.8115015974440895,
        "natural": 0.7867647058823529,
        "retro": 0.7572016460905351,
        "rock": 0.8174603174603174,
        "street": 0.8376623376623376
      },
      "precision": {
        "conservative": 0.7450980392156863,
        "dressy": 0.9626865671641791,
        "ethnic": 0.8110236220472441,
        "fairy": 0.9310344827586207,
        "feminine": 0.695364238410596,
        "gal": 0.8625954198473282,
        "girlish": 0.808695652173913,
        "kireime-casual": 0.7133333333333334,
        "lolita": 0.9085365853658537,
        "mode": 0.8089171974522293,
        "natural": 0.7482517482517482,
        "retro": 0.7796610169491526,
        "rock": 0.7862595419847328,
        "street": 0.821656050955414
      },
      "recall": {
        "conservative": 0.8201438848920863,
        "dressy": 0.9555555555555556,
        "ethnic": 0.7984496124031008,
        "fairy": 0.9375,
        "feminine": 0.860655737704918,
        "gal": 0.7902097902097902,
        "girlish": 0.5602409638554217,
        "kireime-casual": 0.6772151898734177,
        "lolita": 0.9430379746835443,
        "mode": 0.8141025641025641,
        "natural": 0.8294573643410853,
        "retro": 0.736,
        "rock": 0.8512396694214877,
        "street": 0.8543046357615894
      },
      "accuracy": {
        "conservative": 0.8201438848920863,
        "dressy": 0.9555555555555556,
        "ethnic": 0.7984496124031008,
        "fairy": 0.9375,
        "feminine": 0.860655737704918,
        "gal": 0.7902097902097902,
        "girlish": 0.5602409638554217,
        "kireime-casual": 0.6772151898734177,
        "lolita": 0.9430379746835443,
        "mode": 0.8141025641025641,
        "natural": 0.8294573643410853,
        "retro": 0.736,
        "rock": 0.8512396694214877,
        "street": 0.8543046357615894
      }
    }
  },
  "overfitting_analysis": {
    "overfitting_detected": false,
    "best_val_loss": 0.5594951121076461,
    "val_loss_after_best": 0.5594951121076461,
    "increase_percentage": 0.0,
    "train_val_gap": 0.14434431628006505
  },
  "training_curves": {
    "train_losses": [
      2.5800180880668666,
      2.261276398150566,
      1.7916261349582343,
      1.4761307375653805,
      1.2904102822901056,
      1.1654406082671407,
      1.0796625628603371,
      1.005105912066661,
      0.9492757937074945,
      0.9045420858274281,
      0.8749860083768112,
      0.8331895578897536,
      0.8173504716178538,
      0.7963868839518009,
      0.7619020069552953,
      0.7503528480505036,
      0.73609139845033,
      0.7265452232121596,
      0.7134456509743595,
      0.7038394283877112
    ],
    "val_losses": [
      2.453972347321049,
      1.9107795857614087,
      1.4312691284764198,
      1.1640499637972923,
      1.0023523251856528,
      0.8984803345895582,
      0.8231259084516956,
      0.7680048721451913,
      0.7274183289658639,
      0.6960503843522841,
      0.6704614258581593,
      0.6484571156963226,
      0.630785001381751,
      0.6168876021139084,
      0.6022625724154134,
      0.5888294183438824,
      0.5807784896704459,
      0.5724112328983122,
      0.5652626699978306,
      0.5594951121076461
    ],
    "train_accs": [
      15.757575757575758,
      37.22943722943723,
      47.608225108225106,
      53.61471861471861,
      58.67965367965368,
      62.099567099567096,
      64.31818181818181,
      66.48268398268398,
      68.88528138528139,
      70.05411255411255,
      70.54112554112554,
      72.04545454545455,
      72.60822510822511,
      73.36580086580086,
      74.53463203463204,
      74.8051948051948,
      75.36796536796537,
      75.93073593073593,
      76.22294372294373,
      75.85497835497836
    ],