{
  "experiment_id": "seed_72",
  "seed_value": 72,
  "seed_index": 9,
  "timestamp": "2025-11-18T12:41:53.070237",
  "model_type": "image_only",
  "configuration": {
    "learning_rate": 5e-05,
    "batch_size": 32,
    "early_stopping_patience": 5,
    "dropout": 0.5,
    "weight_decay": 0.0001,
    "max_epochs": 20,
    "model_init_seed": 42,
    "data_split_seed": 72,
    "dataset_size": "100% (full dataset)"
  },
  "training_info": {
    "total_epochs": 20,
    "best_epoch": 20,
    "early_stopped": false,
    "total_time_minutes": 3.201694297790527
  },
  "validation_metrics": {
    "best_val_macro_f1": 0.8137036896277283,
    "best_val_accuracy": 81.37304391721352,
    "best_val_macro_precision": 0.8146920854998152,
    "best_val_macro_recall": 0.8172298170478217,
    "best_val_loss": 0.5566534587452489,
    "final_val_macro_f1": 0.8137036896277283,
    "final_val_accuracy": 81.37304391721352,
    "final_val_loss": 0.5566534587452489,
    "per_class_metrics": {
      "f1": {
        "conservative": 0.7350993377483444,
        "dressy": 0.9662921348314607,
        "ethnic": 0.8093385214007781,
        "fairy": 0.91156462585034,
        "feminine": 0.7499999999999999,
        "gal": 0.8260869565217391,
        "girlish": 0.6366782006920415,
        "kireime-casual": 0.6905537459283387,
        "lolita": 0.9404388714733543,
        "mode": 0.8038585209003215,
        "natural": 0.8074074074074075,
        "retro": 0.8114754098360655,
        "rock": 0.8163265306122449,
        "street": 0.8867313915857605
      },
      "precision": {
        "conservative": 0.6809815950920245,
        "dressy": 0.9699248120300752,
        "ethnic": 0.8125,
        "fairy": 0.8874172185430463,
        "feminine": 0.6845637583892618,
        "gal": 0.8571428571428571,
        "girlish": 0.7479674796747967,
        "kireime-casual": 0.7114093959731543,
        "lolita": 0.9316770186335404,
        "mode": 0.8116883116883117,
        "natural": 0.7730496453900709,
        "retro": 0.8461538461538461,
        "rock": 0.8130081300813008,
        "street": 0.8782051282051282
      },
      "recall": {
        "conservative": 0.7985611510791367,
        "dressy": 0.9626865671641791,
        "ethnic": 0.8062015503875969,
        "fairy": 0.9370629370629371,
        "feminine": 0.8292682926829268,
        "gal": 0.7972027972027972,
        "girlish": 0.5542168674698795,
        "kireime-casual": 0.6708860759493671,
        "lolita": 0.9493670886075949,
        "mode": 0.7961783439490446,
        "natural": 0.8449612403100775,
        "retro": 0.7795275590551181,
        "rock": 0.819672131147541,
        "street": 0.8954248366013072
      },
      "accuracy": {
        "conservative": 0.7985611510791367,
        "dressy": 0.9626865671641791,
        "ethnic": 0.8062015503875969,
        "fairy": 0.9370629370629371,
        "feminine": 0.8292682926829268,
        "gal": 0.7972027972027972,
        "girlish": 0.5542168674698795,
        "kireime-casual": 0.6708860759493671,
        "lolita": 0.9493670886075949,
        "mode": 0.7961783439490446,
        "natural": 0.8449612403100775,
        "retro": 0.7795275590551181,
        "rock": 0.819672131147541,
        "street": 0.8954248366013072
      }
    }
  },
  "test_metrics": {
    "test_macro_f1": 0.8120066431218564,
    "test_accuracy": 81.34140191628845,
    "test_macro_precision": 0.813898190183863,
    "test_macro_recall": 0.8169464588935211,
    "test_loss": 0.5532829319277117,
    "per_class_metrics": {
      "f1": {
        "conservative": 0.7142857142857143,
        "dressy": 0.9672727272727272,
        "ethnic": 0.8326848249027237,
        "fairy": 0.9209621993127148,
        "feminine": 0.6973180076628354,
        "gal": 0.8591549295774649,
        "girlish": 0.6115107913669066,
        "kireime-casual": 0.678082191780822,
        "lolita": 0.929663608562691,
        "mode": 0.823529411764706,
        "natural": 0.795774647887324,
        "retro": 0.819672131147541,
        "rock": 0.8181818181818182,
        "street": 0.9
      },
      "precision": {
        "conservative": 0.650887573964497,
        "dressy": 0.95,
        "ethnic": 0.8359375,
        "fairy": 0.9115646258503401,
        "feminine": 0.6546762589928058,
        "gal": 0.8652482269503546,
        "girlish": 0.7589285714285714,
        "kireime-casual": 0.7388059701492538,
        "lolita": 0.9101796407185628,
        "mode": 0.8109756097560976,
        "natural": 0.7290322580645161,
        "retro": 0.8547008547008547,
        "rock": 0.8114754098360656,
        "street": 0.9121621621621622
      },
      "recall": {
        "conservative": 0.7913669064748201,
        "dressy": 0.9851851851851852,
        "ethnic": 0.8294573643410853,
        "fairy": 0.9305555555555556,
        "feminine": 0.7459016393442623,
        "gal": 0.8531468531468531,
        "girlish": 0.5120481927710844,
        "kireime-casual": 0.6265822784810127,
        "lolita": 0.95,
        "mode": 0.8364779874213837,
        "natural": 0.875968992248062,
        "retro": 0.7874015748031497,
        "rock": 0.825,
        "street": 0.8881578947368421
      },
      "accuracy": {
        "conservative": 0.7913669064748201,
        "dressy": 0.9851851851851852,
        "ethnic": 0.8294573643410853,
        "fairy": 0.9305555555555556,
        "feminine": 0.7459016393442623,
        "gal": 0.8531468531468531,
        "girlish": 0.5120481927710844,
        "kireime-casual": 0.6265822784810127,
        "lolita": 0.95,
        "mode": 0.8364779874213837,
        "natural": 0.875968992248062,
        "retro": 0.7874015748031497,
        "rock": 0.825,
        "street": 0.8881578947368421
      }
    }
  },
  "overfitting_analysis": {
    "overfitting_detected": false,
    "best_val_loss": 0.5566534587452489,
    "val_loss_after_best": 0.5566534587452489,
    "increase_percentage": 0.0,
    "train_val_gap": 0.14259357654611926
  },
  "training_curves": {
    "train_losses": [
      2.57793651897602,
      2.2555444257069626,
      1.7911270766109744,
      1.4735088480385117,
      1.2805945295776051,
      1.148008117420038,
      1.0699285345094014,
      1.0107733978532176,
      0.9517020861582772,
      0.908630848755886,
      0.8634712526954994,
      0.8313360985587624,
      0.8056927391402037,
      0.7981659539018123,
      0.7840541313470029,
      0.755643829239281,
      0.7322987240697273,
      0.7251067908164952,
      0.7145342778375817,
      0.6992470352913681
    ],
    "val_losses": [
      2.4455181783245457,
      1.9002761206319254,
      1.4260542277366883,
      1.1588915423039468,
      0.9985897223795613,
      0.8906398117542267,
      0.8197246049681017,
      0.7682160398652477,
      0.7254125572020008,
      0.6939023209194983,
      0.667408729272504,
      0.6439474585556215,
      0.6264428832838612,
      0.6153615386255326,
      0.602901094382809,
      0.5909663376308256,
      0.5795173928622277,
      0.5724799541696426,
      0.5634693335140905,
      0.5566534587452489
    ],
    "train_accs": [
      15.72790294627383,
      37.001733102253034,
      47.80112651646447,
      53.69367417677643,
      59.22876949740035,
      62.749133448873486,
      65.07798960138648,
      66.29116117850953,
      68.39254766031196,
      69.78986135181975,
      70.65641247833622,
      71.79376083188909,
      73.18024263431542,
      73.06109185441942,
      73.63518197573657,
      74.42590987868284,
      74.91334488734836,
      75.43327556325823,
      76.12651646447141,
      76.64644714038128
    ],