{
  "experiment_id": "seed_120",
  "seed_value": 120,
  "seed_index": 13,
  "timestamp": "2025-11-18T12:54:52.156255",
  "model_type": "image_only",
  "configuration": {
    "learning_rate": 5e-05,
    "batch_size": 32,
    "early_stopping_patience": 5,
    "dropout": 0.5,
    "weight_decay": 0.0001,
    "max_epochs": 20,
    "model_init_seed": 42,
    "data_split_seed": 120,
    "dataset_size": "100% (full dataset)"
  },
  "training_info": {
    "total_epochs": 20,
    "best_epoch": 20,
    "early_stopped": false,
    "total_time_minutes": 3.1765524546305337
  },
  "validation_metrics": {
    "best_val_macro_f1": 0.8202557570083429,
    "best_val_accuracy": 81.95146612740142,
    "best_val_macro_precision": 0.8200058339421457,
    "best_val_macro_recall": 0.8229472280053501,
    "best_val_loss": 0.5574419700330303,
    "final_val_macro_f1": 0.8202557570083429,
    "final_val_accuracy": 81.95146612740142,
    "final_val_loss": 0.5574419700330303,
    "per_class_metrics": {
      "f1": {
        "conservative": 0.7216494845360826,
        "dressy": 0.9509433962264152,
        "ethnic": 0.8487084870848709,
        "fairy": 0.9347079037800687,
        "feminine": 0.7747035573122529,
        "gal": 0.8785714285714286,
        "girlish": 0.6796116504854368,
        "kireime-casual": 0.6710526315789473,
        "lolita": 0.946031746031746,
        "mode": 0.7934426229508197,
        "natural": 0.8014440433212996,
        "retro": 0.8264462809917354,
        "rock": 0.7935222672064778,
        "street": 0.8627450980392157
      },
      "precision": {
        "conservative": 0.6907894736842105,
        "dressy": 0.9618320610687023,
        "ethnic": 0.8098591549295775,
        "fairy": 0.918918918918919,
        "feminine": 0.7538461538461538,
        "gal": 0.8978102189781022,
        "girlish": 0.7342657342657343,
        "kireime-casual": 0.6986301369863014,
        "lolita": 0.9551282051282052,
        "mode": 0.8175675675675675,
        "natural": 0.7449664429530202,
        "retro": 0.8620689655172413,
        "rock": 0.7716535433070866,
        "street": 0.8627450980392157
      },
      "recall": {
        "conservative": 0.7553956834532374,
        "dressy": 0.9402985074626866,
        "ethnic": 0.8914728682170543,
        "fairy": 0.951048951048951,
        "feminine": 0.7967479674796748,
        "gal": 0.8601398601398601,
        "girlish": 0.6325301204819277,
        "kireime-casual": 0.6455696202531646,
        "lolita": 0.9371069182389937,
        "mode": 0.7707006369426752,
        "natural": 0.8671875,
        "retro": 0.7936507936507936,
        "rock": 0.8166666666666667,
        "street": 0.8627450980392157
      },
      "accuracy": {
        "conservative": 0.7553956834532374,
        "dressy": 0.9402985074626866,
        "ethnic": 0.8914728682170543,
        "fairy": 0.951048951048951,
        "feminine": 0.7967479674796748,
        "gal": 0.8601398601398601,
        "girlish": 0.6325301204819277,
        "kireime-casual": 0.6455696202531646,
        "lolita": 0.9371069182389937,
        "mode": 0.7707006369426752,
        "natural": 0.8671875,
        "retro": 0.7936507936507936,
        "rock": 0.8166666666666667,
        "street": 0.8627450980392157
      }
    }
  },
  "test_metrics": {
    "test_macro_f1": 0.8107981103929643,
    "test_accuracy": 81.25315816068722,
    "test_macro_precision": 0.8108411732051138,
    "test_macro_recall": 0.8156586705521941,
    "test_loss": 0.5661984465775951,
    "per_class_metrics": {
      "f1": {
        "conservative": 0.7394366197183098,
        "dressy": 0.959409594095941,
        "ethnic": 0.8191881918819188,
        "fairy": 0.9455782312925171,
        "feminine": 0.7230769230769231,
        "gal": 0.815884476534296,
        "girlish": 0.6369863013698631,
        "kireime-casual": 0.6915254237288134,
        "lolita": 0.9589905362776026,
        "mode": 0.805111821086262,
        "natural": 0.7724137931034484,
        "retro": 0.7591836734693878,
        "rock": 0.8079999999999999,
        "street": 0.9163879598662208
      },
      "precision": {
        "conservative": 0.7241379310344828,
        "dressy": 0.9558823529411765,
        "ethnic": 0.7816901408450704,
        "fairy": 0.9266666666666666,
        "feminine": 0.6811594202898551,
        "gal": 0.8432835820895522,
        "girlish": 0.7380952380952381,
        "kireime-casual": 0.7445255474452555,
        "lolita": 0.9681528662420382,
        "mode": 0.8129032258064516,
        "natural": 0.691358024691358,
        "retro": 0.7815126050420168,
        "rock": 0.7829457364341085,
        "street": 0.9194630872483222
      },
      "recall": {
        "conservative": 0.7553956834532374,
        "dressy": 0.9629629629629629,
        "ethnic": 0.8604651162790697,
        "fairy": 0.9652777777777778,
        "feminine": 0.7704918032786885,
        "gal": 0.7902097902097902,
        "girlish": 0.5602409638554217,
        "kireime-casual": 0.6455696202531646,
        "lolita": 0.95,
        "mode": 0.7974683544303798,
        "natural": 0.875,
        "retro": 0.7380952380952381,
        "rock": 0.8347107438016529,
        "street": 0.9133333333333333
      },
      "accuracy": {
        "conservative": 0.7553956834532374,
        "dressy": 0.9629629629629629,
        "ethnic": 0.8604651162790697,
        "fairy": 0.9652777777777778,
        "feminine": 0.7704918032786885,
        "gal": 0.7902097902097902,
        "girlish": 0.5602409638554217,
        "kireime-casual": 0.6455696202531646,
        "lolita": 0.95,
        "mode": 0.7974683544303798,
        "natural": 0.875,
        "retro": 0.7380952380952381,
        "rock": 0.8347107438016529,
        "street": 0.9133333333333333
      }
    }
  },
  "overfitting_analysis": {
    "overfitting_detected": false,
    "best_val_loss": 0.5574419700330303,
    "val_loss_after_best": 0.5574419700330303,
    "increase_percentage": 0.0,
    "train_val_gap": 0.14930355613060542
  },
  "training_curves": {
    "train_losses": [
      2.5804232024816494,
      2.2643062486780554,
      1.791099156887886,
      1.4688483577698572,
      1.2840119971536021,
      1.1583642625478725,
      1.0670488243697012,
      0.999262070573325,
      0.9466201524833494,
      0.9068658329211304,
      0.8683075658384078,
      0.8385477321783151,
      0.8143418925237491,
      0.7993425443304452,
      0.7724946290770204,
      0.7504399506484761,
      0.7439659925686859,
      0.7295422546797558,
      0.71172056220807,
      0.7067455261636357
    ],
    "val_losses": [
      2.4524491025555517,
      1.9135920809161278,
      1.430315892542562,
      1.154641197573754,
      0.994975297681747,
      0.8934562869610325,
      0.8167268576160553,
      0.7634730079481679,
      0.7247439219105628,
      0.697062325093054,
      0.6666916301173549,
      0.644034007383931,
      0.6283380773759657,
      0.6132276687891253,
      0.6000649227250007,
      0.5886638601941447,
      0.5805205443213063,
      0.5731829957615945,
      0.5635228402191593,
      0.5574419700330303
    ],
    "train_accs": [
      15.737633943067431,
      36.930403723346686,
      47.386080744669336,
      54.33488472778439,
      59.248836454161705,
      61.943933326117545,
      64.53079337590648,
      66.74964823032796,
      69.14168200021648,
      69.65039506440091,
      70.26734495075225,
      72.08572356315618,
      72.5078471696071,
      73.07067864487499,
      74.16387054876068,
      75.20294404156294,
      74.59681783742829,
      75.28953349929645,
      76.26366489879857,
      76.63167009416604
    ],