{
  "experiment_id": "seed_115",
  "seed_value": 115,
  "seed_index": 12,
  "timestamp": "2025-11-18T12:51:37.358742",
  "model_type": "image_only",
  "configuration": {
    "learning_rate": 5e-05,
    "batch_size": 32,
    "early_stopping_patience": 5,
    "dropout": 0.5,
    "weight_decay": 0.0001,
    "max_epochs": 20,
    "model_init_seed": 42,
    "data_split_seed": 115,
    "dataset_size": "100% (full dataset)"
  },
  "training_info": {
    "total_epochs": 20,
    "best_epoch": 20,
    "early_stopped": false,
    "total_time_minutes": 3.1791987379391986
  },
  "validation_metrics": {
    "best_val_macro_f1": 0.8296415488850817,
    "best_val_accuracy": 83.06370070778564,
    "best_val_macro_precision": 0.8308880188513736,
    "best_val_macro_recall": 0.8339483818563231,
    "best_val_loss": 0.5474922940615685,
    "final_val_macro_f1": 0.8296415488850817,
    "final_val_accuracy": 83.06370070778564,
    "final_val_loss": 0.5474922940615685,
    "per_class_metrics": {
      "f1": {
        "conservative": 0.74,
        "dressy": 0.966542750929368,
        "ethnic": 0.8745247148288975,
        "fairy": 0.9351535836177474,
        "feminine": 0.7449392712550608,
        "gal": 0.8601398601398601,
        "girlish": 0.657243816254417,
        "kireime-casual": 0.7243589743589743,
        "lolita": 0.9648562300319489,
        "mode": 0.8093645484949833,
        "natural": 0.8085106382978724,
        "retro": 0.8117154811715481,
        "rock": 0.8188976377952757,
        "street": 0.8987341772151898
      },
      "precision": {
        "conservative": 0.6894409937888198,
        "dressy": 0.9629629629629629,
        "ethnic": 0.8582089552238806,
        "fairy": 0.9133333333333333,
        "feminine": 0.7419354838709677,
        "gal": 0.8601398601398601,
        "girlish": 0.7948717948717948,
        "kireime-casual": 0.7337662337662337,
        "lolita": 0.967948717948718,
        "mode": 0.852112676056338,
        "natural": 0.7402597402597403,
        "retro": 0.8584070796460177,
        "rock": 0.7878787878787878,
        "street": 0.8711656441717791
      },
      "recall": {
        "conservative": 0.7985611510791367,
        "dressy": 0.9701492537313433,
        "ethnic": 0.8914728682170543,
        "fairy": 0.958041958041958,
        "feminine": 0.7479674796747967,
        "gal": 0.8601398601398601,
        "girlish": 0.5602409638554217,
        "kireime-casual": 0.7151898734177216,
        "lolita": 0.9617834394904459,
        "mode": 0.7707006369426752,
        "natural": 0.890625,
        "retro": 0.7698412698412699,
        "rock": 0.8524590163934426,
        "street": 0.9281045751633987
      },
      "accuracy": {
        "conservative": 0.7985611510791367,
        "dressy": 0.9701492537313433,
        "ethnic": 0.8914728682170543,
        "fairy": 0.958041958041958,
        "feminine": 0.7479674796747967,
        "gal": 0.8601398601398601,
        "girlish": 0.5602409638554217,
        "kireime-casual": 0.7151898734177216,
        "lolita": 0.9617834394904459,
        "mode": 0.7707006369426752,
        "natural": 0.890625,
        "retro": 0.7698412698412699,
        "rock": 0.8524590163934426,
        "street": 0.9281045751633987
      }
    }
  },
  "test_metrics": {
    "test_macro_f1": 0.8252516952919093,
    "test_accuracy": 82.51642243557352,
    "test_macro_precision": 0.8252709376438595,
    "test_macro_recall": 0.827707752320137,
    "test_loss": 0.5450212412303493,
    "per_class_metrics": {
      "f1": {
        "conservative": 0.7241379310344827,
        "dressy": 0.9420289855072463,
        "ethnic": 0.8638132295719845,
        "fairy": 0.9463087248322148,
        "feminine": 0.7519999999999999,
        "gal": 0.8478260869565217,
        "girlish": 0.7066666666666667,
        "kireime-casual": 0.6687500000000001,
        "lolita": 0.9456869009584665,
        "mode": 0.8387096774193549,
        "natural": 0.8074074074074074,
        "retro": 0.816,
        "rock": 0.8112449799196787,
        "street": 0.8829431438127091
      },
      "precision": {
        "conservative": 0.695364238410596,
        "dressy": 0.9219858156028369,
        "ethnic": 0.8671875,
        "fairy": 0.9155844155844156,
        "feminine": 0.734375,
        "gal": 0.8796992481203008,
        "girlish": 0.7910447761194029,
        "kireime-casual": 0.6604938271604939,
        "lolita": 0.961038961038961,
        "mode": 0.8552631578947368,
        "natural": 0.7676056338028169,
        "retro": 0.8292682926829268,
        "rock": 0.7769230769230769,
        "street": 0.8979591836734694
      },
      "recall": {
        "conservative": 0.7553956834532374,
        "dressy": 0.9629629629629629,
        "ethnic": 0.8604651162790697,
        "fairy": 0.9791666666666666,
        "feminine": 0.7704918032786885,
        "gal": 0.8181818181818182,
        "girlish": 0.6385542168674698,
        "kireime-casual": 0.6772151898734177,
        "lolita": 0.9308176100628931,
        "mode": 0.8227848101265823,
        "natural": 0.8515625,
        "retro": 0.8031496062992126,
        "rock": 0.8487394957983193,
        "street": 0.868421052631579
      },
      "accuracy": {
        "conservative": 0.7553956834532374,
        "dressy": 0.9629629629629629,
        "ethnic": 0.8604651162790697,
        "fairy": 0.9791666666666666,
        "feminine": 0.7704918032786885,
        "gal": 0.8181818181818182,
        "girlish": 0.6385542168674698,
        "kireime-casual": 0.6772151898734177,
        "lolita": 0.9308176100628931,
        "mode": 0.8227848101265823,
        "natural": 0.8515625,
        "retro": 0.8031496062992126,
        "rock": 0.8487394957983193,
        "street": 0.868421052631579
      }
    }
  },
  "overfitting_analysis": {
    "overfitting_detected": false,
    "best_val_loss": 0.5474922940615685,
    "val_loss_after_best": 0.5474922940615685,
    "increase_percentage": 0.0,
    "train_val_gap": 0.16649507207687653
  },
  "training_curves": {
    "train_losses": [
      2.5808935990383057,
      2.2752112810174485,
      1.7939899442105145,
      1.474876130328459,
      1.2901739915349493,
      1.1653877758649807,
      1.0778670323348787,
      1.005582680751708,
      0.9481219636940214,
      0.9201104329531581,
      0.8769972192374893,
      0.8293993646298313,
      0.8334312651396623,
      0.8055906126655922,
      0.7757397767375497,
      0.7575747819301579,
      0.743306618867036,
      0.7329467943382924,
      0.7181439098602348,
      0.713987366138445
    ],
    "val_losses": [
      2.453077385502477,
      1.913839384432762,
      1.4166627641647094,
      1.1466349469077202,
      0.9828918210921749,
      0.8787726509955621,
      0.8053863894554877,
      0.7527275335404181,
      0.711837588779388,
      0.6818363339670243,
      0.6537552922964096,
      0.6315894948859369,
      0.6165889112218734,
      0.6030187486640869,
      0.5908664498598345,
      0.57822695038011,
      0.5693518610731247,
      0.558797491654273,
      0.5513701818643078,
      0.5474922940615685
    ],
    "train_accs": [
      16.311289100552006,
      36.70310639679619,
      47.77573330447018,
      54.05346899015045,
      58.891654941010934,
      61.72745968178374,
      64.21690659162248,
      66.83623768806147,
      68.30825846953134,
      69.2174477757333,
      70.39722913735253,
      71.71771836778872,
      71.80430782552224,
      72.48619980517373,
      74.25046000649421,
      74.58599415521161,
      74.33704946422773,
      74.64011256629506,
      75.77659919904751,
      75.22459140599632
    ],