{
  "experiment_id": "seed_112",
  "seed_value": 112,
  "seed_index": 11,
  "timestamp": "2025-11-18T12:48:22.431326",
  "model_type": "image_only",
  "configuration": {
    "learning_rate": 5e-05,
    "batch_size": 32,
    "early_stopping_patience": 5,
    "dropout": 0.5,
    "weight_decay": 0.0001,
    "max_epochs": 20,
    "model_init_seed": 42,
    "data_split_seed": 112,
    "dataset_size": "100% (full dataset)"
  },
  "training_info": {
    "total_epochs": 20,
    "best_epoch": 20,
    "early_stopped": false,
    "total_time_minutes": 3.1870848059654238
  },
  "validation_metrics": {
    "best_val_macro_f1": 0.8199125564619646,
    "best_val_accuracy": 81.95146612740142,
    "best_val_macro_precision": 0.8201601505781948,
    "best_val_macro_recall": 0.8226041611132286,
    "best_val_loss": 0.5600713020370852,
    "final_val_macro_f1": 0.8199125564619646,
    "final_val_accuracy": 81.95146612740142,
    "final_val_loss": 0.5600713020370852,
    "per_class_metrics": {
      "f1": {
        "conservative": 0.6903914590747331,
        "dressy": 0.9632352941176471,
        "ethnic": 0.8181818181818183,
        "fairy": 0.9488054607508531,
        "feminine": 0.757201646090535,
        "gal": 0.842857142857143,
        "girlish": 0.6552901023890785,
        "kireime-casual": 0.6625766871165644,
        "lolita": 0.948051948051948,
        "mode": 0.8471337579617836,
        "natural": 0.7872340425531916,
        "retro": 0.816,
        "rock": 0.853658536585366,
        "street": 0.8881578947368421
      },
      "precision": {
        "conservative": 0.6830985915492958,
        "dressy": 0.9492753623188406,
        "ethnic": 0.8,
        "fairy": 0.9266666666666666,
        "feminine": 0.7666666666666667,
        "gal": 0.8613138686131386,
        "girlish": 0.7559055118110236,
        "kireime-casual": 0.6428571428571429,
        "lolita": 0.9605263157894737,
        "mode": 0.8471337579617835,
        "natural": 0.7254901960784313,
        "retro": 0.8292682926829268,
        "rock": 0.84,
        "street": 0.8940397350993378
      },
      "recall": {
        "conservative": 0.697841726618705,
        "dressy": 0.9776119402985075,
        "ethnic": 0.8372093023255814,
        "fairy": 0.972027972027972,
        "feminine": 0.7479674796747967,
        "gal": 0.8251748251748252,
        "girlish": 0.5783132530120482,
        "kireime-casual": 0.6835443037974683,
        "lolita": 0.9358974358974359,
        "mode": 0.8471337579617835,
        "natural": 0.8604651162790697,
        "retro": 0.8031496062992126,
        "rock": 0.8677685950413223,
        "street": 0.8823529411764706
      },
      "accuracy": {
        "conservative": 0.697841726618705,
        "dressy": 0.9776119402985075,
        "ethnic": 0.8372093023255814,
        "fairy": 0.972027972027972,
        "feminine": 0.7479674796747967,
        "gal": 0.8251748251748252,
        "girlish": 0.5783132530120482,
        "kireime-casual": 0.6835443037974683,
        "lolita": 0.9358974358974359,
        "mode": 0.8471337579617835,
        "natural": 0.8604651162790697,
        "retro": 0.8031496062992126,
        "rock": 0.8677685950413223,
        "street": 0.8823529411764706
      }
    }
  },
  "test_metrics": {
    "test_macro_f1": 0.8173071020043203,
    "test_accuracy": 81.80443548387096,
    "test_macro_precision": 0.817219449866471,
    "test_macro_recall": 0.821685526235948,
    "test_loss": 0.5379172491450464,
    "per_class_metrics": {
      "f1": {
        "conservative": 0.6783216783216783,
        "dressy": 0.9705882352941176,
        "ethnic": 0.8549019607843137,
        "fairy": 0.9379310344827586,
        "feminine": 0.7238805970149252,
        "gal": 0.8927335640138407,
        "girlish": 0.6391752577319587,
        "kireime-casual": 0.6644067796610169,
        "lolita": 0.9463722397476341,
        "mode": 0.8338557993730407,
        "natural": 0.784452296819788,
        "retro": 0.8093385214007781,
        "rock": 0.8130081300813008,
        "street": 0.8933333333333333
      },
      "precision": {
        "conservative": 0.6598639455782312,
        "dressy": 0.9635036496350365,
        "ethnic": 0.8650793650793651,
        "fairy": 0.9315068493150684,
        "feminine": 0.6643835616438356,
        "gal": 0.8835616438356164,
        "girlish": 0.744,
        "kireime-casual": 0.7153284671532847,
        "lolita": 0.9554140127388535,
        "mode": 0.8260869565217391,
        "natural": 0.7207792207792207,
        "retro": 0.8,
        "rock": 0.8,
        "street": 0.9115646258503401
      },
      "recall": {
        "conservative": 0.697841726618705,
        "dressy": 0.9777777777777777,
        "ethnic": 0.8449612403100775,
        "fairy": 0.9444444444444444,
        "feminine": 0.7950819672131147,
        "gal": 0.9020979020979021,
        "girlish": 0.5602409638554217,
        "kireime-casual": 0.620253164556962,
        "lolita": 0.9375,
        "mode": 0.8417721518987342,
        "natural": 0.8604651162790697,
        "retro": 0.8188976377952756,
        "rock": 0.8264462809917356,
        "street": 0.8758169934640523
      },
      "accuracy": {
        "conservative": 0.697841726618705,
        "dressy": 0.9777777777777777,
        "ethnic": 0.8449612403100775,
        "fairy": 0.9444444444444444,
        "feminine": 0.7950819672131147,
        "gal": 0.9020979020979021,
        "girlish": 0.5602409638554217,
        "kireime-casual": 0.620253164556962,
        "lolita": 0.9375,
        "mode": 0.8417721518987342,
        "natural": 0.8604651162790697,
        "retro": 0.8188976377952756,
        "rock": 0.8264462809917356,
        "street": 0.8758169934640523
      }
    }
  },
  "overfitting_analysis": {
    "overfitting_detected": false,
    "best_val_loss": 0.5600713020370852,
    "val_loss_after_best": 0.5600713020370852,
    "increase_percentage": 0.0,
    "train_val_gap": 0.14220311534512542
  },
  "training_curves": {
    "train_losses": [
      2.579440356950859,
      2.2573047150377583,
      1.7815871618198276,
      1.4700985635440655,
      1.2917752292741953,
      1.1605937949101406,
      1.081607902545005,
      1.0091884818869066,
      0.9343682446075559,
      0.9074592516084031,
      0.8558705526445977,
      0.8263228633618273,
      0.8190559077634119,
      0.7952755604029527,
      0.7784381946065434,
      0.7610752157686491,
      0.731948780559751,
      0.7149887274705827,
      0.7116577863486993,
      0.7022744173822106
    ],
    "val_losses": [
      2.453231250086138,
      1.9080066277134804,
      1.4269762712140237,
      1.1581382309236834,
      1.0039183209019322,
      0.895892511452398,
      0.8248669485892018,
      0.7711435325684086,
      0.7253624743992283,
      0.6988814506799944,
      0.6691366337960766,
      0.6475288440142909,
      0.6335780639802256,
      0.6175657496336968,
      0.6075000811007715,
      0.5945594113680625,
      0.5839840144880356,
      0.5754425463176542,
      0.5680140434734283,
      0.5600713020370852
    ],
    "train_accs": [
      15.832791856183668,
      36.24648039852718,
      48.50552306692658,
      54.44011262724713,
      58.80441845354126,
      62.04245180853368,
      64.78232618583496,
      66.53671215074723,
      68.75676846437081,
      69.41737058696123,
      71.53996101364523,
      72.20056313623564,
      72.66623348494693,
      73.3701537795105,
      73.08858566168507,
      74.13905133203379,
      75.63352826510722,
      76.03422135585878,
      75.91509638293265,
      76.67316439246264
    ],