{
  "experiment_id": "seed_217",
  "seed_value": 217,
  "seed_index": 17,
  "timestamp": "2025-11-18T13:07:49.840641",
  "model_type": "image_only",
  "configuration": {
    "learning_rate": 5e-05,
    "batch_size": 32,
    "early_stopping_patience": 5,
    "dropout": 0.5,
    "weight_decay": 0.0001,
    "max_epochs": 20,
    "model_init_seed": 42,
    "data_split_seed": 217,
    "dataset_size": "100% (full dataset)"
  },
  "training_info": {
    "total_epochs": 20,
    "best_epoch": 20,
    "early_stopped": false,
    "total_time_minutes": 3.1545995235443116
  },
  "validation_metrics": {
    "best_val_macro_f1": 0.8194729842656034,
    "best_val_accuracy": 81.96969696969697,
    "best_val_macro_precision": 0.8199168475832918,
    "best_val_macro_recall": 0.8238824122051197,
    "best_val_loss": 0.5464710482666569,
    "final_val_macro_f1": 0.8194729842656034,
    "final_val_accuracy": 81.96969696969697,
    "final_val_loss": 0.5464710482666569,
    "per_class_metrics": {
      "f1": {
        "conservative": 0.7330960854092526,
        "dressy": 0.9591078066914499,
        "ethnic": 0.8181818181818183,
        "fairy": 0.9319727891156463,
        "feminine": 0.7360594795539034,
        "gal": 0.8611111111111112,
        "girlish": 0.6782006920415226,
        "kireime-casual": 0.7070063694267517,
        "lolita": 0.932475884244373,
        "mode": 0.7811447811447813,
        "natural": 0.8056537102473498,
        "retro": 0.8192771084337348,
        "rock": 0.8063241106719367,
        "street": 0.903010033444816
      },
      "precision": {
        "conservative": 0.7253521126760564,
        "dressy": 0.9555555555555556,
        "ethnic": 0.8,
        "fairy": 0.9072847682119205,
        "feminine": 0.678082191780822,
        "gal": 0.8551724137931035,
        "girlish": 0.7967479674796748,
        "kireime-casual": 0.7115384615384616,
        "lolita": 0.9539473684210527,
        "mode": 0.8345323741007195,
        "natural": 0.7402597402597403,
        "retro": 0.8292682926829268,
        "rock": 0.7727272727272727,
        "street": 0.9183673469387755
      },
      "recall": {
        "conservative": 0.7410071942446043,
        "dressy": 0.9626865671641791,
        "ethnic": 0.8372093023255814,
        "fairy": 0.958041958041958,
        "feminine": 0.8048780487804879,
        "gal": 0.8671328671328671,
        "girlish": 0.5903614457831325,
        "kireime-casual": 0.7025316455696202,
        "lolita": 0.9119496855345912,
        "mode": 0.7341772151898734,
        "natural": 0.8837209302325582,
        "retro": 0.8095238095238095,
        "rock": 0.8429752066115702,
        "street": 0.8881578947368421
      },
      "accuracy": {
        "conservative": 0.7410071942446043,
        "dressy": 0.9626865671641791,
        "ethnic": 0.8372093023255814,
        "fairy": 0.958041958041958,
        "feminine": 0.8048780487804879,
        "gal": 0.8671328671328671,
        "girlish": 0.5903614457831325,
        "kireime-casual": 0.7025316455696202,
        "lolita": 0.9119496855345912,
        "mode": 0.7341772151898734,
        "natural": 0.8837209302325582,
        "retro": 0.8095238095238095,
        "rock": 0.8429752066115702,
        "street": 0.8881578947368421
      }
    }
  },
  "test_metrics": {
    "test_macro_f1": 0.8121057681578978,
    "test_accuracy": 81.2720848056537,
    "test_macro_precision": 0.8128726122898036,
    "test_macro_recall": 0.817943376289333,
    "test_loss": 0.5712244323184413,
    "per_class_metrics": {
      "f1": {
        "conservative": 0.717607973421927,
        "dressy": 0.9782608695652174,
        "ethnic": 0.8537549407114624,
        "fairy": 0.8881578947368421,
        "feminine": 0.7637795275590552,
        "gal": 0.8140350877192982,
        "girlish": 0.6526315789473685,
        "kireime-casual": 0.6369863013698631,
        "lolita": 0.9363057324840764,
        "mode": 0.8343949044585987,
        "natural": 0.8140350877192983,
        "retro": 0.7951807228915663,
        "rock": 0.8153846153846155,
        "street": 0.8689655172413793
      },
      "precision": {
        "conservative": 0.6666666666666666,
        "dressy": 0.9574468085106383,
        "ethnic": 0.8709677419354839,
        "fairy": 0.84375,
        "feminine": 0.7348484848484849,
        "gal": 0.8169014084507042,
        "girlish": 0.7815126050420168,
        "kireime-casual": 0.6940298507462687,
        "lolita": 0.9483870967741935,
        "mode": 0.8397435897435898,
        "natural": 0.7388535031847133,
        "retro": 0.8114754098360656,
        "rock": 0.762589928057554,
        "street": 0.9130434782608695
      },
      "recall": {
        "conservative": 0.7769784172661871,
        "dressy": 1.0,
        "ethnic": 0.8372093023255814,
        "fairy": 0.9375,
        "feminine": 0.7950819672131147,
        "gal": 0.8111888111888111,
        "girlish": 0.5602409638554217,
        "kireime-casual": 0.5886075949367089,
        "lolita": 0.9245283018867925,
        "mode": 0.8291139240506329,
        "natural": 0.90625,
        "retro": 0.7795275590551181,
        "rock": 0.8760330578512396,
        "street": 0.8289473684210527
      },
      "accuracy": {
        "conservative": 0.7769784172661871,
        "dressy": 1.0,
        "ethnic": 0.8372093023255814,
        "fairy": 0.9375,
        "feminine": 0.7950819672131147,
        "gal": 0.8111888111888111,
        "girlish": 0.5602409638554217,
        "kireime-casual": 0.5886075949367089,
        "lolita": 0.9245283018867925,
        "mode": 0.8291139240506329,
        "natural": 0.90625,
        "retro": 0.7795275590551181,
        "rock": 0.8760330578512396,
        "street": 0.8289473684210527
      }
    }
  },
  "overfitting_analysis": {
    "overfitting_detected": false,
    "best_val_loss": 0.5464710482666569,
    "val_loss_after_best": 0.5464710482666569,
    "increase_percentage": 0.0,
    "train_val_gap": 0.14864824544287036
  },
  "training_curves": {
    "train_losses": [
      2.5776981515455413,
      2.2608130485541267,
      1.790257249323967,
      1.4717889277580287,
      1.2853914344599502,
      1.163501777450931,
      1.0756937139587006,
      1.0004673866252174,
      0.9578092442664308,
      0.9142189578614021,
      0.8624007582252001,
      0.8396198273117567,
      0.8216278522072367,
      0.7873188098409184,
      0.7762004087540517,
      0.7513635581339931,
      0.7411397631605604,
      0.732719472432219,
      0.711486442897559,
      0.6951192937095273
    ],
    "val_losses": [
      2.4461517372438983,
      1.8982650791445086,
      1.4153358532536415,
      1.1406108669696315,
      0.9802482051234092,
      0.8796100876023693,
      0.8054041804805878,
      0.750952091909224,
      0.712675767560159,
      0.6816913999857441,
      0.6535833521235374,
      0.633714486995051,
      0.6203404640959155,
      0.6024344928802983,
      0.5909724331671192,
      0.5787262402234539,
      0.5694216585928394,
      0.5619059430976068,
      0.5539021871743663,
      0.5464710482666569
    ],
    "train_accs": [
      16.3183540877098,
      36.89225771521386,
      48.251218191662154,
      54.54250135354629,
      58.841364374661616,
      61.959935029778016,
      64.47211694639957,
      67.55820249052518,
      68.00216567406605,
      69.06334596643205,
      71.142393069843,
      71.72712506767732,
      72.08446128857607,
      73.4163508391987,
      73.68706009745533,
      74.4775311315647,
      75.13806172171088,
      74.91066594477532,
      76.29669734704927,
      76.34001082837032
    ],