{
  "experiment_id": "seed_14",
  "seed_value": 14,
  "seed_index": 2,
  "timestamp": "2025-11-18T12:19:05.611371",
  "model_type": "image_only",
  "configuration": {
    "learning_rate": 5e-05,
    "batch_size": 32,
    "early_stopping_patience": 5,
    "dropout": 0.5,
    "weight_decay": 0.0001,
    "max_epochs": 20,
    "model_init_seed": 42,
    "data_split_seed": 14,
    "dataset_size": "100% (full dataset)"
  },
  "training_info": {
    "total_epochs": 20,
    "best_epoch": 19,
    "early_stopped": false,
    "total_time_minutes": 3.1706129988034566
  },
  "validation_metrics": {
    "best_val_macro_f1": 0.826114494222679,
    "best_val_accuracy": 82.68551236749117,
    "best_val_macro_precision": 0.826988224133936,
    "best_val_macro_recall": 0.8316292591837453,
    "best_val_loss": 0.5243379790936747,
    "final_val_macro_f1": 0.8240137550440277,
    "final_val_accuracy": 82.48359414437152,
    "final_val_loss": 0.5243379790936747,
    "per_class_metrics": {
      "f1": {
        "conservative": 0.7224080267558529,
        "dressy": 0.962962962962963,
        "ethnic": 0.8281249999999999,
        "fairy": 0.9387755102040817,
        "feminine": 0.749090909090909,
        "gal": 0.8737201365187713,
        "girlish": 0.65,
        "kireime-casual": 0.7023411371237457,
        "lolita": 0.9523809523809524,
        "mode": 0.8013245033112582,
        "natural": 0.8290909090909091,
        "retro": 0.804780876494024,
        "rock": 0.8421052631578947,
        "street": 0.9084967320261438
      },
      "precision": {
        "conservative": 0.675,
        "dressy": 0.9558823529411765,
        "ethnic": 0.8346456692913385,
        "fairy": 0.9139072847682119,
        "feminine": 0.6776315789473685,
        "gal": 0.8533333333333334,
        "girlish": 0.7982456140350878,
        "kireime-casual": 0.7446808510638298,
        "lolita": 0.9615384615384616,
        "mode": 0.8461538461538461,
        "natural": 0.7808219178082192,
        "retro": 0.808,
        "rock": 0.8253968253968254,
        "street": 0.9025974025974026
      },
      "recall": {
        "conservative": 0.7769784172661871,
        "dressy": 0.9701492537313433,
        "ethnic": 0.8217054263565892,
        "fairy": 0.965034965034965,
        "feminine": 0.8373983739837398,
        "gal": 0.8951048951048951,
        "girlish": 0.5481927710843374,
        "kireime-casual": 0.6645569620253164,
        "lolita": 0.9433962264150944,
        "mode": 0.7610062893081762,
        "natural": 0.8837209302325582,
        "retro": 0.8015873015873016,
        "rock": 0.859504132231405,
        "street": 0.9144736842105263
      },
      "accuracy": {
        "conservative": 0.7769784172661871,
        "dressy": 0.9701492537313433,
        "ethnic": 0.8217054263565892,
        "fairy": 0.965034965034965,
        "feminine": 0.8373983739837398,
        "gal": 0.8951048951048951,
        "girlish": 0.5481927710843374,
        "kireime-casual": 0.6645569620253164,
        "lolita": 0.9433962264150944,
        "mode": 0.7610062893081762,
        "natural": 0.8837209302325582,
        "retro": 0.8015873015873016,
        "rock": 0.859504132231405,
        "street": 0.9144736842105263
      }
    }
  },
  "test_metrics": {
    "test_macro_f1": 0.8158139990168166,
    "test_accuracy": 81.63471241170535,
    "test_macro_precision": 0.8159426811830122,
    "test_macro_recall": 0.8203288852169293,
    "test_loss": 0.5650499496729143,
    "per_class_metrics": {
      "f1": {
        "conservative": 0.7410071942446043,
        "dressy": 0.9527272727272726,
        "ethnic": 0.8603773584905661,
        "fairy": 0.9236111111111112,
        "feminine": 0.7434944237918215,
        "gal": 0.8380281690140846,
        "girlish": 0.6666666666666666,
        "kireime-casual": 0.7055016181229773,
        "lolita": 0.9221183800623053,
        "mode": 0.7792207792207794,
        "natural": 0.8,
        "retro": 0.8065843621399178,
        "rock": 0.796812749003984,
        "street": 0.8852459016393444
      },
      "precision": {
        "conservative": 0.7410071942446043,
        "dressy": 0.9357142857142857,
        "ethnic": 0.8382352941176471,
        "fairy": 0.9236111111111112,
        "feminine": 0.6802721088435374,
        "gal": 0.8439716312056738,
        "girlish": 0.7868852459016393,
        "kireime-casual": 0.7218543046357616,
        "lolita": 0.9135802469135802,
        "mode": 0.8,
        "natural": 0.7417218543046358,
        "retro": 0.8448275862068966,
        "rock": 0.7633587786259542,
        "street": 0.8881578947368421
      },
      "recall": {
        "conservative": 0.7410071942446043,
        "dressy": 0.9703703703703703,
        "ethnic": 0.8837209302325582,
        "fairy": 0.9236111111111112,
        "feminine": 0.819672131147541,
        "gal": 0.8321678321678322,
        "girlish": 0.5783132530120482,
        "kireime-casual": 0.689873417721519,
        "lolita": 0.9308176100628931,
        "mode": 0.759493670886076,
        "natural": 0.8682170542635659,
        "retro": 0.7716535433070866,
        "rock": 0.8333333333333334,
        "street": 0.8823529411764706
      },
      "accuracy": {
        "conservative": 0.7410071942446043,
        "dressy": 0.9703703703703703,
        "ethnic": 0.8837209302325582,
        "fairy": 0.9236111111111112,
        "feminine": 0.819672131147541,
        "gal": 0.8321678321678322,
        "girlish": 0.5783132530120482,
        "kireime-casual": 0.689873417721519,
        "lolita": 0.9308176100628931,
        "mode": 0.759493670886076,
        "natural": 0.8682170542635659,
        "retro": 0.7716535433070866,
        "rock": 0.8333333333333334,
        "street": 0.8823529411764706
      }
    }
  },
  "overfitting_analysis": {
    "overfitting_detected": false,
    "best_val_loss": 0.5243379790936747,
    "val_loss_after_best": 0.5243379790936747,
    "increase_percentage": 0.0,
    "train_val_gap": 0.19218099987164894
  },
  "training_curves": {
    "train_losses": [
      2.5787157269910135,
      2.265370237786052,
      1.7841156143630665,
      1.471919320858886,
      1.294831737308766,
      1.16284440091737,
      1.067114304299998,
      0.9964202015457682,
      0.9483096787261303,
      0.9091013979334319,
      0.8661361915223739,
      0.8454589578725887,
      0.8220615555052114,
      0.8019571108389065,
      0.7719245236431439,
      0.7546545101078324,
      0.7490333484737106,
      0.7326032702898072,
      0.7165189789653237,
      0.7043121136389802
    ],
    "val_losses": [
      2.445853779392858,
      1.9047200795142882,
      1.4071365614091196,
      1.1371300422376203,
      0.9785542276597792,
      0.8741913091751837,
      0.7957777976989746,
      0.7399046594096769,
      0.6992417737360923,
      0.6674196340384022,
      0.6399650169957068,
      0.6178759966165789,
      0.5998296002226491,
      0.5864378185041489,
      0.5716487827800936,
      0.5582705731353452,
      0.5519474374671136,
      0.5430080631086903,
      0.5331546428703493,
      0.5243379790936747
    ],
    "train_accs": [
      15.747860933607711,
      36.56449691324597,
      48.153362937290154,
      54.47850102891801,
      58.49669663164735,
      61.7675728365645,
      64.95180331419907,
      67.05296220080147,
      68.1685259395646,
      69.39239683743095,
      70.96285064442759,
      72.01343008772879,
      72.53330445142424,
      73.18314740604355,
      73.60554532654608,
      74.92689266760533,
      74.92689266760533,
      75.03519982670855,
      75.40344416765949,
      76.23740929275425
    ],