{
  "experiment_id": "seed_48",
  "seed_value": 48,
  "seed_index": 6,
  "timestamp": "2025-11-18T12:32:03.088143",
  "model_type": "image_only",
  "configuration": {
    "learning_rate": 5e-05,
    "batch_size": 32,
    "early_stopping_patience": 5,
    "dropout": 0.5,
    "weight_decay": 0.0001,
    "max_epochs": 20,
    "model_init_seed": 42,
    "data_split_seed": 48,
    "dataset_size": "100% (full dataset)"
  },
  "training_info": {
    "total_epochs": 20,
    "best_epoch": 19,
    "early_stopped": false,
    "total_time_minutes": 3.1757839719454446
  },
  "validation_metrics": {
    "best_val_macro_f1": 0.8222533448770514,
    "best_val_accuracy": 82.23119636547199,
    "best_val_macro_precision": 0.8243017832431746,
    "best_val_macro_recall": 0.8263350219486437,
    "best_val_loss": 0.5439594412042249,
    "final_val_macro_f1": 0.8216160202218104,
    "final_val_accuracy": 82.18071680969207,
    "final_val_loss": 0.5439594412042249,
    "per_class_metrics": {
      "f1": {
        "conservative": 0.75,
        "dressy": 0.9777777777777777,
        "ethnic": 0.856060606060606,
        "fairy": 0.9204152249134948,
        "feminine": 0.7608695652173912,
        "gal": 0.8424908424908425,
        "girlish": 0.7132867132867132,
        "kireime-casual": 0.6858974358974358,
        "lolita": 0.9404388714733543,
        "mode": 0.8387096774193549,
        "natural": 0.7913669064748201,
        "retro": 0.8132780082987552,
        "rock": 0.7892720306513411,
        "street": 0.8316831683168318
      },
      "precision": {
        "conservative": 0.7446808510638298,
        "dressy": 0.9705882352941176,
        "ethnic": 0.837037037037037,
        "fairy": 0.910958904109589,
        "feminine": 0.6862745098039216,
        "gal": 0.8846153846153846,
        "girlish": 0.85,
        "kireime-casual": 0.6948051948051948,
        "lolita": 0.9375,
        "mode": 0.8609271523178808,
        "natural": 0.738255033557047,
        "retro": 0.8596491228070176,
        "rock": 0.7304964539007093,
        "street": 0.8344370860927153
      },
      "recall": {
        "conservative": 0.7553956834532374,
        "dressy": 0.9850746268656716,
        "ethnic": 0.875968992248062,
        "fairy": 0.9300699300699301,
        "feminine": 0.8536585365853658,
        "gal": 0.8041958041958042,
        "girlish": 0.6144578313253012,
        "kireime-casual": 0.6772151898734177,
        "lolita": 0.9433962264150944,
        "mode": 0.8176100628930818,
        "natural": 0.8527131782945736,
        "retro": 0.7716535433070866,
        "rock": 0.8583333333333333,
        "street": 0.8289473684210527
      },
      "accuracy": {
        "conservative": 0.7553956834532374,
        "dressy": 0.9850746268656716,
        "ethnic": 0.875968992248062,
        "fairy": 0.9300699300699301,
        "feminine": 0.8536585365853658,
        "gal": 0.8041958041958042,
        "girlish": 0.6144578313253012,
        "kireime-casual": 0.6772151898734177,
        "lolita": 0.9433962264150944,
        "mode": 0.8176100628930818,
        "natural": 0.8527131782945736,
        "retro": 0.7716535433070866,
        "rock": 0.8583333333333333,
        "street": 0.8289473684210527
      }
    }
  },
  "test_metrics": {
    "test_macro_f1": 0.8012510499775084,
    "test_accuracy": 80.20202020202021,
    "test_macro_precision": 0.8007019662278111,
    "test_macro_recall": 0.8058652143835277,
    "test_loss": 0.5634277386050071,
    "per_class_metrics": {
      "f1": {
        "conservative": 0.7050359712230215,
        "dressy": 0.9481481481481482,
        "ethnic": 0.8339768339768341,
        "fairy": 0.9278350515463918,
        "feminine": 0.7169811320754718,
        "gal": 0.852112676056338,
        "girlish": 0.5886524822695035,
        "kireime-casual": 0.6625,
        "lolita": 0.9349845201238389,
        "mode": 0.7961783439490445,
        "natural": 0.8178438661710037,
        "retro": 0.776,
        "rock": 0.7888446215139443,
        "street": 0.868421052631579
      },
      "precision": {
        "conservative": 0.7050359712230215,
        "dressy": 0.9481481481481482,
        "ethnic": 0.8307692307692308,
        "fairy": 0.9183673469387755,
        "feminine": 0.6643356643356644,
        "gal": 0.8581560283687943,
        "girlish": 0.7155172413793104,
        "kireime-casual": 0.654320987654321,
        "lolita": 0.9207317073170732,
        "mode": 0.8012820512820513,
        "natural": 0.7746478873239436,
        "retro": 0.7886178861788617,
        "rock": 0.7557251908396947,
        "street": 0.8741721854304636
      },
      "recall": {
        "conservative": 0.7050359712230215,
        "dressy": 0.9481481481481482,
        "ethnic": 0.8372093023255814,
        "fairy": 0.9375,
        "feminine": 0.7786885245901639,
        "gal": 0.8461538461538461,
        "girlish": 0.5,
        "kireime-casual": 0.6708860759493671,
        "lolita": 0.949685534591195,
        "mode": 0.7911392405063291,
        "natural": 0.8661417322834646,
        "retro": 0.7637795275590551,
        "rock": 0.825,
        "street": 0.8627450980392157
      },
      "accuracy": {
        "conservative": 0.7050359712230215,
        "dressy": 0.9481481481481482,
        "ethnic": 0.8372093023255814,
        "fairy": 0.9375,
        "feminine": 0.7786885245901639,
        "gal": 0.8461538461538461,
        "girlish": 0.5,
        "kireime-casual": 0.6708860759493671,
        "lolita": 0.949685534591195,
        "mode": 0.7911392405063291,
        "natural": 0.8661417322834646,
        "retro": 0.7637795275590551,
        "rock": 0.825,
        "street": 0.8627450980392157
      }
    }
  },
  "overfitting_analysis": {
    "overfitting_detected": false,
    "best_val_loss": 0.5439594412042249,
    "val_loss_after_best": 0.5439594412042249,
    "increase_percentage": 0.0,
    "train_val_gap": 0.1694707515426932
  },
  "training_curves": {
    "train_losses": [
      2.5786592234377217,
      2.26268305498011,
      1.7913768435844502,
      1.470703257821423,
      1.2909782759871038,
      1.160646365588099,
      1.0694873990897076,
      0.993761496147895,
      0.9476872507263633,
      0.8990627364303826,
      0.8706172803693989,
      0.8408247233468356,
      0.8090947911813597,
      0.7925534279288717,
      0.7722485363483429,
      0.7593311904623434,
      0.7386859892561362,
      0.7288471045791072,
      0.7134301927469181,
      0.7032103058994847
    ],
    "val_losses": [
      2.4495874028052054,
      1.9112245517392312,
      1.4274296414467595,
      1.1485906695165942,
      0.9873886704444885,
      0.8806858831836332,
      0.8061400858625289,
      0.7548938239774396,
      0.7148509626427004,
      0.6812640510259136,
      0.6581597010935506,
      0.6375815666490986,
      0.6196435180402571,
      0.6042873720007558,
      0.5909214678310579,
      0.5790556476962182,
      0.5697215415777699,
      0.5598507263968068,
      0.5525206625461578,
      0.5439594412042249
    ],
    "train_accs": [
      16.5674066053059,
      37.260422306442884,
      47.99133730373579,
      54.60747157552788,
      58.28911748781808,
      62.20898754737412,
      64.73199783432594,
      67.40660530590146,
      68.28370330265295,
      70.20032485110991,
      71.02328099621008,
      72.24688684353005,
      72.87493232268544,
      72.65836491608013,
      73.95776935571196,
      74.2609637249594,
      75.14889009204114,
      75.83107742284786,
      75.62533838657282,
      76.36166756903086
    ],