{
  "experiment_id": "seed_13",
  "seed_value": 13,
  "seed_index": 1,
  "timestamp": "2025-11-18T12:15:51.156283",
  "model_type": "image_only",
  "configuration": {
    "learning_rate": 5e-05,
    "batch_size": 32,
    "early_stopping_patience": 5,
    "dropout": 0.5,
    "weight_decay": 0.0001,
    "max_epochs": 20,
    "model_init_seed": 42,
    "data_split_seed": 13,
    "dataset_size": "100% (full dataset)"
  },
  "training_info": {
    "total_epochs": 20,
    "best_epoch": 20,
    "early_stopped": false,
    "total_time_minutes": 3.185520319143931
  },
  "validation_metrics": {
    "best_val_macro_f1": 0.8229338085238299,
    "best_val_accuracy": 82.40040342914776,
    "best_val_macro_precision": 0.8222299929617947,
    "best_val_macro_recall": 0.8271465803322172,
    "best_val_loss": 0.5329983046939296,
    "final_val_macro_f1": 0.8229338085238299,
    "final_val_accuracy": 82.40040342914776,
    "final_val_loss": 0.5329983046939296,
    "per_class_metrics": {
      "f1": {
        "conservative": 0.710801393728223,
        "dressy": 0.9433962264150944,
        "ethnic": 0.888888888888889,
        "fairy": 0.936026936026936,
        "feminine": 0.7109375,
        "gal": 0.8767123287671232,
        "girlish": 0.6391752577319587,
        "kireime-casual": 0.717607973421927,
        "lolita": 0.9592476489028213,
        "mode": 0.8227848101265823,
        "natural": 0.7912087912087912,
        "retro": 0.8326530612244898,
        "rock": 0.8174603174603174,
        "street": 0.8741721854304637
      },
      "precision": {
        "conservative": 0.6891891891891891,
        "dressy": 0.9541984732824428,
        "ethnic": 0.851063829787234,
        "fairy": 0.9025974025974026,
        "feminine": 0.6842105263157895,
        "gal": 0.8590604026845637,
        "girlish": 0.744,
        "kireime-casual": 0.7552447552447552,
        "lolita": 0.95625,
        "mode": 0.8227848101265823,
        "natural": 0.75,
        "retro": 0.864406779661017,
        "rock": 0.7923076923076923,
        "street": 0.8859060402684564
      },
      "recall": {
        "conservative": 0.7338129496402878,
        "dressy": 0.9328358208955224,
        "ethnic": 0.9302325581395349,
        "fairy": 0.972027972027972,
        "feminine": 0.7398373983739838,
        "gal": 0.8951048951048951,
        "girlish": 0.5602409638554217,
        "kireime-casual": 0.6835443037974683,
        "lolita": 0.9622641509433962,
        "mode": 0.8227848101265823,
        "natural": 0.8372093023255814,
        "retro": 0.8031496062992126,
        "rock": 0.8442622950819673,
        "street": 0.8627450980392157
      },
      "accuracy": {
        "conservative": 0.7338129496402878,
        "dressy": 0.9328358208955224,
        "ethnic": 0.9302325581395349,
        "fairy": 0.972027972027972,
        "feminine": 0.7398373983739838,
        "gal": 0.8951048951048951,
        "girlish": 0.5602409638554217,
        "kireime-casual": 0.6835443037974683,
        "lolita": 0.9622641509433962,
        "mode": 0.8227848101265823,
        "natural": 0.8372093023255814,
        "retro": 0.8031496062992126,
        "rock": 0.8442622950819673,
        "street": 0.8627450980392157
      }
    }
  },
  "test_metrics": {
    "test_macro_f1": 0.815770184609309,
    "test_accuracy": 81.70793329964629,
    "test_macro_precision": 0.8161070151092181,
    "test_macro_recall": 0.8199089895304483,
    "test_loss": 0.5519012135844077,
    "per_class_metrics": {
      "f1": {
        "conservative": 0.7346938775510204,
        "dressy": 0.9562043795620438,
        "ethnic": 0.8340080971659919,
        "fairy": 0.9271523178807947,
        "feminine": 0.7286821705426356,
        "gal": 0.8350877192982457,
        "girlish": 0.6416382252559728,
        "kireime-casual": 0.7,
        "lolita": 0.9308176100628932,
        "mode": 0.8348909657320872,
        "natural": 0.827338129496403,
        "retro": 0.7833333333333332,
        "rock": 0.8047808764940239,
        "street": 0.8821548821548821
      },
      "precision": {
        "conservative": 0.6967741935483871,
        "dressy": 0.9424460431654677,
        "ethnic": 0.8728813559322034,
        "fairy": 0.8860759493670886,
        "feminine": 0.6911764705882353,
        "gal": 0.8380281690140845,
        "girlish": 0.7401574803149606,
        "kireime-casual": 0.7394366197183099,
        "lolita": 0.9367088607594937,
        "mode": 0.8271604938271605,
        "natural": 0.7666666666666667,
        "retro": 0.831858407079646,
        "rock": 0.7709923664122137,
        "street": 0.8851351351351351
      },
      "recall": {
        "conservative": 0.7769784172661871,
        "dressy": 0.9703703703703703,
        "ethnic": 0.7984496124031008,
        "fairy": 0.9722222222222222,
        "feminine": 0.7704918032786885,
        "gal": 0.8321678321678322,
        "girlish": 0.5662650602409639,
        "kireime-casual": 0.6645569620253164,
        "lolita": 0.925,
        "mode": 0.8427672955974843,
        "natural": 0.8984375,
        "retro": 0.7401574803149606,
        "rock": 0.8416666666666667,
        "street": 0.8791946308724832
      },
      "accuracy": {
        "conservative": 0.7769784172661871,
        "dressy": 0.9703703703703703,
        "ethnic": 0.7984496124031008,
        "fairy": 0.9722222222222222,
        "feminine": 0.7704918032786885,
        "gal": 0.8321678321678322,
        "girlish": 0.5662650602409639,
        "kireime-casual": 0.6645569620253164,
        "lolita": 0.925,
        "mode": 0.8427672955974843,
        "natural": 0.8984375,
        "retro": 0.7401574803149606,
        "rock": 0.8416666666666667,
        "street": 0.8791946308724832
      }
    }
  },
  "overfitting_analysis": {
    "overfitting_detected": false,
    "best_val_loss": 0.5329983046939296,
    "val_loss_after_best": 0.5329983046939296,
    "increase_percentage": 0.0,
    "train_val_gap": 0.17091486443597992
  },
  "training_curves": {
    "train_losses": [
      2.579254407783693,
      2.274542155975289,
      1.7986574923703416,
      1.4768018091426176,
      1.2902187632854423,
      1.1597347375018374,
      1.0792758248256564,
      0.9986518332702479,
      0.9537804966154395,
      0.9078370615272786,
      0.8714613666996411,
      0.8454944964717416,
      0.8144771596964668,
      0.7935187364944537,
      0.7854683920998887,
      0.7569503691369687,
      0.7472712951341715,
      0.7304130319286796,
      0.7117211255647732,
      0.7039131691299095
    ],
    "val_losses": [
      2.4489038913480696,
      1.9170284713468244,
      1.4262827807857144,
      1.1462688619090664,
      0.9827014390499361,
      0.8742153029288015,
      0.7998540574504484,
      0.7411107420921326,
      0.7031502863091807,
      0.6704356386776893,
      0.6434575992245828,
      0.6245618553892258,
      0.6060347547454219,
      0.5908361346490921,
      0.5792673806990346,
      0.5677702369228486,
      0.556487416067431,
      0.5485718572332013,
      0.5401531227173344,
      0.5329983046939296
    ],
    "train_accs": [
      16.580030322720383,
      36.12735542560104,
      47.801602772363005,
      53.97444227853585,
      58.28460038986355,
      62.59475850119125,
      64.34914446610352,
      66.9482347844921,
      68.06367771280053,
      69.14663201212909,
      70.13212042451809,
      71.42083604071908,
      72.64457439896036,
      73.31600606454407,
      73.11024474767164,
      73.95494910114793,
      74.99458522850335,
      75.38444877626164,
      76.00173272687893,
      76.16417587177821
    ],