{
  "experiment_id": "seed_45",
  "seed_value": 45,
  "seed_index": 5,
  "timestamp": "2025-11-18T12:28:48.309678",
  "model_type": "image_only",
  "configuration": {
    "learning_rate": 5e-05,
    "batch_size": 32,
    "early_stopping_patience": 5,
    "dropout": 0.5,
    "weight_decay": 0.0001,
    "max_epochs": 20,
    "model_init_seed": 42,
    "data_split_seed": 45,
    "dataset_size": "100% (full dataset)"
  },
  "training_info": {
    "total_epochs": 20,
    "best_epoch": 20,
    "early_stopped": false,
    "total_time_minutes": 3.177327072620392
  },
  "validation_metrics": {
    "best_val_macro_f1": 0.8180642737402077,
    "best_val_accuracy": 81.88259109311741,
    "best_val_macro_precision": 0.8186145160100212,
    "best_val_macro_recall": 0.8234532515156087,
    "best_val_loss": 0.5417653740413727,
    "final_val_macro_f1": 0.8180642737402077,
    "final_val_accuracy": 81.88259109311741,
    "final_val_loss": 0.5417653740413727,
    "per_class_metrics": {
      "f1": {
        "conservative": 0.7266435986159169,
        "dressy": 0.9565217391304348,
        "ethnic": 0.888030888030888,
        "fairy": 0.9337979094076655,
        "feminine": 0.7482014388489209,
        "gal": 0.8442906574394464,
        "girlish": 0.6379928315412186,
        "kireime-casual": 0.7035830618892508,
        "lolita": 0.940809968847352,
        "mode": 0.8013468013468014,
        "natural": 0.7851851851851851,
        "retro": 0.8032128514056225,
        "rock": 0.7936507936507937,
        "street": 0.8896321070234113
      },
      "precision": {
        "conservative": 0.7,
        "dressy": 0.9295774647887324,
        "ethnic": 0.8846153846153846,
        "fairy": 0.9305555555555556,
        "feminine": 0.6709677419354839,
        "gal": 0.8356164383561644,
        "girlish": 0.7876106194690266,
        "kireime-casual": 0.7248322147651006,
        "lolita": 0.9320987654320988,
        "mode": 0.8439716312056738,
        "natural": 0.75177304964539,
        "retro": 0.8130081300813008,
        "rock": 0.7633587786259542,
        "street": 0.8926174496644296
      },
      "recall": {
        "conservative": 0.7553956834532374,
        "dressy": 0.9850746268656716,
        "ethnic": 0.8914728682170543,
        "fairy": 0.9370629370629371,
        "feminine": 0.8455284552845529,
        "gal": 0.8531468531468531,
        "girlish": 0.536144578313253,
        "kireime-casual": 0.6835443037974683,
        "lolita": 0.949685534591195,
        "mode": 0.7628205128205128,
        "natural": 0.8217054263565892,
        "retro": 0.7936507936507936,
        "rock": 0.8264462809917356,
        "street": 0.8866666666666667
      },
      "accuracy": {
        "conservative": 0.7553956834532374,
        "dressy": 0.9850746268656716,
        "ethnic": 0.8914728682170543,
        "fairy": 0.9370629370629371,
        "feminine": 0.8455284552845529,
        "gal": 0.8531468531468531,
        "girlish": 0.536144578313253,
        "kireime-casual": 0.6835443037974683,
        "lolita": 0.949685534591195,
        "mode": 0.7628205128205128,
        "natural": 0.8217054263565892,
        "retro": 0.7936507936507936,
        "rock": 0.8264462809917356,
        "street": 0.8866666666666667
      }
    }
  },
  "test_metrics": {
    "test_macro_f1": 0.8214853016238459,
    "test_accuracy": 82.15369059656219,
    "test_macro_precision": 0.8223771684556251,
    "test_macro_recall": 0.8241517202393002,
    "test_loss": 0.5504478867496213,
    "per_class_metrics": {
      "f1": {
        "conservative": 0.7168458781362007,
        "dressy": 0.9416058394160584,
        "ethnic": 0.8262548262548264,
        "fairy": 0.9337979094076655,
        "feminine": 0.7686567164179104,
        "gal": 0.8689655172413793,
        "girlish": 0.6621160409556314,
        "kireime-casual": 0.7033639143730888,
        "lolita": 0.9535603715170279,
        "mode": 0.7935483870967742,
        "natural": 0.8296296296296297,
        "retro": 0.7999999999999999,
        "rock": 0.8245614035087718,
        "street": 0.877887788778878
      },
      "precision": {
        "conservative": 0.7142857142857143,
        "dressy": 0.9280575539568345,
        "ethnic": 0.823076923076923,
        "fairy": 0.9370629370629371,
        "feminine": 0.7054794520547946,
        "gal": 0.8571428571428571,
        "girlish": 0.7637795275590551,
        "kireime-casual": 0.6804733727810651,
        "lolita": 0.9447852760736196,
        "mode": 0.8092105263157895,
        "natural": 0.7832167832167832,
        "retro": 0.8235294117647058,
        "rock": 0.8623853211009175,
        "street": 0.8807947019867549
      },
      "recall": {
        "conservative": 0.7194244604316546,
        "dressy": 0.9555555555555556,
        "ethnic": 0.8294573643410853,
        "fairy": 0.9305555555555556,
        "feminine": 0.8442622950819673,
        "gal": 0.8811188811188811,
        "girlish": 0.5843373493975904,
        "kireime-casual": 0.7278481012658228,
        "lolita": 0.9625,
        "mode": 0.7784810126582279,
        "natural": 0.8818897637795275,
        "retro": 0.7777777777777778,
        "rock": 0.7899159663865546,
        "street": 0.875
      },
      "accuracy": {
        "conservative": 0.7194244604316546,
        "dressy": 0.9555555555555556,
        "ethnic": 0.8294573643410853,
        "fairy": 0.9305555555555556,
        "feminine": 0.8442622950819673,
        "gal": 0.8811188811188811,
        "girlish": 0.5843373493975904,
        "kireime-casual": 0.7278481012658228,
        "lolita": 0.9625,
        "mode": 0.7784810126582279,
        "natural": 0.8818897637795275,
        "retro": 0.7777777777777778,
        "rock": 0.7899159663865546,
        "street": 0.875
      }
    }
  },
  "overfitting_analysis": {
    "overfitting_detected": false,
    "best_val_loss": 0.5417653740413727,
    "val_loss_after_best": 0.5417653740413727,
    "increase_percentage": 0.0,
    "train_val_gap": 0.1621849768371877
  },
  "training_curves": {
    "train_losses": [
      2.579518645692449,
      2.2546790817617133,
      1.786137410101181,
      1.4760203188265897,
      1.280611399754521,
      1.1546183414112738,
      1.0656070814413183,
      0.9904461245223313,
      0.943463760470024,
      0.909350344878992,
      0.8694324233540202,
      0.8281950249391443,
      0.8118058692625237,
      0.7900443414297071,
      0.7640131192223836,
      0.7568728807269496,
      0.7437304115006668,
      0.7272011658312127,
      0.7176938793238472,
      0.7039503508785604
    ],
    "val_losses": [
      2.44945147345143,
      1.9064581740287043,
      1.4186898777561803,
      1.152405346593549,
      0.9865884646292655,
      0.8768004419342164,
      0.8042999928997409,
      0.7486583926985341,
      0.7061896617374113,
      0.6794211249197682,
      0.6500444042105828,
      0.6295711691341093,
      0.6109261051301034,
      0.5974182823011952,
      0.5836599522059963,
      0.5744908202079034,
      0.5642727036629954,
      0.5560455447243106,
      0.5503587939085499,
      0.5417653740413727
    ],
    "train_accs": [
      15.667604414628869,
      36.55053018827094,
      47.652023371564596,
      53.91690110365722,
      59.17550313784895,
      61.81562432373945,
      64.21770179614802,
      67.66933564163601,
      68.97857606578663,
      69.33564163600953,
      70.64488206016014,
      72.28954771694438,
      73.4364856091755,
      73.32828392122917,
      74.09651590564813,
      74.31291928154079,
      75.21099329149534,
      74.90802856524562,
      75.47067734256655,
      75.67626054966458
    ],