{
  "experiment_id": "seed_303",
  "seed_value": 303,
  "seed_index": 21,
  "timestamp": "2025-11-18T13:20:50.261041",
  "model_type": "image_only",
  "configuration": {
    "learning_rate": 5e-05,
    "batch_size": 32,
    "early_stopping_patience": 5,
    "dropout": 0.5,
    "weight_decay": 0.0001,
    "max_epochs": 20,
    "model_init_seed": 42,
    "data_split_seed": 303,
    "dataset_size": "100% (full dataset)"
  },
  "training_info": {
    "total_epochs": 20,
    "best_epoch": 20,
    "early_stopped": false,
    "total_time_minutes": 3.1928756197293597
  },
  "validation_metrics": {
    "best_val_macro_f1": 0.8101773429095159,
    "best_val_accuracy": 81.06060606060606,
    "best_val_macro_precision": 0.8097669750575676,
    "best_val_macro_recall": 0.8146651561728305,
    "best_val_loss": 0.5580167332964558,
    "final_val_macro_f1": 0.8101773429095159,
    "final_val_accuracy": 81.06060606060606,
    "final_val_loss": 0.5580167332964558,
    "per_class_metrics": {
      "f1": {
        "conservative": 0.7253521126760563,
        "dressy": 0.9694656488549618,
        "ethnic": 0.8413284132841329,
        "fairy": 0.9183673469387755,
        "feminine": 0.7294117647058823,
        "gal": 0.8531468531468531,
        "girlish": 0.6279863481228669,
        "kireime-casual": 0.6666666666666666,
        "lolita": 0.9565217391304347,
        "mode": 0.7806451612903226,
        "natural": 0.7985611510791367,
        "retro": 0.8,
        "rock": 0.8045977011494253,
        "street": 0.8704318936877077
      },
      "precision": {
        "conservative": 0.7103448275862069,
        "dressy": 0.9921875,
        "ethnic": 0.8028169014084507,
        "fairy": 0.8940397350993378,
        "feminine": 0.7045454545454546,
        "gal": 0.8531468531468531,
        "girlish": 0.7244094488188977,
        "kireime-casual": 0.696551724137931,
        "lolita": 0.9447852760736196,
        "mode": 0.7960526315789473,
        "natural": 0.7449664429530202,
        "retro": 0.8495575221238938,
        "rock": 0.75,
        "street": 0.8733333333333333
      },
      "recall": {
        "conservative": 0.7410071942446043,
        "dressy": 0.9477611940298507,
        "ethnic": 0.8837209302325582,
        "fairy": 0.9440559440559441,
        "feminine": 0.7560975609756098,
        "gal": 0.8531468531468531,
        "girlish": 0.5542168674698795,
        "kireime-casual": 0.6392405063291139,
        "lolita": 0.9685534591194969,
        "mode": 0.7658227848101266,
        "natural": 0.8604651162790697,
        "retro": 0.7559055118110236,
        "rock": 0.8677685950413223,
        "street": 0.8675496688741722
      },
      "accuracy": {
        "conservative": 0.7410071942446043,
        "dressy": 0.9477611940298507,
        "ethnic": 0.8837209302325582,
        "fairy": 0.9440559440559441,
        "feminine": 0.7560975609756098,
        "gal": 0.8531468531468531,
        "girlish": 0.5542168674698795,
        "kireime-casual": 0.6392405063291139,
        "lolita": 0.9685534591194969,
        "mode": 0.7658227848101266,
        "natural": 0.8604651162790697,
        "retro": 0.7559055118110236,
        "rock": 0.8677685950413223,
        "street": 0.8675496688741722
      }
    }
  },
  "test_metrics": {
    "test_macro_f1": 0.8263075912925044,
    "test_accuracy": 82.66801414855988,
    "test_macro_precision": 0.8255778238774631,
    "test_macro_recall": 0.830112402251261,
    "test_loss": 0.5402484738057659,
    "per_class_metrics": {
      "f1": {
        "conservative": 0.75177304964539,
        "dressy": 0.9600000000000001,
        "ethnic": 0.8615384615384616,
        "fairy": 0.9209621993127148,
        "feminine": 0.7322834645669293,
        "gal": 0.8304498269896193,
        "girlish": 0.6710963455149502,
        "kireime-casual": 0.7092651757188498,
        "lolita": 0.9437500000000001,
        "mode": 0.8227424749163879,
        "natural": 0.851063829787234,
        "retro": 0.8114754098360656,
        "rock": 0.8160000000000001,
        "street": 0.8859060402684564
      },
      "precision": {
        "conservative": 0.7412587412587412,
        "dressy": 0.9428571428571428,
        "ethnic": 0.8549618320610687,
        "fairy": 0.9115646258503401,
        "feminine": 0.7045454545454546,
        "gal": 0.821917808219178,
        "girlish": 0.7481481481481481,
        "kireime-casual": 0.7161290322580646,
        "lolita": 0.9320987654320988,
        "mode": 0.8723404255319149,
        "natural": 0.7843137254901961,
        "retro": 0.8389830508474576,
        "rock": 0.7786259541984732,
        "street": 0.9103448275862069
      },
      "recall": {
        "conservative": 0.762589928057554,
        "dressy": 0.9777777777777777,
        "ethnic": 0.8682170542635659,
        "fairy": 0.9305555555555556,
        "feminine": 0.7622950819672131,
        "gal": 0.8391608391608392,
        "girlish": 0.608433734939759,
        "kireime-casual": 0.7025316455696202,
        "lolita": 0.9556962025316456,
        "mode": 0.7784810126582279,
        "natural": 0.9302325581395349,
        "retro": 0.7857142857142857,
        "rock": 0.8571428571428571,
        "street": 0.8627450980392157
      },
      "accuracy": {
        "conservative": 0.762589928057554,
        "dressy": 0.9777777777777777,
        "ethnic": 0.8682170542635659,
        "fairy": 0.9305555555555556,
        "feminine": 0.7622950819672131,
        "gal": 0.8391608391608392,
        "girlish": 0.608433734939759,
        "kireime-casual": 0.7025316455696202,
        "lolita": 0.9556962025316456,
        "mode": 0.7784810126582279,
        "natural": 0.9302325581395349,
        "retro": 0.7857142857142857,
        "rock": 0.8571428571428571,
        "street": 0.8627450980392157
      }
    }
  },
  "overfitting_analysis": {
    "overfitting_detected": false,
    "best_val_loss": 0.5580167332964558,
    "val_loss_after_best": 0.5580167332964558,
    "increase_percentage": 0.0,
    "train_val_gap": 0.14663827132368368
  },
  "training_curves": {
    "train_losses": [
      2.5745775328375475,
      2.2548813139278585,
      1.7831160597322722,
      1.4658504076895005,
      1.2732531508772431,
      1.1541838303569278,
      1.065407494360188,
      0.9939248627857353,
      0.9448164218849789,
      0.9105982938233543,
      0.8721696682867295,
      0.835828746581985,
      0.8031916612159835,
      0.7937871895240665,
      0.771926674153978,
      0.751813477710869,
      0.7418009713034316,
      0.7327191919397731,
      0.7156000991181106,
      0.7046550046201395
    ],
    "val_losses": [
      2.445906719853801,
      1.9087611340707349,
      1.4270023722802438,
      1.1621584430817635,
      1.0013176029728306,
      0.8996508880969016,
      0.8275144801985833,
      0.7723214174470594,
      0.7331120126670406,
      0.7003685476318482,
      0.6730469864222312,
      0.6525835327563747,
      0.6314954873054258,
      0.6192114213781972,
      0.6046308067537123,
      0.5908969030264886,
      0.5808082953576119,
      0.574586245802141,
      0.5663359891022405,
      0.5580167332964558
    ],
    "train_accs": [
      16.43390711269893,
      36.74353144960485,
      46.919995669589696,
      54.36830139655732,
      59.40240337772004,
      62.379560463353904,
      64.95615459564793,
      67.11053372307026,
      68.7452636137274,
      69.73043195842806,
      70.91046876691567,
      72.30702609072209,
      73.03236981704016,
      73.15145610046552,
      74.06084226480459,
      74.78618599112266,
      74.60214355310166,
      75.20840099599437,
      75.67392010392985,
      76.12861318609939
    ],