{
  "experiment_id": "seed_367",
  "seed_value": 367,
  "seed_index": 27,
  "timestamp": "2025-11-18T13:40:25.902128",
  "model_type": "image_only",
  "configuration": {
    "learning_rate": 5e-05,
    "batch_size": 32,
    "early_stopping_patience": 5,
    "dropout": 0.5,
    "weight_decay": 0.0001,
    "max_epochs": 20,
    "model_init_seed": 42,
    "data_split_seed": 367,
    "dataset_size": "100% (full dataset)"
  },
  "training_info": {
    "total_epochs": 20,
    "best_epoch": 20,
    "early_stopped": false,
    "total_time_minutes": 3.2165303349494936
  },
  "validation_metrics": {
    "best_val_macro_f1": 0.8088648167338448,
    "best_val_accuracy": 80.96920747097425,
    "best_val_macro_precision": 0.810354681892335,
    "best_val_macro_recall": 0.8141629800389156,
    "best_val_loss": 0.5537264895054602,
    "final_val_macro_f1": 0.8088648167338448,
    "final_val_accuracy": 80.96920747097425,
    "final_val_loss": 0.5537264895054602,
    "per_class_metrics": {
      "f1": {
        "conservative": 0.7062937062937064,
        "dressy": 0.9558823529411764,
        "ethnic": 0.849624060150376,
        "fairy": 0.9052631578947369,
        "feminine": 0.7127272727272728,
        "gal": 0.815884476534296,
        "girlish": 0.6214285714285714,
        "kireime-casual": 0.6516129032258065,
        "lolita": 0.9357798165137615,
        "mode": 0.8421052631578947,
        "natural": 0.8041237113402061,
        "retro": 0.7385892116182572,
        "rock": 0.8744939271255061,
        "street": 0.9102990033222591
      },
      "precision": {
        "conservative": 0.6870748299319728,
        "dressy": 0.9420289855072463,
        "ethnic": 0.8248175182481752,
        "fairy": 0.9084507042253521,
        "feminine": 0.6447368421052632,
        "gal": 0.8432835820895522,
        "girlish": 0.7631578947368421,
        "kireime-casual": 0.6644736842105263,
        "lolita": 0.9107142857142857,
        "mode": 0.8827586206896552,
        "natural": 0.7222222222222222,
        "retro": 0.7739130434782608,
        "rock": 0.864,
        "street": 0.9133333333333333
      },
      "recall": {
        "conservative": 0.7266187050359713,
        "dressy": 0.9701492537313433,
        "ethnic": 0.875968992248062,
        "fairy": 0.9020979020979021,
        "feminine": 0.7967479674796748,
        "gal": 0.7902097902097902,
        "girlish": 0.5240963855421686,
        "kireime-casual": 0.6392405063291139,
        "lolita": 0.9622641509433962,
        "mode": 0.8050314465408805,
        "natural": 0.9069767441860465,
        "retro": 0.7063492063492064,
        "rock": 0.8852459016393442,
        "street": 0.9072847682119205
      },
      "accuracy": {
        "conservative": 0.7266187050359713,
        "dressy": 0.9701492537313433,
        "ethnic": 0.875968992248062,
        "fairy": 0.9020979020979021,
        "feminine": 0.7967479674796748,
        "gal": 0.7902097902097902,
        "girlish": 0.5240963855421686,
        "kireime-casual": 0.6392405063291139,
        "lolita": 0.9622641509433962,
        "mode": 0.8050314465408805,
        "natural": 0.9069767441860465,
        "retro": 0.7063492063492064,
        "rock": 0.8852459016393442,
        "street": 0.9072847682119205
      }
    }
  },
  "test_metrics": {
    "test_macro_f1": 0.8170459192986975,
    "test_accuracy": 81.79979777553083,
    "test_macro_precision": 0.8173282516579103,
    "test_macro_recall": 0.8209528533026603,
    "test_loss": 0.55506731569767,
    "per_class_metrics": {
      "f1": {
        "conservative": 0.7285714285714286,
        "dressy": 0.9588014981273408,
        "ethnic": 0.8262548262548264,
        "fairy": 0.9375,
        "feminine": 0.7360594795539033,
        "gal": 0.8226950354609929,
        "girlish": 0.6228373702422145,
        "kireime-casual": 0.7395498392282959,
        "lolita": 0.9515151515151515,
        "mode": 0.8089171974522292,
        "natural": 0.7928571428571429,
        "retro": 0.8114754098360656,
        "rock": 0.8097165991902834,
        "street": 0.891891891891892
      },
      "precision": {
        "conservative": 0.723404255319149,
        "dressy": 0.9696969696969697,
        "ethnic": 0.823076923076923,
        "fairy": 0.9375,
        "feminine": 0.673469387755102,
        "gal": 0.8345323741007195,
        "girlish": 0.7317073170731707,
        "kireime-casual": 0.7516339869281046,
        "lolita": 0.9235294117647059,
        "mode": 0.8141025641025641,
        "natural": 0.7302631578947368,
        "retro": 0.8319327731092437,
        "rock": 0.7874015748031497,
        "street": 0.9103448275862069
      },
      "recall": {
        "conservative": 0.7338129496402878,
        "dressy": 0.9481481481481482,
        "ethnic": 0.8294573643410853,
        "fairy": 0.9375,
        "feminine": 0.8114754098360656,
        "gal": 0.8111888111888111,
        "girlish": 0.5421686746987951,
        "kireime-casual": 0.7278481012658228,
        "lolita": 0.98125,
        "mode": 0.8037974683544303,
        "natural": 0.8671875,
        "retro": 0.792,
        "rock": 0.8333333333333334,
        "street": 0.8741721854304636
      },
      "accuracy": {
        "conservative": 0.7338129496402878,
        "dressy": 0.9481481481481482,
        "ethnic": 0.8294573643410853,
        "fairy": 0.9375,
        "feminine": 0.8114754098360656,
        "gal": 0.8111888111888111,
        "girlish": 0.5421686746987951,
        "kireime-casual": 0.7278481012658228,
        "lolita": 0.98125,
        "mode": 0.8037974683544303,
        "natural": 0.8671875,
        "retro": 0.792,
        "rock": 0.8333333333333334,
        "street": 0.8741721854304636
      }
    }
  },
  "overfitting_analysis": {
    "overfitting_detected": false,
    "best_val_loss": 0.5537264895054602,
    "val_loss_after_best": 0.5537264895054602,
    "increase_percentage": 0.0,
    "train_val_gap": 0.1494413136417997
  },
  "training_curves": {
    "train_losses": [
      2.5799668297223155,
      2.266710514428294,
      1.7851712084971498,
      1.460318505970252,
      1.2883017646812651,
      1.1574851125994357,
      1.0676463669146634,
      1.0002726277265581,
      0.9584684087330907,
      0.9075938052784612,
      0.8660925540132094,
      0.8322288448629083,
      0.804118388561229,
      0.7867771808870111,
      0.7779766344900362,
      0.7580624278441432,
      0.7367008763613585,
      0.7207526492412527,
      0.7113076523719775,
      0.7031678031472599
    ],
    "val_losses": [
      2.4563255886877737,
      1.9218526078808693,
      1.431632443781822,
      1.1580177382115395,
      1.001937577801366,
      0.8907189349974355,
      0.8200582246626577,
      0.7663835046752807,
      0.72825637652028,
      0.6947074652679505,
      0.6683769298176612,
      0.6461473962953014,
      0.6253497292918544,
      0.6110871727428129,
      0.6006084949739517,
      0.5876996935375275,
      0.5782214431993423,
      0.5692843400662945,
      0.5616136645117114,
      0.5537264895054602
    ],
    "train_accs": [
      15.816823644040273,
      36.71105337230703,
      48.13251055537512,
      55.12612320017322,
      58.10328028580708,
      62.57442892714084,
      64.84789433798852,
      66.60171051207102,
      67.99826783587746,
      70.0552127314063,
      70.91046876691567,
      71.8631590343185,
      73.21641225506117,
      73.29219443542276,
      73.75771354335824,
      74.73205586229295,
      75.07848868680307,
      75.33831330518566,
      75.69557215546173,
      76.21522139222691
    ],