{
  "experiment_id": "seed_17",
  "seed_value": 17,
  "seed_index": 4,
  "timestamp": "2025-11-18T12:25:33.471101",
  "model_type": "image_only",
  "configuration": {
    "learning_rate": 5e-05,
    "batch_size": 32,
    "early_stopping_patience": 5,
    "dropout": 0.5,
    "weight_decay": 0.0001,
    "max_epochs": 20,
    "model_init_seed": 42,
    "data_split_seed": 17,
    "dataset_size": "100% (full dataset)"
  },
  "training_info": {
    "total_epochs": 20,
    "best_epoch": 20,
    "early_stopped": false,
    "total_time_minutes": 3.1752251744270326
  },
  "validation_metrics": {
    "best_val_macro_f1": 0.8122203107687381,
    "best_val_accuracy": 81.34479271991911,
    "best_val_macro_precision": 0.81261457901432,
    "best_val_macro_recall": 0.8161478341913486,
    "best_val_loss": 0.562013945271892,
    "final_val_macro_f1": 0.8122203107687381,
    "final_val_accuracy": 81.34479271991911,
    "final_val_loss": 0.562013945271892,
    "per_class_metrics": {
      "f1": {
        "conservative": 0.7551020408163265,
        "dressy": 0.9372693726937269,
        "ethnic": 0.8,
        "fairy": 0.951048951048951,
        "feminine": 0.6886446886446886,
        "gal": 0.8175675675675675,
        "girlish": 0.6202090592334495,
        "kireime-casual": 0.6842105263157894,
        "lolita": 0.9592476489028213,
        "mode": 0.8333333333333334,
        "natural": 0.8030888030888031,
        "retro": 0.7874015748031497,
        "rock": 0.8320000000000001,
        "street": 0.9019607843137255
      },
      "precision": {
        "conservative": 0.7161290322580646,
        "dressy": 0.927007299270073,
        "ethnic": 0.8448275862068966,
        "fairy": 0.951048951048951,
        "feminine": 0.6266666666666667,
        "gal": 0.7908496732026143,
        "girlish": 0.7355371900826446,
        "kireime-casual": 0.7123287671232876,
        "lolita": 0.95625,
        "mode": 0.8387096774193549,
        "natural": 0.7938931297709924,
        "retro": 0.7751937984496124,
        "rock": 0.8062015503875969,
        "street": 0.9019607843137255
      },
      "recall": {
        "conservative": 0.7985611510791367,
        "dressy": 0.9477611940298507,
        "ethnic": 0.7596899224806202,
        "fairy": 0.951048951048951,
        "feminine": 0.7642276422764228,
        "gal": 0.8461538461538461,
        "girlish": 0.536144578313253,
        "kireime-casual": 0.6582278481012658,
        "lolita": 0.9622641509433962,
        "mode": 0.8280254777070064,
        "natural": 0.8125,
        "retro": 0.8,
        "rock": 0.859504132231405,
        "street": 0.9019607843137255
      },
      "accuracy": {
        "conservative": 0.7985611510791367,
        "dressy": 0.9477611940298507,
        "ethnic": 0.7596899224806202,
        "fairy": 0.951048951048951,
        "feminine": 0.7642276422764228,
        "gal": 0.8461538461538461,
        "girlish": 0.536144578313253,
        "kireime-casual": 0.6582278481012658,
        "lolita": 0.9622641509433962,
        "mode": 0.8280254777070064,
        "natural": 0.8125,
        "retro": 0.8,
        "rock": 0.859504132231405,
        "street": 0.9019607843137255
      }
    }
  },
  "test_metrics": {
    "test_macro_f1": 0.8102262860120142,
    "test_accuracy": 81.05103587670541,
    "test_macro_precision": 0.810227919523744,
    "test_macro_recall": 0.8149304059604391,
    "test_loss": 0.5475992070090386,
    "per_class_metrics": {
      "f1": {
        "conservative": 0.7200000000000001,
        "dressy": 0.966542750929368,
        "ethnic": 0.8484848484848484,
        "fairy": 0.9297658862876254,
        "feminine": 0.7335907335907337,
        "gal": 0.8185053380782917,
        "girlish": 0.6315789473684209,
        "kireime-casual": 0.6797385620915033,
        "lolita": 0.9430379746835443,
        "mode": 0.8129032258064517,
        "natural": 0.8088235294117647,
        "retro": 0.8273092369477911,
        "rock": 0.7764705882352942,
        "street": 0.8464163822525597
      },
      "precision": {
        "conservative": 0.6708074534161491,
        "dressy": 0.9701492537313433,
        "ethnic": 0.8296296296296296,
        "fairy": 0.896774193548387,
        "feminine": 0.6934306569343066,
        "gal": 0.8333333333333334,
        "girlish": 0.7563025210084033,
        "kireime-casual": 0.7027027027027027,
        "lolita": 0.9490445859872612,
        "mode": 0.8344370860927153,
        "natural": 0.7638888888888888,
        "retro": 0.8306451612903226,
        "rock": 0.7388059701492538,
        "street": 0.8732394366197183
      },
      "recall": {
        "conservative": 0.7769784172661871,
        "dressy": 0.9629629629629629,
        "ethnic": 0.8682170542635659,
        "fairy": 0.9652777777777778,
        "feminine": 0.7786885245901639,
        "gal": 0.8041958041958042,
        "girlish": 0.5421686746987951,
        "kireime-casual": 0.6582278481012658,
        "lolita": 0.9371069182389937,
        "mode": 0.7924528301886793,
        "natural": 0.859375,
        "retro": 0.824,
        "rock": 0.8181818181818182,
        "street": 0.8211920529801324
      },
      "accuracy": {
        "conservative": 0.7769784172661871,
        "dressy": 0.9629629629629629,
        "ethnic": 0.8682170542635659,
        "fairy": 0.9652777777777778,
        "feminine": 0.7786885245901639,
        "gal": 0.8041958041958042,
        "girlish": 0.5421686746987951,
        "kireime-casual": 0.6582278481012658,
        "lolita": 0.9371069182389937,
        "mode": 0.7924528301886793,
        "natural": 0.859375,
        "retro": 0.824,
        "rock": 0.8181818181818182,
        "street": 0.8211920529801324
      }
    }
  },
  "overfitting_analysis": {
    "overfitting_detected": false,
    "best_val_loss": 0.562013945271892,
    "val_loss_after_best": 0.562013945271892,
    "increase_percentage": 0.0,
    "train_val_gap": 0.1338283682470942
  },
  "training_curves": {
    "train_losses": [
      2.579741859106044,
      2.268913121371946,
      1.7885173563313732,
      1.4686077779552102,
      1.2898524475757638,
      1.1518482891746047,
      1.0728920547607448,
      1.0001528168219596,
      0.9443499889340781,
      0.9100725753909576,
      0.8667200015902932,
      0.8417464910287759,
      0.8167830656144033,
      0.7967838303646827,
      0.7668982322447028,
      0.7510655964740832,
      0.7430382414260125,
      0.727208441619642,
      0.716754974378434,
      0.6958423135189862
    ],
    "val_losses": [
      2.451231333517259,
      1.91804676863455,
      1.427762181528153,
      1.1546620159379897,
      0.997468339820062,
      0.8928962974779068,
      0.8222359120845795,
      0.7694433821785834,
      0.7296567871685951,
      0.6997618497379364,
      0.6711032981834104,
      0.6518904893629013,
      0.6347902931513325,
      0.6205979494317886,
      0.6062170416116714,
      0.5941724330186844,
      0.5861758315755475,
      0.5779953685499006,
      0.5707623213529587,
      0.562013945271892
    ],
    "train_accs": [
      16.159757549518346,
      37.42829310531443,
      48.05714904210412,
      54.540534689901506,
      59.02153912761121,
      62.528412165818814,
      64.75809070245698,
      66.8145903236281,
      68.93603203809936,
      69.66121874661759,
      71.53371577010499,
      71.86924991882238,
      71.69607100335534,
      73.28715228920879,
      73.9257495399935,
      74.69423097737851,
      74.60764151964499,
      75.33282822816322,
      75.5709492369304,
      76.27448858101526
    ],