{
  "experiment_id": "seed_333",
  "seed_value": 333,
  "seed_index": 24,
  "timestamp": "2025-11-18T13:30:38.219390",
  "model_type": "image_only",
  "configuration": {
    "learning_rate": 5e-05,
    "batch_size": 32,
    "early_stopping_patience": 5,
    "dropout": 0.5,
    "weight_decay": 0.0001,
    "max_epochs": 20,
    "model_init_seed": 42,
    "data_split_seed": 333,
    "dataset_size": "100% (full dataset)"
  },
  "training_info": {
    "total_epochs": 20,
    "best_epoch": 20,
    "early_stopped": false,
    "total_time_minutes": 3.1903977235158285
  },
  "validation_metrics": {
    "best_val_macro_f1": 0.8010480073246293,
    "best_val_accuracy": 80.20202020202021,
    "best_val_macro_precision": 0.8010800446179902,
    "best_val_macro_recall": 0.8049055621425192,
    "best_val_loss": 0.572921181878736,
    "final_val_macro_f1": 0.8010480073246293,
    "final_val_accuracy": 80.20202020202021,
    "final_val_loss": 0.572921181878736,
    "per_class_metrics": {
      "f1": {
        "conservative": 0.7132867132867132,
        "dressy": 0.9739776951672863,
        "ethnic": 0.8333333333333333,
        "fairy": 0.9072164948453608,
        "feminine": 0.7286821705426357,
        "gal": 0.8181818181818182,
        "girlish": 0.6297577854671281,
        "kireime-casual": 0.6840390879478827,
        "lolita": 0.9254658385093167,
        "mode": 0.7859424920127797,
        "natural": 0.795774647887324,
        "retro": 0.7736625514403291,
        "rock": 0.7755102040816327,
        "street": 0.8698412698412699
      },
      "precision": {
        "conservative": 0.6938775510204082,
        "dressy": 0.9703703703703703,
        "ethnic": 0.8536585365853658,
        "fairy": 0.8918918918918919,
        "feminine": 0.6962962962962963,
        "gal": 0.8181818181818182,
        "girlish": 0.7398373983739838,
        "kireime-casual": 0.7046979865771812,
        "lolita": 0.9085365853658537,
        "mode": 0.7987012987012987,
        "natural": 0.7290322580645161,
        "retro": 0.8034188034188035,
        "rock": 0.7661290322580645,
        "street": 0.8404907975460123
      },
      "recall": {
        "conservative": 0.7338129496402878,
        "dressy": 0.9776119402985075,
        "ethnic": 0.813953488372093,
        "fairy": 0.9230769230769231,
        "feminine": 0.7642276422764228,
        "gal": 0.8181818181818182,
        "girlish": 0.5481927710843374,
        "kireime-casual": 0.6645569620253164,
        "lolita": 0.9430379746835443,
        "mode": 0.7735849056603774,
        "natural": 0.875968992248062,
        "retro": 0.746031746031746,
        "rock": 0.7851239669421488,
        "street": 0.9013157894736842
      },
      "accuracy": {
        "conservative": 0.7338129496402878,
        "dressy": 0.9776119402985075,
        "ethnic": 0.813953488372093,
        "fairy": 0.9230769230769231,
        "feminine": 0.7642276422764228,
        "gal": 0.8181818181818182,
        "girlish": 0.5481927710843374,
        "kireime-casual": 0.6645569620253164,
        "lolita": 0.9430379746835443,
        "mode": 0.7735849056603774,
        "natural": 0.875968992248062,
        "retro": 0.746031746031746,
        "rock": 0.7851239669421488,
        "street": 0.9013157894736842
      }
    }
  },
  "test_metrics": {
    "test_macro_f1": 0.8103095544948804,
    "test_accuracy": 81.13302984319677,
    "test_macro_precision": 0.8107907887430497,
    "test_macro_recall": 0.8144134584765943,
    "test_loss": 0.5659269839525223,
    "per_class_metrics": {
      "f1": {
        "conservative": 0.7266666666666667,
        "dressy": 0.9588014981273408,
        "ethnic": 0.8517110266159695,
        "fairy": 0.9586206896551724,
        "feminine": 0.6956521739130433,
        "gal": 0.8287671232876713,
        "girlish": 0.6480836236933797,
        "kireime-casual": 0.6936026936026936,
        "lolita": 0.9548387096774195,
        "mode": 0.7784810126582279,
        "natural": 0.8142857142857142,
        "retro": 0.782608695652174,
        "rock": 0.7800829875518671,
        "street": 0.8721311475409835
      },
      "precision": {
        "conservative": 0.6770186335403726,
        "dressy": 0.9696969696969697,
        "ethnic": 0.835820895522388,
        "fairy": 0.952054794520548,
        "feminine": 0.6717557251908397,
        "gal": 0.8120805369127517,
        "girlish": 0.768595041322314,
        "kireime-casual": 0.7410071942446043,
        "lolita": 0.9673202614379085,
        "mode": 0.7784810126582279,
        "natural": 0.7450980392156863,
        "retro": 0.7795275590551181,
        "rock": 0.7833333333333333,
        "street": 0.869281045751634
      },
      "recall": {
        "conservative": 0.7841726618705036,
        "dressy": 0.9481481481481482,
        "ethnic": 0.8682170542635659,
        "fairy": 0.9652777777777778,
        "feminine": 0.7213114754098361,
        "gal": 0.8461538461538461,
        "girlish": 0.5602409638554217,
        "kireime-casual": 0.6518987341772152,
        "lolita": 0.9426751592356688,
        "mode": 0.7784810126582279,
        "natural": 0.8976377952755905,
        "retro": 0.7857142857142857,
        "rock": 0.7768595041322314,
        "street": 0.875
      },
      "accuracy": {
        "conservative": 0.7841726618705036,
        "dressy": 0.9481481481481482,
        "ethnic": 0.8682170542635659,
        "fairy": 0.9652777777777778,
        "feminine": 0.7213114754098361,
        "gal": 0.8461538461538461,
        "girlish": 0.5602409638554217,
        "kireime-casual": 0.6518987341772152,
        "lolita": 0.9426751592356688,
        "mode": 0.7784810126582279,
        "natural": 0.8976377952755905,
        "retro": 0.7857142857142857,
        "rock": 0.7768595041322314,
        "street": 0.875
      }
    }
  },
  "overfitting_analysis": {
    "overfitting_detected": false,
    "best_val_loss": 0.572921181878736,
    "val_loss_after_best": 0.572921181878736,
    "increase_percentage": 0.0,
    "train_val_gap": 0.12243878455856094
  },
  "training_curves": {
    "train_losses": [
      2.5798747762264265,
      2.263965895019188,
      1.7962664039902208,
      1.468433926262245,
      1.2803728159736185,
      1.1553006708415734,
      1.0653716010205887,
      0.9862993934987738,
      0.9423160736536073,
      0.914337891814618,
      0.8545368906742149,
      0.8399359107430006,
      0.8128548047946811,
      0.7885111666261944,
      0.7656383762928853,
      0.7607487242114586,
      0.7332909311390253,
      0.7290290490978729,
      0.7093465059067551,
      0.6953599664372969
    ],
    "val_losses": [
      2.4515789170419016,
      1.9105014243433553,
      1.4300691427723053,
      1.162210694243831,
      1.0058109164237976,
      0.9013805946996135,
      0.830703208523412,
      0.7760769244163267,
      0.7365791711115068,
      0.7101206683343456,
      0.6840175399857182,
      0.6600773632526398,
      0.6430648324951049,
      0.628306001905472,
      0.615613351425817,
      0.6042371550875325,
      0.5957714141376557,
      0.5869046915923396,
      0.579404961197607,
      0.572921181878736
    ],
    "train_accs": [
      15.661868167550601,
      37.049464227730276,
      47.331962333585885,
      54.11841108345059,
      59.367896958545295,
      62.56088321246888,
      65.10444853339106,
      67.3557744344626,
      68.23249269401451,
      69.31486091568351,
      71.77183677887217,
      72.04242883428942,
      72.67020240285746,
      73.40621279359237,
      74.13139950211063,
      74.62928888407836,
      75.09470721939604,
      75.2462387704297,
      75.93895443229786,
      76.72908323411625
    ],