{
  "train_loss": [
    1.9209995249150946,
    0.9311349109382365,
    0.4674827640547472,
    0.2299872749069364,
    0.13418078778318054,
    0.082125715150862,
    0.06667395107525442,
    0.05245039244681906,
    0.04874425061743152,
    0.0629871680069341,
    0.029940610384136746,
    0.04390491995071045,
    0.04191058590544136,
    0.027877824297207036,
    0.013124073833020913
  ],
  "val_loss": [
    1.0548136349763688,
    0.7424400709832593,
    0.7561877161174201,
    0.9504610430580817,
    1.0449246317900034,
    1.067927250768294,
    1.1455674860720437,
    1.200825512649794,
    1.330332704798124,
    1.1532655041345314,
    1.3337841611336747,
    1.3384214095944231,
    1.4058433732038549,
    1.3644435612633299,
    1.542483775093625
  ],
  "val_macro_f1": [
    0.7061365332828976,
    0.7591607467360622,
    0.7721141707834923,
    0.75995326004821,
    0.76177651614529,
    0.7863195542058979,
    0.7811864701574148,
    0.776020654496487,
    0.7757537924831801,
    0.799682843325119,
    0.7821443458833929,
    0.7773564156511715,
    0.7667497984645777,
    0.7842983796956065,
    0.7751034617694926
  ],
  "train_acc": [
    0.38170415224913495,
    0.7162629757785467,
    0.8685121107266436,
    0.9440960207612457,
    0.9702638408304498,
    0.9822664359861591,
    0.9826989619377162,
    0.9883217993079585,
    0.9898356401384083,
    0.9856185121107266,
    0.9953503460207612,
    0.9899437716262975,
    0.990916955017301,
    0.9937283737024222,
    0.9971885813148789
  ],
  "val_acc": [
    0.7048435923309788,
    0.7563067608476287,
    0.7694248234106963,
    0.7598385469223007,
    0.7608476286579213,
    0.7825428859737639,
    0.7744702320887992,
    0.7729566094853683,
    0.7719475277497477,
    0.7961654894046418,
    0.7815338042381433,
    0.7769929364278506,
    0.7643794147325933,
    0.7790110998990918,
    0.7739656912209889
  ]
}