{
  "train_loss": [
    1.630371759764876,
    0.8972781022759251,
    0.5977792365405592,
    0.4262293577065311,
    0.3062672945944702,
    0.25959851939527634,
    0.1996812215493831,
    0.1939053598108176,
    0.15411116760288554,
    0.13218266534970294,
    0.12538791786892192,
    0.12983070854033155
  ],
  "val_loss": [
    0.8451881793475176,
    0.7509984703646178,
    0.8394857537448707,
    0.8314330456355505,
    1.0547732457012975,
    1.0618131633483316,
    0.95224949052157,
    1.0965114415112946,
    1.1789243730719228,
    1.2591838279755938,
    1.2930598584963262,
    1.3552078371327163
  ],
  "val_macro_f1": [
    0.7240154965509719,
    0.7649485085842784,
    0.7458697744605726,
    0.7677556343020344,
    0.7401254342063658,
    0.7585085600047223,
    0.7849715360392949,
    0.7615225723999431,
    0.7581899235799369,
    0.765513002786329,
    0.75313628289431,
    0.7391504764700306
  ],
  "train_acc": [
    0.4709126297577855,
    0.7326989619377162,
    0.8270977508650519,
    0.8823529411764706,
    0.917711937716263,
    0.93155276816609,
    0.9505839100346021,
    0.9476643598615917,
    0.9595588235294118,
    0.9666955017301038,
    0.9674524221453287,
    0.9666955017301038
  ],
  "val_acc": [
    0.7295660948536832,
    0.7648839556004037,
    0.7447023208879919,
    0.7663975782038345,
    0.7421796165489405,
    0.7563067608476287,
    0.7835519677093845,
    0.7643794147325933,
    0.7628657921291625,
    0.7663975782038345,
    0.7497477295660948,
    0.7401614530776993
  ]
}