{
  "train_loss": [
    1.9073507278435784,
    0.9321917860565714,
    0.4851235104370282,
    0.25657972719223854,
    0.14182563624940941,
    0.10335169285278006,
    0.06276689980269304,
    0.05806128567271579,
    0.06312203088897735,
    0.04679814755761912,
    0.0412055120697071,
    0.02844424637285896
  ],
  "val_loss": [
    1.0640634026464852,
    0.6463289619935629,
    0.6182257868687873,
    0.7088812232378393,
    0.8965787406405575,
    1.1535510180816881,
    0.957286052398316,
    1.075243485563338,
    1.0197613707223887,
    1.0894415934319213,
    1.1261653237338023,
    1.319250787062313
  ],
  "val_macro_f1": [
    0.6974395351221014,
    0.7799823124661992,
    0.8020478814689428,
    0.7977365671861981,
    0.7867900297920399,
    0.7540289300113024,
    0.812821416134102,
    0.7923154656239445,
    0.8000937780184113,
    0.790470815332549,
    0.8015747986230334,
    0.7873900359054881
  ],
  "train_acc": [
    0.3920847750865052,
    0.7224264705882353,
    0.8669982698961938,
    0.938689446366782,
    0.9688581314878892,
    0.978265570934256,
    0.9881055363321799,
    0.987348615916955,
    0.9852941176470589,
    0.9915657439446367,
    0.9916738754325259,
    0.9943771626297578
  ],
  "val_acc": [
    0.701816347124117,
    0.7805247225025227,
    0.8022199798183652,
    0.7986881937436933,
    0.784561049445005,
    0.7552976791120081,
    0.8087790110998991,
    0.7926337033299697,
    0.7976791120080726,
    0.7885973763874874,
    0.7986881937436933,
    0.7855701311806257
  ]
}