{
  "experiment_id": "seed_360",
  "seed_value": 360,
  "seed_index": 6,
  "timestamp": "2026-05-22T23:46:56.922523",
  "configuration": {
    "learning_rate": 5e-05,
    "batch_size": 32,
    "early_stopping_patience": 5,
    "dropout": 0.5,
    "weight_decay": 0.0001,
    "max_epochs": 20,
    "model_init_seed": 42,
    "data_split_seed": 360,
    "dataset_size": "100% (full dataset)"
  },
  "training_info": {
    "total_epochs": 20,
    "best_epoch": 19,
    "early_stopped": false,
    "total_time_minutes": 17.18729211091995
  },
  "validation_metrics": {
    "best_val_macro_f1": 0.8219811751776719,
    "best_val_accuracy": 82.20766129032258,
    "best_val_loss": 0.5221192322431072,
    "final_val_macro_f1": 0.8141320591643993,
    "final_val_accuracy": 81.50201612903226,
    "final_val_loss": 0.5221192322431072
  },
  "test_metrics": {
    "test_macro_f1": 0.8054085574511316,
    "test_accuracy": 80.70528967254408,
    "test_loss": 0.5688540784139482,
    "report": {
      "conservative": {
        "precision": 0.7077922077922078,
        "recall": 0.7841726618705036,
        "f1-score": 0.7440273037542662,
        "support": 139.0
      },
      "dressy": {
        "precision": 0.9777777777777777,
        "recall": 0.9777777777777777,
        "f1-score": 0.9777777777777777,
        "support": 135.0
      },
      "ethnic": {
        "precision": 0.7659574468085106,
        "recall": 0.8372093023255814,
        "f1-score": 0.8,
        "support": 129.0
      },
      "fairy": {
        "precision": 0.8843537414965986,
        "recall": 0.9027777777777778,
        "f1-score": 0.8934707903780069,
        "support": 144.0
      },
      "feminine": {
        "precision": 0.7304347826086957,
        "recall": 0.6885245901639344,
        "f1-score": 0.7088607594936709,
        "support": 122.0
      },
      "gal": {
        "precision": 0.8523489932885906,
        "recall": 0.8881118881118881,
        "f1-score": 0.8698630136986302,
        "support": 143.0
      },
      "girlish": {
        "precision": 0.7114093959731543,
        "recall": 0.6385542168674698,
        "f1-score": 0.6730158730158731,
        "support": 166.0
      },
      "kireime-casual": {
        "precision": 0.7012987012987013,
        "recall": 0.6835443037974683,
        "f1-score": 0.6923076923076923,
        "support": 158.0
      },
      "lolita": {
        "precision": 0.9736842105263158,
        "recall": 0.925,
        "f1-score": 0.9487179487179487,
        "support": 160.0
      },
      "mode": {
        "precision": 0.8529411764705882,
        "recall": 0.7295597484276729,
        "f1-score": 0.7864406779661017,
        "support": 159.0
      },
      "natural": {
        "precision": 0.6569767441860465,
        "recall": 0.875968992248062,
        "f1-score": 0.7508305647840532,
        "support": 129.0
      },
      "retro": {
        "precision": 0.8494623655913979,
        "recall": 0.6220472440944882,
        "f1-score": 0.7181818181818181,
        "support": 127.0
      },
      "rock": {
        "precision": 0.8064516129032258,
        "recall": 0.8264462809917356,
        "f1-score": 0.8163265306122449,
        "support": 121.0
      },
      "street": {
        "precision": 0.8658536585365854,
        "recall": 0.9281045751633987,
        "f1-score": 0.8958990536277602,
        "support": 153.0
      },
      "accuracy": 0.8070528967254408,
      "macro avg": {
        "precision": 0.8097673439470282,
        "recall": 0.8076999542584113,
        "f1-score": 0.8054085574511316,
        "support": 1985.0
      },
      "weighted avg": {
        "precision": 0.8113510158401622,
        "recall": 0.8070528967254408,
        "f1-score": 0.8060501268138555,
        "support": 1985.0
      }
    }
  },
  "overfitting_analysis": {
    "overfitting_detected": false,
    "best_val_loss": 0.5221192322431072,
    "val_loss_after_best": 0.5221192322431072,
    "increase_percentage": 0.0,
    "train_val_gap": 0.05926669553270336
  },
  "training_curves": {
    "train_losses": [
      2.569074236935583,
      1.9293612607594195,
      1.5252370419173404,
      1.306999046638094,
      1.153747171985692,
      1.0594956151370345,
      0.9768175891761122,
      0.8948540732778352,
      0.8495761324619425,
      0.7850245324702099,
      0.7523110807969653,
      0.7193993382412812,
      0.6946925267063339,
      0.6756369921667823,
      0.6548918184535256,
      0.6336404978201307,
      0.6220113951070555,
      0.5997256110454428,
      0.5813859277758106,
      0.5694332219917199
    ],
    "val_losses": [
      2.253374380450095,
      1.4354461912185914,
      1.1634105424727164,
      0.9477450366943113,
      0.8449761386840574,
      0.7772676026628863,
      0.7325840385690812,
      0.6676823227636276,
      0.6432269600129896,
      0.610006226166602,
      0.5837010774881609,
      0.5716270177114394,
      0.5606737413233326,
      0.5586767475451192,
      0.5559520774310635,
      0.5394948009521731,
      0.533481799306408,
      0.5409219572621007,
      0.5278480052947998,
      0.5221192322431072
    ],
    "train_accs": [
      14.85800669474139,
      35.093402440341215,
      46.34488716121369,
      53.860274268437536,
      59.691178058525,
      62.4014685239175,
      65.77043515819027,
      68.80466472303208,
      70.76989525969118,
      73.10225677572616,
      74.11726595400064,
      75.75855739121046,
      75.78015333117374,
      76.89234423928302,
      77.44304070834683,
      78.66321131627254,
      79.12752402548321,
      79.87258395421661,
      80.44487636324371,
      80.93078501241767
    ],
    "val_accs": [
      27.469758064516128,
      52.92338709677419,
      62.55040322580645,
      70.36290322580645,
      72.93346774193549,
      73.89112903225806,
      75.90725806451613,
      77.01612903225806,
      77.52016129032258,
      78.57862903225806,
      78.93145161290323,
      80.89717741935483,
      79.88911290322581,
      80.54435483870968,
      79.93951612903226,
      80.49395161290323,
      81.30040322580645,
      80.9475806451613,
      82.20766129032258,
      81.50201612903226
    ],
    "val_macro_f1s": [
      0.19820904194871528,
      0.49421952792761165,
      0.6108777084553159,
      0.6935398812826302,
      0.7240380174033779,
      0.7379478641882674,
      0.7573792890242034,
      0.7676132985765255,
      0.7732914266106293,
      0.7854564902680775,
      0.7879147944516041,
      0.8072856579021953,
      0.7978308871425758,
      0.8071314886975482,
      0.8000439551286851,
      0.804278079008179,
      0.8129898696922945,
      0.8098967184181917,
      0.8219811751776719,
      0.8141320591643993
    ],
    "learning_rates": [
      4.995066821070679e-05,
      4.980286753286195e-05,
      4.955718126821722e-05,
      4.9214579028215776e-05,
      4.877641290737884e-05,
      4.8244412147206284e-05,
      4.762067631165049e-05,
      4.6907667001096584e-05,
      4.610819813755037e-05,
      4.5225424859373677e-05,
      4.426283106939472e-05,
      4.322421568553528e-05,
      4.211367764821721e-05,
      4.0935599743717234e-05,
      3.969463130731183e-05,
      3.839566987447491e-05,
      3.7043841852542874e-05,
      3.564448228912681e-05,
      3.420311381711694e-05,
      3.272542485937368e-05
    ]
  },
  "data_split_info": {
    "train_size": 9261,
    "val_size": 1984,
    "test_size": 1985
  }
}