{
  "experiment_id": "seed_102",
  "seed_value": 102,
  "seed_index": 10,
  "timestamp": "2026-05-22T11:55:59.783239",
  "configuration": {
    "learning_rate": 5e-05,
    "batch_size": 32,
    "early_stopping_patience": 5,
    "dropout": 0.5,
    "weight_decay": 0.0001,
    "max_epochs": 20,
    "model_init_seed": 42,
    "data_split_seed": 102,
    "dataset_size": "100% (full dataset)"
  },
  "training_info": {
    "total_epochs": 20,
    "best_epoch": 20,
    "early_stopped": false,
    "total_time_minutes": 17.80971748828888
  },
  "validation_metrics": {
    "best_val_macro_f1": 0.8113901292556712,
    "best_val_accuracy": 81.04838709677419,
    "best_val_loss": 0.5209102188387225,
    "final_val_macro_f1": 0.8113901292556712,
    "final_val_accuracy": 81.04838709677419,
    "final_val_loss": 0.5279080382277889
  },
  "test_metrics": {
    "test_macro_f1": 0.8167216281522195,
    "test_accuracy": 81.5617128463476,
    "test_loss": 0.5461718489726385,
    "report": {
      "conservative": {
        "precision": 0.6973684210526315,
        "recall": 0.762589928057554,
        "f1-score": 0.7285223367697594,
        "support": 139.0
      },
      "dressy": {
        "precision": 0.9699248120300752,
        "recall": 0.9555555555555556,
        "f1-score": 0.9626865671641791,
        "support": 135.0
      },
      "ethnic": {
        "precision": 0.8951612903225806,
        "recall": 0.8604651162790697,
        "f1-score": 0.8774703557312253,
        "support": 129.0
      },
      "fairy": {
        "precision": 0.9172413793103448,
        "recall": 0.9236111111111112,
        "f1-score": 0.9204152249134948,
        "support": 144.0
      },
      "feminine": {
        "precision": 0.7699115044247787,
        "recall": 0.7131147540983607,
        "f1-score": 0.7404255319148936,
        "support": 122.0
      },
      "gal": {
        "precision": 0.8776978417266187,
        "recall": 0.8531468531468531,
        "f1-score": 0.8652482269503546,
        "support": 143.0
      },
      "girlish": {
        "precision": 0.7357142857142858,
        "recall": 0.6204819277108434,
        "f1-score": 0.673202614379085,
        "support": 166.0
      },
      "kireime-casual": {
        "precision": 0.6604938271604939,
        "recall": 0.6772151898734177,
        "f1-score": 0.66875,
        "support": 158.0
      },
      "lolita": {
        "precision": 0.9487179487179487,
        "recall": 0.925,
        "f1-score": 0.9367088607594937,
        "support": 160.0
      },
      "mode": {
        "precision": 0.7515527950310559,
        "recall": 0.7610062893081762,
        "f1-score": 0.75625,
        "support": 159.0
      },
      "natural": {
        "precision": 0.7777777777777778,
        "recall": 0.813953488372093,
        "f1-score": 0.7954545454545454,
        "support": 129.0
      },
      "retro": {
        "precision": 0.8145161290322581,
        "recall": 0.7952755905511811,
        "f1-score": 0.8047808764940239,
        "support": 127.0
      },
      "rock": {
        "precision": 0.7379310344827587,
        "recall": 0.8842975206611571,
        "f1-score": 0.8045112781954887,
        "support": 121.0
      },
      "street": {
        "precision": 0.8910256410256411,
        "recall": 0.9084967320261438,
        "f1-score": 0.8996763754045307,
        "support": 153.0
      },
      "accuracy": 0.8156171284634761,
      "macro avg": {
        "precision": 0.8175024777006608,
        "recall": 0.8181578611965369,
        "f1-score": 0.8167216281522195,
        "support": 1985.0
      },
      "weighted avg": {
        "precision": 0.8171508526065058,
        "recall": 0.8156171284634761,
        "f1-score": 0.8153005695153258,
        "support": 1985.0
      }
    }
  },
  "overfitting_analysis": {
    "overfitting_detected": false,
    "best_val_loss": 0.5209102188387225,
    "val_loss_after_best": 0.5279080382277889,
    "increase_percentage": 0.0,
    "train_val_gap": 0.06416838069646325
  },
  "training_curves": {
    "train_losses": [
      2.569469399287783,
      1.9141870280791973,
      1.506098407712476,
      1.2973003893062987,
      1.1485737625894876,
      1.05178119190808,
      0.9697654148627972,
      0.8940865047019103,
      0.8484751929496896,
      0.7896027585555767,
      0.7564558462849978,
      0.7371970202388435,
      0.7015728621647276,
      0.6830080602703423,
      0.6670637252001926,
      0.6375480797784082,
      0.6371937853508982,
      0.613340912759304,
      0.6014850610802913,
      0.5850785995351857
    ],
    "val_losses": [
      2.2552571911965646,
      1.410143942602219,
      1.1335679302292485,
      0.9799528967949652,
      0.8793077882259123,
      0.7923027824970984,
      0.7484895183194068,
      0.6853019172145475,
      0.6549587341085557,
      0.6352733585142321,
      0.6206527212935109,
      0.6132940049132993,
      0.5819054145005441,
      0.5628133493085061,
      0.5552475135172567,
      0.5413091004856171,
      0.5309753283377616,
      0.540393594772585,
      0.5209102188387225,
      0.5279080382277889
    ],
    "train_accs": [
      15.527480833603283,
      34.82345319080013,
      46.87398769031422,
      54.087031638052046,
      59.82075369830472,
      62.83338732318324,
      66.36432350718064,
      69.24738149227944,
      70.75909728970953,
      72.77831767627686,
      74.09567001403737,
      74.80833603282584,
      76.38483965014578,
      76.29845589029263,
      77.39984882842026,
      78.3068783068783,
      78.19889860706188,
      79.15991793542814,
      79.78620019436346,
      80.02375553395962
    ],
    "val_accs": [
      41.028225806451616,
      55.34274193548387,
      63.00403225806452,
      67.84274193548387,
      70.51411290322581,
      73.23588709677419,
      73.63911290322581,
      76.20967741935483,
      77.01612903225806,
      77.46975806451613,
      77.8225806451613,
      77.72177419354838,
      79.18346774193549,
      79.83870967741936,
      80.29233870967742,
      80.64516129032258,
      80.24193548387096,
      80.04032258064517,
      80.79637096774194,
      81.04838709677419
    ],
    "val_macro_f1s": [
      0.3479301364235858,
      0.5116478734865219,
      0.6162460401054158,
      0.6697582845360985,
      0.6968111222465712,
      0.7287190852955383,
      0.7334721005743742,
      0.7611464686708366,
      0.7694078379875477,
      0.7743096886029087,
      0.7779013470434533,
      0.7750846087683468,
      0.7920597261388252,
      0.7982807028254035,
      0.8035581005602846,
      0.8068265714205944,
      0.801790915507979,
      0.7998433169132962,
      0.8075313270916429,
      0.8113901292556712
    ],
    "learning_rates": [
      4.995066821070679e-05,
      4.980286753286195e-05,
      4.955718126821722e-05,
      4.9214579028215776e-05,
      4.877641290737884e-05,
      4.8244412147206284e-05,
      4.762067631165049e-05,
      4.6907667001096584e-05,
      4.610819813755037e-05,
      4.5225424859373677e-05,
      4.426283106939472e-05,
      4.322421568553528e-05,
      4.211367764821721e-05,
      4.0935599743717234e-05,
      3.969463130731183e-05,
      3.839566987447491e-05,
      3.7043841852542874e-05,
      3.564448228912681e-05,
      3.420311381711694e-05,
      3.272542485937368e-05
    ]
  },
  "data_split_info": {
    "train_size": 9261,
    "val_size": 1984,
    "test_size": 1985
  }
}