{
  "experiment_id": "seed_378",
  "seed_value": 378,
  "seed_index": 8,
  "timestamp": "2026-05-23T00:22:08.133843",
  "configuration": {
    "learning_rate": 5e-05,
    "batch_size": 32,
    "early_stopping_patience": 5,
    "dropout": 0.5,
    "weight_decay": 0.0001,
    "max_epochs": 20,
    "model_init_seed": 42,
    "data_split_seed": 378,
    "dataset_size": "100% (full dataset)"
  },
  "training_info": {
    "total_epochs": 20,
    "best_epoch": 20,
    "early_stopped": false,
    "total_time_minutes": 17.36002408663432
  },
  "validation_metrics": {
    "best_val_macro_f1": 0.8164273121061683,
    "best_val_accuracy": 81.70362903225806,
    "best_val_loss": 0.5332569806806503,
    "final_val_macro_f1": 0.8164273121061683,
    "final_val_accuracy": 81.70362903225806,
    "final_val_loss": 0.5353350946980138
  },
  "test_metrics": {
    "test_macro_f1": 0.8085179449845558,
    "test_accuracy": 80.90680100755668,
    "test_loss": 0.5431735938976682,
    "report": {
      "conservative": {
        "precision": 0.7553956834532374,
        "recall": 0.7553956834532374,
        "f1-score": 0.7553956834532374,
        "support": 139.0
      },
      "dressy": {
        "precision": 0.9407407407407408,
        "recall": 0.9407407407407408,
        "f1-score": 0.9407407407407408,
        "support": 135.0
      },
      "ethnic": {
        "precision": 0.7923076923076923,
        "recall": 0.7984496124031008,
        "f1-score": 0.7953667953667953,
        "support": 129.0
      },
      "fairy": {
        "precision": 0.8947368421052632,
        "recall": 0.9444444444444444,
        "f1-score": 0.918918918918919,
        "support": 144.0
      },
      "feminine": {
        "precision": 0.7338709677419355,
        "recall": 0.7459016393442623,
        "f1-score": 0.7398373983739838,
        "support": 122.0
      },
      "gal": {
        "precision": 0.890625,
        "recall": 0.7972027972027972,
        "f1-score": 0.8413284132841329,
        "support": 143.0
      },
      "girlish": {
        "precision": 0.75,
        "recall": 0.7048192771084337,
        "f1-score": 0.7267080745341615,
        "support": 166.0
      },
      "kireime-casual": {
        "precision": 0.6790123456790124,
        "recall": 0.6962025316455697,
        "f1-score": 0.6875,
        "support": 158.0
      },
      "lolita": {
        "precision": 0.9375,
        "recall": 0.9375,
        "f1-score": 0.9375,
        "support": 160.0
      },
      "mode": {
        "precision": 0.782312925170068,
        "recall": 0.7232704402515723,
        "f1-score": 0.7516339869281046,
        "support": 159.0
      },
      "natural": {
        "precision": 0.7419354838709677,
        "recall": 0.8914728682170543,
        "f1-score": 0.8098591549295775,
        "support": 129.0
      },
      "retro": {
        "precision": 0.8035714285714286,
        "recall": 0.7086614173228346,
        "f1-score": 0.7531380753138075,
        "support": 127.0
      },
      "rock": {
        "precision": 0.75,
        "recall": 0.8429752066115702,
        "f1-score": 0.7937743190661478,
        "support": 121.0
      },
      "street": {
        "precision": 0.8791946308724832,
        "recall": 0.8562091503267973,
        "f1-score": 0.8675496688741722,
        "support": 153.0
      },
      "accuracy": 0.8090680100755667,
      "macro avg": {
        "precision": 0.8093716957509164,
        "recall": 0.8102318435051724,
        "f1-score": 0.8085179449845558,
        "support": 1985.0
      },
      "weighted avg": {
        "precision": 0.8106514678720942,
        "recall": 0.8090680100755667,
        "f1-score": 0.8086484984471832,
        "support": 1985.0
      }
    }
  },
  "overfitting_analysis": {
    "overfitting_detected": false,
    "best_val_loss": 0.5332569806806503,
    "val_loss_after_best": 0.5353350946980138,
    "increase_percentage": 0.0,
    "train_val_gap": 0.043169568318281004
  },
  "training_curves": {
    "train_losses": [
      2.572561167848521,
      1.8994881666939833,
      1.4725432332219748,
      1.2618921933502987,
      1.1235452873953458,
      1.0327602236435331,
      0.9588477983556944,
      0.879084789239127,
      0.8264582971046711,
      0.7771354767782935,
      0.7435441523790359,
      0.7289413411041786,
      0.6918944294082707,
      0.669879765757199,
      0.6398872845645609,
      0.6285030294081261,
      0.6052223573984771,
      0.5926804573885326,
      0.5780961235535556,
      0.5764265489989313
    ],
    "val_losses": [
      2.2579060523740706,
      1.391627675102603,
      1.0958032829146231,
      0.9355537670273935,
      0.8696216594788336,
      0.7924968100363209,
      0.7090067594282089,
      0.7131963838492671,
      0.6515982386565977,
      0.6417781138612378,
      0.6280584296872539,
      0.6269183750114133,
      0.6171554471215894,
      0.578339068639663,
      0.5687905352923178,
      0.5563166725539392,
      0.5464323797533589,
      0.5332569806806503,
      0.547377044395093,
      0.5353350946980138
    ],
    "train_accs": [
      14.60965338516359,
      36.13000755857899,
      47.942986718496925,
      55.00485908649174,
      60.8357628765792,
      63.351689882302125,
      66.27793974732751,
      69.52812871180218,
      71.5689450383328,
      73.80412482453299,
      74.79753806284418,
      75.39142641183457,
      76.60079904977864,
      77.20548536875067,
      77.81017168772271,
      78.4040600367131,
      78.99794838570348,
      79.63502861462045,
      80.61764388295,
      80.52046215311522
    ],
    "val_accs": [
      39.56653225806452,
      56.04838709677419,
      65.12096774193549,
      70.0100806451613,
      71.27016129032258,
      73.3366935483871,
      76.4616935483871,
      76.05846774193549,
      77.62096774193549,
      76.96572580645162,
      77.46975806451613,
      77.97379032258064,
      79.03225806451613,
      79.88911290322581,
      80.29233870967742,
      80.39314516129032,
      80.69556451612904,
      81.60282258064517,
      80.69556451612904,
      81.70362903225806
    ],
    "val_macro_f1s": [
      0.3126198395752053,
      0.518968872268309,
      0.6343499940887728,
      0.6880369300433634,
      0.7030401515081331,
      0.7311502107383719,
      0.7623181150020203,
      0.7570299555233814,
      0.7751187203944666,
      0.7672664675136315,
      0.7708589594114147,
      0.7814268735831051,
      0.7903927052047729,
      0.7999604725759578,
      0.8016493391984939,
      0.8025386960398814,
      0.805812204439192,
      0.8162192391631597,
      0.8070396129766568,
      0.8164273121061683
    ],
    "learning_rates": [
      4.995066821070679e-05,
      4.980286753286195e-05,
      4.955718126821722e-05,
      4.9214579028215776e-05,
      4.877641290737884e-05,
      4.8244412147206284e-05,
      4.762067631165049e-05,
      4.6907667001096584e-05,
      4.610819813755037e-05,
      4.5225424859373677e-05,
      4.426283106939472e-05,
      4.322421568553528e-05,
      4.211367764821721e-05,
      4.0935599743717234e-05,
      3.969463130731183e-05,
      3.839566987447491e-05,
      3.7043841852542874e-05,
      3.564448228912681e-05,
      3.420311381711694e-05,
      3.272542485937368e-05
    ]
  },
  "data_split_info": {
    "train_size": 9261,
    "val_size": 1984,
    "test_size": 1985
  }
}