{
  "experiment_id": "seed_17",
  "seed_value": 17,
  "seed_index": 4,
  "timestamp": "2026-05-22T10:08:26.040860",
  "configuration": {
    "learning_rate": 5e-05,
    "batch_size": 32,
    "early_stopping_patience": 5,
    "dropout": 0.5,
    "weight_decay": 0.0001,
    "max_epochs": 20,
    "model_init_seed": 42,
    "data_split_seed": 17,
    "dataset_size": "100% (full dataset)"
  },
  "training_info": {
    "total_epochs": 20,
    "best_epoch": 19,
    "early_stopped": false,
    "total_time_minutes": 17.876778042316438
  },
  "validation_metrics": {
    "best_val_macro_f1": 0.8134185168753648,
    "best_val_accuracy": 81.30040322580645,
    "best_val_loss": 0.5394094579162136,
    "final_val_macro_f1": 0.8083398059522554,
    "final_val_accuracy": 80.79637096774194,
    "final_val_loss": 0.5434545427560806
  },
  "test_metrics": {
    "test_macro_f1": 0.8070676338586992,
    "test_accuracy": 80.70528967254408,
    "test_loss": 0.5617834847597849,
    "report": {
      "conservative": {
        "precision": 0.7388059701492538,
        "recall": 0.7122302158273381,
        "f1-score": 0.7252747252747253,
        "support": 139.0
      },
      "dressy": {
        "precision": 0.9770992366412213,
        "recall": 0.9481481481481482,
        "f1-score": 0.9624060150375939,
        "support": 135.0
      },
      "ethnic": {
        "precision": 0.8852459016393442,
        "recall": 0.8372093023255814,
        "f1-score": 0.8605577689243028,
        "support": 129.0
      },
      "fairy": {
        "precision": 0.9241379310344827,
        "recall": 0.9305555555555556,
        "f1-score": 0.9273356401384083,
        "support": 144.0
      },
      "feminine": {
        "precision": 0.7304347826086957,
        "recall": 0.6885245901639344,
        "f1-score": 0.7088607594936709,
        "support": 122.0
      },
      "gal": {
        "precision": 0.8482758620689655,
        "recall": 0.8601398601398601,
        "f1-score": 0.8541666666666666,
        "support": 143.0
      },
      "girlish": {
        "precision": 0.6610169491525424,
        "recall": 0.7048192771084337,
        "f1-score": 0.6822157434402333,
        "support": 166.0
      },
      "kireime-casual": {
        "precision": 0.6808510638297872,
        "recall": 0.6075949367088608,
        "f1-score": 0.6421404682274248,
        "support": 158.0
      },
      "lolita": {
        "precision": 0.9490445859872612,
        "recall": 0.93125,
        "f1-score": 0.9400630914826499,
        "support": 160.0
      },
      "mode": {
        "precision": 0.8571428571428571,
        "recall": 0.6415094339622641,
        "f1-score": 0.7338129496402878,
        "support": 159.0
      },
      "natural": {
        "precision": 0.7391304347826086,
        "recall": 0.7906976744186046,
        "f1-score": 0.7640449438202247,
        "support": 129.0
      },
      "retro": {
        "precision": 0.7638888888888888,
        "recall": 0.8661417322834646,
        "f1-score": 0.8118081180811808,
        "support": 127.0
      },
      "rock": {
        "precision": 0.75,
        "recall": 0.8925619834710744,
        "f1-score": 0.8150943396226416,
        "support": 121.0
      },
      "street": {
        "precision": 0.8208092485549133,
        "recall": 0.9281045751633987,
        "f1-score": 0.8711656441717791,
        "support": 153.0
      },
      "accuracy": 0.8070528967254408,
      "macro avg": {
        "precision": 0.8089916937486302,
        "recall": 0.8099633775197513,
        "f1-score": 0.8070676338586992,
        "support": 1985.0
      },
      "weighted avg": {
        "precision": 0.8092811897353785,
        "recall": 0.8070528967254408,
        "f1-score": 0.8056834648003885,
        "support": 1985.0
      }
    }
  },
  "overfitting_analysis": {
    "overfitting_detected": false,
    "best_val_loss": 0.5394094579162136,
    "val_loss_after_best": 0.5434545427560806,
    "increase_percentage": 0.749909883948551,
    "train_val_gap": 0.06205797005482061
  },
  "training_curves": {
    "train_losses": [
      2.561240791452342,
      1.9074176393706224,
      1.4996901072304825,
      1.275280169371901,
      1.1488054984602434,
      1.066183366035593,
      0.9983055967709114,
      0.9355695161326179,
      0.886381090920547,
      0.8298018106098832,
      0.7916850078722526,
      0.756952425220917,
      0.7140287215339727,
      0.7028956641410959,
      0.6692584887660783,
      0.6330245103301673,
      0.639228091825699,
      0.6225589700813952,
      0.6014674279710343,
      0.5918798008869435
    ],
    "val_losses": [
      2.2078466261586835,
      1.441879222469945,
      1.1209654260066249,
      0.9572474600807312,
      0.8796216335988813,
      0.8062366449063824,
      0.762925571972324,
      0.7260781843816081,
      0.6884249434355767,
      0.6401982273786299,
      0.6177554716986995,
      0.6036232507997944,
      0.5954068317528693,
      0.5806312190909539,
      0.5684908272758606,
      0.5494426714797174,
      0.5529960718366408,
      0.5428789063326774,
      0.5394094579162136,
      0.5434545427560806
    ],
    "train_accs": [
      14.879602634704675,
      35.5361192095886,
      46.927977540222436,
      55.112838786308174,
      59.216067379332685,
      62.42306446388079,
      65.37091026886945,
      67.6708778749595,
      69.70089623150848,
      71.68772270813088,
      72.89709534607493,
      74.39801317352338,
      75.7693553611921,
      76.55760716985206,
      77.24867724867725,
      78.46884785660296,
      78.55523161645611,
      78.67400928625419,
      79.77540222438182,
      80.11013929381276
    ],
    "val_accs": [
      42.54032258064516,
      53.62903225806452,
      61.99596774193548,
      66.68346774193549,
      68.6491935483871,
      71.47177419354838,
      72.27822580645162,
      74.29435483870968,
      76.20967741935483,
      77.57056451612904,
      78.0241935483871,
      78.52822580645162,
      77.8225806451613,
      79.5866935483871,
      79.73790322580645,
      80.44354838709677,
      80.49395161290323,
      80.49395161290323,
      81.30040322580645,
      80.79637096774194
    ],
    "val_macro_f1s": [
      0.3454833737469934,
      0.4973256261478092,
      0.5952358157469553,
      0.6521646751471392,
      0.6751610927125534,
      0.7055955734408449,
      0.717171035082259,
      0.7381425225775212,
      0.7595814866584061,
      0.7748909350481752,
      0.7805985897754155,
      0.7858555033307016,
      0.7777431125901879,
      0.79514388648719,
      0.7964193759193654,
      0.8044562492390709,
      0.805229117619573,
      0.8051758914113346,
      0.8134185168753648,
      0.8083398059522554
    ],
    "learning_rates": [
      4.995066821070679e-05,
      4.980286753286195e-05,
      4.955718126821722e-05,
      4.9214579028215776e-05,
      4.877641290737884e-05,
      4.8244412147206284e-05,
      4.762067631165049e-05,
      4.6907667001096584e-05,
      4.610819813755037e-05,
      4.5225424859373677e-05,
      4.426283106939472e-05,
      4.322421568553528e-05,
      4.211367764821721e-05,
      4.0935599743717234e-05,
      3.969463130731183e-05,
      3.839566987447491e-05,
      3.7043841852542874e-05,
      3.564448228912681e-05,
      3.420311381711694e-05,
      3.272542485937368e-05
    ]
  },
  "data_split_info": {
    "train_size": 9261,
    "val_size": 1984,
    "test_size": 1985
  }
}