{
  "experiment_id": "seed_14",
  "seed_value": 14,
  "seed_index": 2,
  "timestamp": "2026-05-22T09:32:19.600105",
  "configuration": {
    "learning_rate": 5e-05,
    "batch_size": 32,
    "early_stopping_patience": 5,
    "dropout": 0.5,
    "weight_decay": 0.0001,
    "max_epochs": 20,
    "model_init_seed": 42,
    "data_split_seed": 14,
    "dataset_size": "100% (full dataset)"
  },
  "training_info": {
    "total_epochs": 20,
    "best_epoch": 20,
    "early_stopped": false,
    "total_time_minutes": 17.600934008757275
  },
  "validation_metrics": {
    "best_val_macro_f1": 0.8228864946392166,
    "best_val_accuracy": 82.45967741935483,
    "best_val_loss": 0.49255750087961075,
    "final_val_macro_f1": 0.8228864946392166,
    "final_val_accuracy": 82.45967741935483,
    "final_val_loss": 0.49255750087961075
  },
  "test_metrics": {
    "test_macro_f1": 0.8041441011344223,
    "test_accuracy": 80.60453400503778,
    "test_loss": 0.5504963454746065,
    "report": {
      "conservative": {
        "precision": 0.7328767123287672,
        "recall": 0.7697841726618705,
        "f1-score": 0.7508771929824561,
        "support": 139.0
      },
      "dressy": {
        "precision": 0.9555555555555556,
        "recall": 0.9555555555555556,
        "f1-score": 0.9555555555555556,
        "support": 135.0
      },
      "ethnic": {
        "precision": 0.8449612403100775,
        "recall": 0.8449612403100775,
        "f1-score": 0.8449612403100775,
        "support": 129.0
      },
      "fairy": {
        "precision": 0.9057971014492754,
        "recall": 0.8680555555555556,
        "f1-score": 0.8865248226950354,
        "support": 144.0
      },
      "feminine": {
        "precision": 0.7,
        "recall": 0.7459016393442623,
        "f1-score": 0.7222222222222222,
        "support": 122.0
      },
      "gal": {
        "precision": 0.8705035971223022,
        "recall": 0.8461538461538461,
        "f1-score": 0.8581560283687943,
        "support": 143.0
      },
      "girlish": {
        "precision": 0.7844827586206896,
        "recall": 0.5481927710843374,
        "f1-score": 0.6453900709219859,
        "support": 166.0
      },
      "kireime-casual": {
        "precision": 0.7293233082706767,
        "recall": 0.6139240506329114,
        "f1-score": 0.6666666666666666,
        "support": 158.0
      },
      "lolita": {
        "precision": 0.8837209302325582,
        "recall": 0.95,
        "f1-score": 0.9156626506024096,
        "support": 160.0
      },
      "mode": {
        "precision": 0.7875,
        "recall": 0.7924528301886793,
        "f1-score": 0.7899686520376176,
        "support": 159.0
      },
      "natural": {
        "precision": 0.7261146496815286,
        "recall": 0.8837209302325582,
        "f1-score": 0.7972027972027972,
        "support": 129.0
      },
      "retro": {
        "precision": 0.7461538461538462,
        "recall": 0.7637795275590551,
        "f1-score": 0.754863813229572,
        "support": 127.0
      },
      "rock": {
        "precision": 0.7338129496402878,
        "recall": 0.8429752066115702,
        "f1-score": 0.7846153846153846,
        "support": 121.0
      },
      "street": {
        "precision": 0.8633540372670807,
        "recall": 0.9084967320261438,
        "f1-score": 0.8853503184713376,
        "support": 153.0
      },
      "accuracy": 0.8060453400503779,
      "macro avg": {
        "precision": 0.8045826204737605,
        "recall": 0.8095681469940302,
        "f1-score": 0.8041441011344223,
        "support": 1985.0
      },
      "weighted avg": {
        "precision": 0.80683455534745,
        "recall": 0.8060453400503779,
        "f1-score": 0.8032957066605226,
        "support": 1985.0
      }
    }
  },
  "overfitting_analysis": {
    "overfitting_detected": false,
    "best_val_loss": 0.49255750087961075,
    "val_loss_after_best": 0.49255750087961075,
    "increase_percentage": 0.0,
    "train_val_gap": 0.07796227190896315
  },
  "training_curves": {
    "train_losses": [
      2.572779821527415,
      1.9210535645484925,
      1.5181951958557656,
      1.301669437104258,
      1.1563715903923428,
      1.0448140132016148,
      0.9543505855675402,
      0.9024696311046337,
      0.8394187596337549,
      0.80387508355338,
      0.7576235646831578,
      0.7290888596197654,
      0.7080081577958732,
      0.682385554395873,
      0.655623603278193,
      0.6469520965526844,
      0.6306475885469338,
      0.601597013709874,
      0.5858302400029939,
      0.5705197727885739
    ],
    "val_losses": [
      2.2497959329235937,
      1.403896722101396,
      1.109134106866775,
      0.9294933378696442,
      0.8370418365924589,
      0.7521336881383773,
      0.698176872345709,
      0.6698821345644612,
      0.6338702320091186,
      0.6010641446036677,
      0.5866464116880971,
      0.5593124599226059,
      0.5473563949907979,
      0.5297421303487593,
      0.5162784272143918,
      0.5226815400585052,
      0.5082963241204139,
      0.5063620949945142,
      0.5029004273876068,
      0.49255750087961075
    ],
    "train_accs": [
      14.944390454594537,
      35.3633516898823,
      46.79840190044272,
      53.838678328474245,
      59.04329985962639,
      63.654033041788146,
      67.50890832523486,
      68.7614728431055,
      71.46096533851636,
      72.67033797646043,
      74.62477054313788,
      74.92711370262391,
      76.06090055069647,
      77.00032393909945,
      77.87495950761257,
      78.16650469711695,
      78.38246409674981,
      79.38667530504266,
      80.09934132383113,
      80.56365403304179
    ],
    "val_accs": [
      36.038306451612904,
      54.788306451612904,
      67.89314516129032,
      71.92540322580645,
      73.18548387096774,
      75.35282258064517,
      76.5625,
      76.4616935483871,
      78.62903225806451,
      79.48588709677419,
      79.3850806451613,
      80.69556451612904,
      80.79637096774194,
      81.75403225806451,
      81.45161290322581,
      81.60282258064517,
      81.65322580645162,
      82.25806451612904,
      82.05645161290323,
      82.45967741935483
    ],
    "val_macro_f1s": [
      0.2672411241231131,
      0.49737513484694684,
      0.6673204088438839,
      0.7096647466146012,
      0.722475112674059,
      0.747995317177922,
      0.7624767251376607,
      0.7644356655128247,
      0.7857182133393378,
      0.7919903611104758,
      0.7932049561107608,
      0.8045771097109738,
      0.8067643565286833,
      0.8162208766534265,
      0.8144050879218945,
      0.8146353486387946,
      0.8155625231858366,
      0.8211568788553661,
      0.8198245595273211,
      0.8228864946392166
    ],
    "learning_rates": [
      4.995066821070679e-05,
      4.980286753286195e-05,
      4.955718126821722e-05,
      4.9214579028215776e-05,
      4.877641290737884e-05,
      4.8244412147206284e-05,
      4.762067631165049e-05,
      4.6907667001096584e-05,
      4.610819813755037e-05,
      4.5225424859373677e-05,
      4.426283106939472e-05,
      4.322421568553528e-05,
      4.211367764821721e-05,
      4.0935599743717234e-05,
      3.969463130731183e-05,
      3.839566987447491e-05,
      3.7043841852542874e-05,
      3.564448228912681e-05,
      3.420311381711694e-05,
      3.272542485937368e-05
    ]
  },
  "data_split_info": {
    "train_size": 9261,
    "val_size": 1984,
    "test_size": 1985
  }
}