{
  "experiment_id": "seed_217",
  "seed_value": 217,
  "seed_index": 7,
  "timestamp": "2026-05-23T00:03:19.271959",
  "configuration": {
    "learning_rate": 5e-05,
    "batch_size": 32,
    "early_stopping_patience": 5,
    "dropout": 0.5,
    "weight_decay": 0.0001,
    "max_epochs": 20,
    "model_init_seed": 42,
    "data_split_seed": 217,
    "dataset_size": "100% (full dataset)"
  },
  "training_info": {
    "total_epochs": 20,
    "best_epoch": 20,
    "early_stopped": false,
    "total_time_minutes": 17.150406058629354
  },
  "validation_metrics": {
    "best_val_macro_f1": 0.8206055224347428,
    "best_val_accuracy": 82.05645161290323,
    "best_val_loss": 0.533283831371415,
    "final_val_macro_f1": 0.8206055224347428,
    "final_val_accuracy": 82.05645161290323,
    "final_val_loss": 0.5346590559328755
  },
  "test_metrics": {
    "test_macro_f1": 0.8164711919527159,
    "test_accuracy": 81.71284634760706,
    "test_loss": 0.5196053466153523,
    "report": {
      "conservative": {
        "precision": 0.777027027027027,
        "recall": 0.8273381294964028,
        "f1-score": 0.8013937282229965,
        "support": 139.0
      },
      "dressy": {
        "precision": 0.9774436090225563,
        "recall": 0.9629629629629629,
        "f1-score": 0.9701492537313433,
        "support": 135.0
      },
      "ethnic": {
        "precision": 0.84,
        "recall": 0.813953488372093,
        "f1-score": 0.8267716535433071,
        "support": 129.0
      },
      "fairy": {
        "precision": 0.8616352201257862,
        "recall": 0.9513888888888888,
        "f1-score": 0.9042904290429042,
        "support": 144.0
      },
      "feminine": {
        "precision": 0.7131782945736435,
        "recall": 0.7540983606557377,
        "f1-score": 0.7330677290836654,
        "support": 122.0
      },
      "gal": {
        "precision": 0.8818897637795275,
        "recall": 0.7832167832167832,
        "f1-score": 0.8296296296296296,
        "support": 143.0
      },
      "girlish": {
        "precision": 0.7018633540372671,
        "recall": 0.6807228915662651,
        "f1-score": 0.691131498470948,
        "support": 166.0
      },
      "kireime-casual": {
        "precision": 0.7421875,
        "recall": 0.6012658227848101,
        "f1-score": 0.6643356643356644,
        "support": 158.0
      },
      "lolita": {
        "precision": 0.9493670886075949,
        "recall": 0.9375,
        "f1-score": 0.9433962264150944,
        "support": 160.0
      },
      "mode": {
        "precision": 0.8623188405797102,
        "recall": 0.7484276729559748,
        "f1-score": 0.8013468013468014,
        "support": 159.0
      },
      "natural": {
        "precision": 0.725609756097561,
        "recall": 0.9224806201550387,
        "f1-score": 0.8122866894197952,
        "support": 129.0
      },
      "retro": {
        "precision": 0.8181818181818182,
        "recall": 0.7795275590551181,
        "f1-score": 0.7983870967741935,
        "support": 127.0
      },
      "rock": {
        "precision": 0.7633587786259542,
        "recall": 0.8264462809917356,
        "f1-score": 0.7936507936507936,
        "support": 121.0
      },
      "street": {
        "precision": 0.8343558282208589,
        "recall": 0.8888888888888888,
        "f1-score": 0.8607594936708861,
        "support": 153.0
      },
      "accuracy": 0.8171284634760705,
      "macro avg": {
        "precision": 0.8177440627770932,
        "recall": 0.8198727392850501,
        "f1-score": 0.8164711919527159,
        "support": 1985.0
      },
      "weighted avg": {
        "precision": 0.8190594855456704,
        "recall": 0.8171284634760705,
        "f1-score": 0.815750648207493,
        "support": 1985.0
      }
    }
  },
  "overfitting_analysis": {
    "overfitting_detected": false,
    "best_val_loss": 0.533283831371415,
    "val_loss_after_best": 0.5346590559328755,
    "increase_percentage": 0.0,
    "train_val_gap": 0.04680561933322536
  },
  "training_curves": {
    "train_losses": [
      2.5756196523534842,
      1.9320798487498843,
      1.5097925054615942,
      1.288768020786088,
      1.1645290006851328,
      1.0594006096494608,
      0.9928835229627018,
      0.9294794206989223,
      0.8641860963969396,
      0.8121098313865991,
      0.7846781397687977,
      0.7367957253908289,
      0.7166963005888051,
      0.6869208069710896,
      0.6578513715287735,
      0.6419493077130153,
      0.6209271913972394,
      0.6071079919050479,
      0.5947785981770219,
      0.5800894507046404
    ],
    "val_losses": [
      2.269028748235395,
      1.395521790750565,
      1.1171212273259317,
      0.9610861732113746,
      0.8545725211020438,
      0.7913285474623403,
      0.7378314209561194,
      0.7040317327745499,
      0.6646165674732577,
      0.6339733643877891,
      0.6144493525066683,
      0.6016425937414169,
      0.5836896819453086,
      0.5781450860442654,
      0.5544173751146563,
      0.5548467984603297,
      0.5490362036132044,
      0.5404883596685625,
      0.533283831371415,
      0.5346590559328755
    ],
    "train_accs": [
      14.70683511499838,
      34.48871612136918,
      46.474462800993415,
      53.979051938235614,
      58.654572940287224,
      62.304286794082714,
      65.09016304934673,
      67.62768599503293,
      69.89525969117805,
      72.35719684699276,
      73.17784256559767,
      74.21444768383544,
      75.89893100097181,
      76.23366807040277,
      77.34585897851204,
      78.42565597667638,
      79.20310981535471,
      79.1491199654465,
      80.08854335384947,
      80.62844185293164
    ],
    "val_accs": [
      39.465725806451616,
      54.63709677419355,
      64.21370967741936,
      67.69153225806451,
      70.76612903225806,
      72.73185483870968,
      75.1008064516129,
      76.5625,
      77.41935483870968,
      78.47782258064517,
      78.2258064516129,
      79.28427419354838,
      80.69556451612904,
      79.6875,
      81.09879032258064,
      80.64516129032258,
      80.59475806451613,
      81.30040322580645,
      82.05645161290323,
      82.05645161290323
    ],
    "val_macro_f1s": [
      0.3123090337563483,
      0.49749090230980586,
      0.626283362334543,
      0.6644866786589497,
      0.6964982479197673,
      0.7191145565160438,
      0.7474037949011482,
      0.7638512722636245,
      0.7723238077621105,
      0.7833338170741879,
      0.780920675725825,
      0.7925815668459902,
      0.8066645250464755,
      0.7955775270367162,
      0.8110255404240083,
      0.806411106518735,
      0.8063477527203483,
      0.8135083209862536,
      0.8204869678048858,
      0.8206055224347428
    ],
    "learning_rates": [
      4.995066821070679e-05,
      4.980286753286195e-05,
      4.955718126821722e-05,
      4.9214579028215776e-05,
      4.877641290737884e-05,
      4.8244412147206284e-05,
      4.762067631165049e-05,
      4.6907667001096584e-05,
      4.610819813755037e-05,
      4.5225424859373677e-05,
      4.426283106939472e-05,
      4.322421568553528e-05,
      4.211367764821721e-05,
      4.0935599743717234e-05,
      3.969463130731183e-05,
      3.839566987447491e-05,
      3.7043841852542874e-05,
      3.564448228912681e-05,
      3.420311381711694e-05,
      3.272542485937368e-05
    ]
  },
  "data_split_info": {
    "train_size": 9261,
    "val_size": 1984,
    "test_size": 1985
  }
}