{
  "experiment_id": "seed_72",
  "seed_value": 72,
  "seed_index": 9,
  "timestamp": "2026-05-22T11:37:53.389766",
  "configuration": {
    "learning_rate": 5e-05,
    "batch_size": 32,
    "early_stopping_patience": 5,
    "dropout": 0.5,
    "weight_decay": 0.0001,
    "max_epochs": 20,
    "model_init_seed": 42,
    "data_split_seed": 72,
    "dataset_size": "100% (full dataset)"
  },
  "training_info": {
    "total_epochs": 20,
    "best_epoch": 19,
    "early_stopped": false,
    "total_time_minutes": 17.8569238225619
  },
  "validation_metrics": {
    "best_val_macro_f1": 0.8099094344909546,
    "best_val_accuracy": 81.04838709677419,
    "best_val_loss": 0.5485868687110562,
    "final_val_macro_f1": 0.8069273527232764,
    "final_val_accuracy": 80.64516129032258,
    "final_val_loss": 0.5485868687110562
  },
  "test_metrics": {
    "test_macro_f1": 0.8001791390017299,
    "test_accuracy": 80.25188916876574,
    "test_loss": 0.5393133440187999,
    "report": {
      "conservative": {
        "precision": 0.7086092715231788,
        "recall": 0.7697841726618705,
        "f1-score": 0.7379310344827587,
        "support": 139.0
      },
      "dressy": {
        "precision": 0.9776119402985075,
        "recall": 0.9703703703703703,
        "f1-score": 0.9739776951672863,
        "support": 135.0
      },
      "ethnic": {
        "precision": 0.8203125,
        "recall": 0.813953488372093,
        "f1-score": 0.8171206225680934,
        "support": 129.0
      },
      "fairy": {
        "precision": 0.8766233766233766,
        "recall": 0.9375,
        "f1-score": 0.9060402684563759,
        "support": 144.0
      },
      "feminine": {
        "precision": 0.7419354838709677,
        "recall": 0.7540983606557377,
        "f1-score": 0.7479674796747967,
        "support": 122.0
      },
      "gal": {
        "precision": 0.8333333333333334,
        "recall": 0.9440559440559441,
        "f1-score": 0.8852459016393442,
        "support": 143.0
      },
      "girlish": {
        "precision": 0.7244094488188977,
        "recall": 0.5542168674698795,
        "f1-score": 0.6279863481228669,
        "support": 166.0
      },
      "kireime-casual": {
        "precision": 0.6791044776119403,
        "recall": 0.5759493670886076,
        "f1-score": 0.6232876712328768,
        "support": 158.0
      },
      "lolita": {
        "precision": 0.9182389937106918,
        "recall": 0.9125,
        "f1-score": 0.9153605015673981,
        "support": 160.0
      },
      "mode": {
        "precision": 0.8187919463087249,
        "recall": 0.7672955974842768,
        "f1-score": 0.7922077922077922,
        "support": 159.0
      },
      "natural": {
        "precision": 0.7088607594936709,
        "recall": 0.8682170542635659,
        "f1-score": 0.7804878048780488,
        "support": 129.0
      },
      "retro": {
        "precision": 0.8141592920353983,
        "recall": 0.7244094488188977,
        "f1-score": 0.7666666666666667,
        "support": 127.0
      },
      "rock": {
        "precision": 0.7459016393442623,
        "recall": 0.7520661157024794,
        "f1-score": 0.7489711934156379,
        "support": 121.0
      },
      "street": {
        "precision": 0.8352941176470589,
        "recall": 0.9281045751633987,
        "f1-score": 0.8792569659442725,
        "support": 153.0
      },
      "accuracy": 0.8025188916876574,
      "macro avg": {
        "precision": 0.8002276129014294,
        "recall": 0.8051800972933659,
        "f1-score": 0.8001791390017299,
        "support": 1985.0
      },
      "weighted avg": {
        "precision": 0.8008882498548956,
        "recall": 0.8025188916876574,
        "f1-score": 0.7990555601048638,
        "support": 1985.0
      }
    }
  },
  "overfitting_analysis": {
    "overfitting_detected": false,
    "best_val_loss": 0.5485868687110562,
    "val_loss_after_best": 0.5485868687110562,
    "increase_percentage": 0.0,
    "train_val_gap": 0.04893266775948857
  },
  "training_curves": {
    "train_losses": [
      2.57248650419301,
      1.9160260718444297,
      1.497968067382944,
      1.272342699766159,
      1.1321272210828188,
      1.0462536452145412,
      0.9676234535102186,
      0.8960589463340825,
      0.8588070470711281,
      0.8064113588168703,
      0.7661946594715119,
      0.7366591130865031,
      0.7140285487832694,
      0.6803385042938693,
      0.6679784268140793,
      0.6510806586208014,
      0.6305893803978788,
      0.6081873176940557,
      0.5975195364705448,
      0.5870894784814324
    ],
    "val_losses": [
      2.252811097329663,
      1.4132852535093985,
      1.124256250358397,
      0.9466921225670846,
      0.8653267295129837,
      0.7972901107803467,
      0.7503731039262587,
      0.7010706398756273,
      0.681388262779482,
      0.6469060557503854,
      0.6243662978372266,
      0.6075918549491514,
      0.5988005990943601,
      0.5874458556213686,
      0.5833112049487329,
      0.5638783006898819,
      0.5623273835066827,
      0.5606817886714013,
      0.5544453888170181,
      0.5485868687110562
    ],
    "train_accs": [
      14.663643235071806,
      35.73048266925818,
      46.79840190044272,
      55.1452326962531,
      59.5184105388187,
      63.57844725191664,
      66.36432350718064,
      68.9126444228485,
      71.34218766871828,
      72.2168232372314,
      73.58816542490013,
      74.72195227297269,
      75.63977972141238,
      77.25947521865889,
      77.38905085843861,
      78.01533311737393,
      78.70640319619912,
      79.53784688478567,
      80.05614944390454,
      80.18572508368426
    ],
    "val_accs": [
      39.516129032258064,
      54.63709677419355,
      64.61693548387096,
      68.19556451612904,
      70.76612903225806,
      72.37903225806451,
      74.34475806451613,
      75.80645161290323,
      76.5625,
      77.31854838709677,
      78.0241935483871,
      78.88104838709677,
      79.73790322580645,
      79.63709677419355,
      79.33467741935483,
      80.24193548387096,
      80.59475806451613,
      80.14112903225806,
      81.04838709677419,
      80.64516129032258
    ],
    "val_macro_f1s": [
      0.31954393400069947,
      0.5017560462128098,
      0.6344395330989824,
      0.671527096450666,
      0.6999928512689132,
      0.720199781566882,
      0.7397735300134404,
      0.755864497827395,
      0.7645229911076097,
      0.7733187654819436,
      0.7795405939791136,
      0.7887949139355986,
      0.797316332427765,
      0.796482828198492,
      0.7932688731608648,
      0.8036392051993558,
      0.8057838776359157,
      0.8007917266060437,
      0.8099094344909546,
      0.8069273527232764
    ],
    "learning_rates": [
      4.995066821070679e-05,
      4.980286753286195e-05,
      4.955718126821722e-05,
      4.9214579028215776e-05,
      4.877641290737884e-05,
      4.8244412147206284e-05,
      4.762067631165049e-05,
      4.6907667001096584e-05,
      4.610819813755037e-05,
      4.5225424859373677e-05,
      4.426283106939472e-05,
      4.322421568553528e-05,
      4.211367764821721e-05,
      4.0935599743717234e-05,
      3.969463130731183e-05,
      3.839566987447491e-05,
      3.7043841852542874e-05,
      3.564448228912681e-05,
      3.420311381711694e-05,
      3.272542485937368e-05
    ]
  },
  "data_split_info": {
    "train_size": 9261,
    "val_size": 1984,
    "test_size": 1985
  }
}