{
  "experiment_id": "seed_13",
  "seed_value": 13,
  "seed_index": 1,
  "timestamp": "2026-05-22T09:14:25.755218",
  "configuration": {
    "learning_rate": 5e-05,
    "batch_size": 32,
    "early_stopping_patience": 5,
    "dropout": 0.5,
    "weight_decay": 0.0001,
    "max_epochs": 20,
    "model_init_seed": 42,
    "data_split_seed": 13,
    "dataset_size": "100% (full dataset)"
  },
  "training_info": {
    "total_epochs": 20,
    "best_epoch": 19,
    "early_stopped": false,
    "total_time_minutes": 56.34141255617142
  },
  "validation_metrics": {
    "best_val_macro_f1": 0.8133950325770508,
    "best_val_accuracy": 81.3508064516129,
    "best_val_loss": 0.5315333080868567,
    "final_val_macro_f1": 0.8088805273587246,
    "final_val_accuracy": 80.9475806451613,
    "final_val_loss": 0.5315333080868567
  },
  "test_metrics": {
    "test_macro_f1": 0.8101136533227465,
    "test_accuracy": 81.15869017632242,
    "test_loss": 0.5769303481257151,
    "report": {
      "conservative": {
        "precision": 0.7197452229299363,
        "recall": 0.8129496402877698,
        "f1-score": 0.7635135135135135,
        "support": 139.0
      },
      "dressy": {
        "precision": 0.9555555555555556,
        "recall": 0.9555555555555556,
        "f1-score": 0.9555555555555556,
        "support": 135.0
      },
      "ethnic": {
        "precision": 0.7985074626865671,
        "recall": 0.8294573643410853,
        "f1-score": 0.8136882129277566,
        "support": 129.0
      },
      "fairy": {
        "precision": 0.8734177215189873,
        "recall": 0.9583333333333334,
        "f1-score": 0.9139072847682119,
        "support": 144.0
      },
      "feminine": {
        "precision": 0.7521367521367521,
        "recall": 0.7213114754098361,
        "f1-score": 0.7364016736401674,
        "support": 122.0
      },
      "gal": {
        "precision": 0.8450704225352113,
        "recall": 0.8391608391608392,
        "f1-score": 0.8421052631578947,
        "support": 143.0
      },
      "girlish": {
        "precision": 0.7077922077922078,
        "recall": 0.6566265060240963,
        "f1-score": 0.68125,
        "support": 166.0
      },
      "kireime-casual": {
        "precision": 0.7967479674796748,
        "recall": 0.620253164556962,
        "f1-score": 0.697508896797153,
        "support": 158.0
      },
      "lolita": {
        "precision": 0.896969696969697,
        "recall": 0.925,
        "f1-score": 0.9107692307692308,
        "support": 160.0
      },
      "mode": {
        "precision": 0.8068965517241379,
        "recall": 0.7358490566037735,
        "f1-score": 0.7697368421052632,
        "support": 159.0
      },
      "natural": {
        "precision": 0.7417218543046358,
        "recall": 0.8682170542635659,
        "f1-score": 0.8,
        "support": 129.0
      },
      "retro": {
        "precision": 0.8305084745762712,
        "recall": 0.7716535433070866,
        "f1-score": 0.8,
        "support": 127.0
      },
      "rock": {
        "precision": 0.7480314960629921,
        "recall": 0.7851239669421488,
        "f1-score": 0.7661290322580645,
        "support": 121.0
      },
      "street": {
        "precision": 0.8742138364779874,
        "recall": 0.9084967320261438,
        "f1-score": 0.8910256410256411,
        "support": 153.0
      },
      "accuracy": 0.8115869017632242,
      "macro avg": {
        "precision": 0.8105225159107583,
        "recall": 0.8134277308437283,
        "f1-score": 0.8101136533227465,
        "support": 1985.0
      },
      "weighted avg": {
        "precision": 0.8116093535675589,
        "recall": 0.8115869017632242,
        "f1-score": 0.809668785974949,
        "support": 1985.0
      }
    }
  },
  "overfitting_analysis": {
    "overfitting_detected": false,
    "best_val_loss": 0.5315333080868567,
    "val_loss_after_best": 0.5315333080868567,
    "increase_percentage": 0.0,
    "train_val_gap": 0.08415143138773584
  },
  "training_curves": {
    "train_losses": [
      2.5729449518795673,
      1.9195128736824825,
      1.5193282110937711,
      1.302047656527881,
      1.164069413522194,
      1.0730356828919771,
      1.002250163102972,
      0.9476364275504803,
      0.8712813449317012,
      0.826414721484842,
      0.7935302215403524,
      0.7551367107136496,
      0.7224130010810391,
      0.6941750524886723,
      0.6671870494710987,
      0.6593310380804127,
      0.6456229360966846,
      0.633823875569064,
      0.6156847394745926,
      0.6031395100314042
    ],
    "val_losses": [
      2.2523280151428713,
      1.4204425042675388,
      1.1375088287938027,
      0.9806932999241736,
      0.8871428187816374,
      0.8125843290359743,
      0.7484181508902581,
      0.707309173480157,
      0.6763738624511226,
      0.6533388841536737,
      0.627147649084368,
      0.6120860788129991,
      0.5906243704019054,
      0.593431614579693,
      0.5753321344813993,
      0.5660524776866359,
      0.5469651967287064,
      0.5518122959521509,
      0.5402094721794128,
      0.5315333080868567
    ],
    "train_accs": [
      14.70683511499838,
      34.467120181405896,
      45.232696253104415,
      54.087031638052046,
      58.870532339920096,
      62.66061980347695,
      64.93899146960372,
      67.6708778749595,
      69.93845157110464,
      71.0722384191772,
      72.70273188640536,
      74.25763956376201,
      75.47781017168772,
      76.4928193499622,
      77.37825288845697,
      77.3350610085304,
      77.89655544757585,
      78.71720116618076,
      78.53363567649282,
      79.49465500485908
    ],
    "val_accs": [
      36.189516129032256,
      54.38508064516129,
      62.55040322580645,
      66.83467741935483,
      69.30443548387096,
      72.32862903225806,
      74.14314516129032,
      76.00806451612904,
      76.2600806451613,
      77.41935483870968,
      77.92338709677419,
      78.98185483870968,
      79.43548387096774,
      79.33467741935483,
      79.33467741935483,
      79.88911290322581,
      81.04838709677419,
      80.29233870967742,
      81.3508064516129,
      80.9475806451613
    ],
    "val_macro_f1s": [
      0.2724834490214737,
      0.5038235054215765,
      0.6070653418039924,
      0.6499146008148454,
      0.6841592868920664,
      0.716572463162905,
      0.7383644372693176,
      0.7571704390728735,
      0.7599619680928875,
      0.7723297620577058,
      0.7762495337185081,
      0.7883908631668799,
      0.7943179037287729,
      0.79314149906309,
      0.7927333424760858,
      0.798691681836343,
      0.8107407418896856,
      0.8009471357218599,
      0.8133950325770508,
      0.8088805273587246
    ],
    "learning_rates": [
      4.995066821070679e-05,
      4.980286753286195e-05,
      4.955718126821722e-05,
      4.9214579028215776e-05,
      4.877641290737884e-05,
      4.8244412147206284e-05,
      4.762067631165049e-05,
      4.6907667001096584e-05,
      4.610819813755037e-05,
      4.5225424859373677e-05,
      4.426283106939472e-05,
      4.322421568553528e-05,
      4.211367764821721e-05,
      4.0935599743717234e-05,
      3.969463130731183e-05,
      3.839566987447491e-05,
      3.7043841852542874e-05,
      3.564448228912681e-05,
      3.420311381711694e-05,
      3.272542485937368e-05
    ]
  },
  "data_split_info": {
    "train_size": 9261,
    "val_size": 1984,
    "test_size": 1985
  }
}