{
  "experiment_id": "seed_333",
  "seed_value": 333,
  "seed_index": 4,
  "timestamp": "2026-05-22T23:12:17.397676",
  "configuration": {
    "learning_rate": 5e-05,
    "batch_size": 32,
    "early_stopping_patience": 5,
    "dropout": 0.5,
    "weight_decay": 0.0001,
    "max_epochs": 20,
    "model_init_seed": 42,
    "data_split_seed": 333,
    "dataset_size": "100% (full dataset)"
  },
  "training_info": {
    "total_epochs": 20,
    "best_epoch": 18,
    "early_stopped": false,
    "total_time_minutes": 17.202066894372305
  },
  "validation_metrics": {
    "best_val_macro_f1": 0.8003106166534681,
    "best_val_accuracy": 79.9899193548387,
    "best_val_loss": 0.5690743045941475,
    "final_val_macro_f1": 0.7975897128564785,
    "final_val_accuracy": 79.7883064516129,
    "final_val_loss": 0.5690743045941475
  },
  "test_metrics": {
    "test_macro_f1": 0.8041232038625735,
    "test_accuracy": 80.50377833753149,
    "test_loss": 0.5831221744181618,
    "report": {
      "conservative": {
        "precision": 0.7,
        "recall": 0.8561151079136691,
        "f1-score": 0.7702265372168284,
        "support": 139.0
      },
      "dressy": {
        "precision": 0.9841269841269841,
        "recall": 0.9185185185185185,
        "f1-score": 0.9501915708812261,
        "support": 135.0
      },
      "ethnic": {
        "precision": 0.8828828828828829,
        "recall": 0.7596899224806202,
        "f1-score": 0.8166666666666667,
        "support": 129.0
      },
      "fairy": {
        "precision": 0.881578947368421,
        "recall": 0.9305555555555556,
        "f1-score": 0.9054054054054054,
        "support": 144.0
      },
      "feminine": {
        "precision": 0.6859504132231405,
        "recall": 0.680327868852459,
        "f1-score": 0.6831275720164609,
        "support": 122.0
      },
      "gal": {
        "precision": 0.8846153846153846,
        "recall": 0.8041958041958042,
        "f1-score": 0.8424908424908425,
        "support": 143.0
      },
      "girlish": {
        "precision": 0.7019867549668874,
        "recall": 0.6385542168674698,
        "f1-score": 0.668769716088328,
        "support": 166.0
      },
      "kireime-casual": {
        "precision": 0.7606837606837606,
        "recall": 0.5632911392405063,
        "f1-score": 0.6472727272727272,
        "support": 158.0
      },
      "lolita": {
        "precision": 0.9146341463414634,
        "recall": 0.9375,
        "f1-score": 0.9259259259259259,
        "support": 160.0
      },
      "mode": {
        "precision": 0.7735849056603774,
        "recall": 0.7735849056603774,
        "f1-score": 0.7735849056603774,
        "support": 159.0
      },
      "natural": {
        "precision": 0.7605633802816901,
        "recall": 0.8372093023255814,
        "f1-score": 0.7970479704797048,
        "support": 129.0
      },
      "retro": {
        "precision": 0.6993464052287581,
        "recall": 0.84251968503937,
        "f1-score": 0.7642857142857142,
        "support": 127.0
      },
      "rock": {
        "precision": 0.7412587412587412,
        "recall": 0.8760330578512396,
        "f1-score": 0.803030303030303,
        "support": 121.0
      },
      "street": {
        "precision": 0.9315068493150684,
        "recall": 0.8888888888888888,
        "f1-score": 0.9096989966555183,
        "support": 153.0
      },
      "accuracy": 0.8050377833753148,
      "macro avg": {
        "precision": 0.80733711113954,
        "recall": 0.8076417123850044,
        "f1-score": 0.8041232038625735,
        "support": 1985.0
      },
      "weighted avg": {
        "precision": 0.8092615504626626,
        "recall": 0.8050377833753148,
        "f1-score": 0.8038038198346157,
        "support": 1985.0
      }
    }
  },
  "overfitting_analysis": {
    "overfitting_detected": false,
    "best_val_loss": 0.5690743045941475,
    "val_loss_after_best": 0.5811742669151675,
    "increase_percentage": 2.126253500349028,
    "train_val_gap": 0.03955132176434506
  },
  "training_curves": {
    "train_losses": [
      2.5668743676152723,
      1.892873663737856,
      1.483520895242691,
      1.2660106467789618,
      1.1161126701996245,
      1.0162153219354564,
      0.9341865508720792,
      0.870850802187262,
      0.8129580587148666,
      0.789619765199464,
      0.7478910361898357,
      0.7095316106903142,
      0.6883142927083475,
      0.6694748075871632,
      0.6550027857566701,
      0.6287524918030049,
      0.6188682642990145,
      0.6086256263584926,
      0.5915379712293888,
      0.5743050871224239
    ],
    "val_losses": [
      2.2329389010706255,
      1.4054572697608703,
      1.1075939238071442,
      0.9429013604117978,
      0.8528650845250776,
      0.8089751457014391,
      0.7447064134382433,
      0.7183646304953483,
      0.6808609640406024,
      0.6551631443923519,
      0.6426504028420295,
      0.643726205873874,
      0.6083933828819182,
      0.6199268455947599,
      0.6414444727763053,
      0.6006070091839759,
      0.6008060098655762,
      0.5735135256282745,
      0.5811742669151675,
      0.5690743045941475
    ],
    "train_accs": [
      15.430299103768492,
      36.594320267789655,
      47.84580498866213,
      55.32879818594105,
      60.5874095670014,
      64.19393154087031,
      67.40092862541842,
      70.19760285066407,
      71.73091458805744,
      73.10225677572616,
      74.29003347370694,
      75.57499190152251,
      76.1688802505129,
      76.79516250944822,
      77.30266709858546,
      78.60922146636432,
      79.08433214555663,
      79.00874635568513,
      80.19652305366591,
      80.67163373285823
    ],
    "val_accs": [
      42.439516129032256,
      54.082661290322584,
      63.40725806451613,
      69.15322580645162,
      71.52217741935483,
      72.27822580645162,
      75.40322580645162,
      74.29435483870968,
      76.10887096774194,
      75.85685483870968,
      77.21774193548387,
      77.52016129032258,
      78.4274193548387,
      78.17540322580645,
      76.5625,
      78.88104838709677,
      79.43548387096774,
      79.9899193548387,
      79.5866935483871,
      79.7883064516129
    ],
    "val_macro_f1s": [
      0.35608066975966796,
      0.49671892572726345,
      0.6221018747558853,
      0.6782300321275059,
      0.7090304326160514,
      0.7195412217812152,
      0.7519050476910951,
      0.7380342576499459,
      0.7596507424207317,
      0.756702269143066,
      0.771388763698318,
      0.7746324955244603,
      0.7845516925998902,
      0.7799700224346491,
      0.7634286325906655,
      0.7871880331966674,
      0.7938595927595166,
      0.8003106166534681,
      0.7949714464187678,
      0.7975897128564785
    ],
    "learning_rates": [
      4.995066821070679e-05,
      4.980286753286195e-05,
      4.955718126821722e-05,
      4.9214579028215776e-05,
      4.877641290737884e-05,
      4.8244412147206284e-05,
      4.762067631165049e-05,
      4.6907667001096584e-05,
      4.610819813755037e-05,
      4.5225424859373677e-05,
      4.426283106939472e-05,
      4.322421568553528e-05,
      4.211367764821721e-05,
      4.0935599743717234e-05,
      3.969463130731183e-05,
      3.839566987447491e-05,
      3.7043841852542874e-05,
      3.564448228912681e-05,
      3.420311381711694e-05,
      3.272542485937368e-05
    ]
  },
  "data_split_info": {
    "train_size": 9261,
    "val_size": 1984,
    "test_size": 1985
  }
}