{
  "experiment_id": "seed_141",
  "seed_value": 141,
  "seed_index": 5,
  "timestamp": "2026-05-22T23:28:40.149596",
  "configuration": {
    "learning_rate": 5e-05,
    "batch_size": 32,
    "early_stopping_patience": 5,
    "dropout": 0.5,
    "weight_decay": 0.0001,
    "max_epochs": 20,
    "model_init_seed": 42,
    "data_split_seed": 141,
    "dataset_size": "100% (full dataset)"
  },
  "training_info": {
    "total_epochs": 20,
    "best_epoch": 19,
    "early_stopped": false,
    "total_time_minutes": 17.366870077451072
  },
  "validation_metrics": {
    "best_val_macro_f1": 0.8186518116428448,
    "best_val_accuracy": 81.80443548387096,
    "best_val_loss": 0.5407174090223927,
    "final_val_macro_f1": 0.80587697983582,
    "final_val_accuracy": 80.59475806451613,
    "final_val_loss": 0.5425724699612586
  },
  "test_metrics": {
    "test_macro_f1": 0.7929164565297409,
    "test_accuracy": 79.29471032745592,
    "test_loss": 0.5930593964599428,
    "report": {
      "conservative": {
        "precision": 0.7086092715231788,
        "recall": 0.7697841726618705,
        "f1-score": 0.7379310344827587,
        "support": 139.0
      },
      "dressy": {
        "precision": 0.9699248120300752,
        "recall": 0.9555555555555556,
        "f1-score": 0.9626865671641791,
        "support": 135.0
      },
      "ethnic": {
        "precision": 0.84,
        "recall": 0.813953488372093,
        "f1-score": 0.8267716535433071,
        "support": 129.0
      },
      "fairy": {
        "precision": 0.8859060402684564,
        "recall": 0.9166666666666666,
        "f1-score": 0.9010238907849829,
        "support": 144.0
      },
      "feminine": {
        "precision": 0.7217391304347827,
        "recall": 0.680327868852459,
        "f1-score": 0.70042194092827,
        "support": 122.0
      },
      "gal": {
        "precision": 0.9316239316239316,
        "recall": 0.7622377622377622,
        "f1-score": 0.8384615384615385,
        "support": 143.0
      },
      "girlish": {
        "precision": 0.6932515337423313,
        "recall": 0.6807228915662651,
        "f1-score": 0.6869300911854104,
        "support": 166.0
      },
      "kireime-casual": {
        "precision": 0.6791044776119403,
        "recall": 0.5759493670886076,
        "f1-score": 0.6232876712328768,
        "support": 158.0
      },
      "lolita": {
        "precision": 0.8787878787878788,
        "recall": 0.90625,
        "f1-score": 0.8923076923076924,
        "support": 160.0
      },
      "mode": {
        "precision": 0.8344827586206897,
        "recall": 0.7610062893081762,
        "f1-score": 0.7960526315789473,
        "support": 159.0
      },
      "natural": {
        "precision": 0.6797385620915033,
        "recall": 0.8062015503875969,
        "f1-score": 0.7375886524822695,
        "support": 129.0
      },
      "retro": {
        "precision": 0.7333333333333333,
        "recall": 0.7795275590551181,
        "f1-score": 0.7557251908396947,
        "support": 127.0
      },
      "rock": {
        "precision": 0.7012987012987013,
        "recall": 0.8925619834710744,
        "f1-score": 0.7854545454545454,
        "support": 121.0
      },
      "street": {
        "precision": 0.8767123287671232,
        "recall": 0.8366013071895425,
        "f1-score": 0.8561872909698997,
        "support": 153.0
      },
      "accuracy": 0.7929471032745592,
      "macro avg": {
        "precision": 0.7953223400095659,
        "recall": 0.7955247473151992,
        "f1-score": 0.7929164565297409,
        "support": 1985.0
      },
      "weighted avg": {
        "precision": 0.7970389030690272,
        "recall": 0.7929471032745592,
        "f1-score": 0.7925953138744308,
        "support": 1985.0
      }
    }
  },
  "overfitting_analysis": {
    "overfitting_detected": false,
    "best_val_loss": 0.5407174090223927,
    "val_loss_after_best": 0.5425724699612586,
    "increase_percentage": 0.3430740175759848,
    "train_val_gap": 0.04128149924043556
  },
  "training_curves": {
    "train_losses": [
      2.574350800185368,
      1.9220492334201418,
      1.5249416006022487,
      1.3141973022756905,
      1.1477646930464382,
      1.0489163324750703,
      0.9604345699836467,
      0.8980825664668247,
      0.8329748538033716,
      0.7980889654365079,
      0.7562601799594945,
      0.7279743513156628,
      0.6936790793106473,
      0.6796250098224343,
      0.6467457233317967,
      0.6412426757401434,
      0.6218123608108225,
      0.6099643149766428,
      0.5819989082628283,
      0.5744915528544065
    ],
    "val_losses": [
      2.2720245084454938,
      1.4108814251038335,
      1.1596993111794995,
      0.9583757317835285,
      0.902455335663211,
      0.7749727512559583,
      0.7277302775652178,
      0.6830627331810613,
      0.6736497321436482,
      0.630005624986464,
      0.6095251969752773,
      0.5834360040964619,
      0.5787068018990178,
      0.5792342128772889,
      0.5707700216481763,
      0.5716326361702334,
      0.5566998751413438,
      0.5437683090567589,
      0.5407174090223927,
      0.5425724699612586
    ],
    "train_accs": [
      15.030774214447684,
      35.15819026023107,
      44.919555123636755,
      52.985638699924415,
      59.46442068891049,
      63.30849800237555,
      66.19155598747436,
      68.46992765360112,
      71.21261202893857,
      72.74592376633193,
      73.94449843429435,
      74.92711370262391,
      76.47122340999891,
      76.63319295972357,
      77.99373717741065,
      77.76697980779613,
      78.60922146636432,
      79.60263470467552,
      80.53126012309686,
      80.2181189936292
    ],
    "val_accs": [
      44.203629032258064,
      53.47782258064516,
      63.20564516129032,
      68.04435483870968,
      69.55645161290323,
      74.09274193548387,
      74.04233870967742,
      75.3024193548387,
      76.41129032258064,
      77.46975806451613,
      78.27620967741936,
      78.62903225806451,
      79.3850806451613,
      79.18346774193549,
      80.04032258064517,
      79.93951612903226,
      80.34274193548387,
      80.89717741935483,
      81.80443548387096,
      80.59475806451613
    ],
    "val_macro_f1s": [
      0.4047530015864886,
      0.48113294902500064,
      0.614326222746227,
      0.6679101323366641,
      0.6893989787509819,
      0.7372648035267085,
      0.7377728195593375,
      0.7524019554710127,
      0.7620627487633796,
      0.7740354178173197,
      0.7833282462129926,
      0.7865546362635497,
      0.7940865264193802,
      0.7897062418748825,
      0.8011606349958713,
      0.798623625194188,
      0.8036845818452442,
      0.8090720442175355,
      0.8186518116428448,
      0.80587697983582
    ],
    "learning_rates": [
      4.995066821070679e-05,
      4.980286753286195e-05,
      4.955718126821722e-05,
      4.9214579028215776e-05,
      4.877641290737884e-05,
      4.8244412147206284e-05,
      4.762067631165049e-05,
      4.6907667001096584e-05,
      4.610819813755037e-05,
      4.5225424859373677e-05,
      4.426283106939472e-05,
      4.322421568553528e-05,
      4.211367764821721e-05,
      4.0935599743717234e-05,
      3.969463130731183e-05,
      3.839566987447491e-05,
      3.7043841852542874e-05,
      3.564448228912681e-05,
      3.420311381711694e-05,
      3.272542485937368e-05
    ]
  },
  "data_split_info": {
    "train_size": 9261,
    "val_size": 1984,
    "test_size": 1985
  }
}