{
  "experiment_id": "seed_347",
  "seed_value": 347,
  "seed_index": 5,
  "timestamp": "2026-05-22T23:29:34.671528",
  "configuration": {
    "learning_rate": 5e-05,
    "batch_size": 32,
    "early_stopping_patience": 5,
    "dropout": 0.5,
    "weight_decay": 0.0001,
    "max_epochs": 20,
    "model_init_seed": 42,
    "data_split_seed": 347,
    "dataset_size": "100% (full dataset)"
  },
  "training_info": {
    "total_epochs": 20,
    "best_epoch": 18,
    "early_stopped": false,
    "total_time_minutes": 17.1031014641126
  },
  "validation_metrics": {
    "best_val_macro_f1": 0.8180900259833208,
    "best_val_accuracy": 81.45161290322581,
    "best_val_loss": 0.5215659826513259,
    "final_val_macro_f1": 0.81735676000426,
    "final_val_accuracy": 81.70362903225806,
    "final_val_loss": 0.5288171503813036
  },
  "test_metrics": {
    "test_macro_f1": 0.8045861840363486,
    "test_accuracy": 80.25188916876574,
    "test_loss": 0.5532774069006481,
    "report": {
      "conservative": {
        "precision": 0.7328767123287672,
        "recall": 0.7697841726618705,
        "f1-score": 0.7508771929824561,
        "support": 139.0
      },
      "dressy": {
        "precision": 0.9694656488549618,
        "recall": 0.9407407407407408,
        "f1-score": 0.9548872180451128,
        "support": 135.0
      },
      "ethnic": {
        "precision": 0.8925619834710744,
        "recall": 0.8372093023255814,
        "f1-score": 0.864,
        "support": 129.0
      },
      "fairy": {
        "precision": 0.8866666666666667,
        "recall": 0.9236111111111112,
        "f1-score": 0.9047619047619048,
        "support": 144.0
      },
      "feminine": {
        "precision": 0.7380952380952381,
        "recall": 0.7622950819672131,
        "f1-score": 0.75,
        "support": 122.0
      },
      "gal": {
        "precision": 0.8243243243243243,
        "recall": 0.8531468531468531,
        "f1-score": 0.8384879725085911,
        "support": 143.0
      },
      "girlish": {
        "precision": 0.6666666666666666,
        "recall": 0.6144578313253012,
        "f1-score": 0.6394984326018809,
        "support": 166.0
      },
      "kireime-casual": {
        "precision": 0.6149732620320856,
        "recall": 0.7278481012658228,
        "f1-score": 0.6666666666666666,
        "support": 158.0
      },
      "lolita": {
        "precision": 0.9527027027027027,
        "recall": 0.88125,
        "f1-score": 0.9155844155844156,
        "support": 160.0
      },
      "mode": {
        "precision": 0.8507462686567164,
        "recall": 0.7169811320754716,
        "f1-score": 0.7781569965870307,
        "support": 159.0
      },
      "natural": {
        "precision": 0.7753623188405797,
        "recall": 0.8294573643410853,
        "f1-score": 0.8014981273408239,
        "support": 129.0
      },
      "retro": {
        "precision": 0.8490566037735849,
        "recall": 0.7086614173228346,
        "f1-score": 0.7725321888412017,
        "support": 127.0
      },
      "rock": {
        "precision": 0.753968253968254,
        "recall": 0.7851239669421488,
        "f1-score": 0.7692307692307693,
        "support": 121.0
      },
      "street": {
        "precision": 0.8128654970760234,
        "recall": 0.9084967320261438,
        "f1-score": 0.8580246913580247,
        "support": 153.0
      },
      "accuracy": 0.8025188916876574,
      "macro avg": {
        "precision": 0.8085951533898319,
        "recall": 0.8042188433751555,
        "f1-score": 0.8045861840363486,
        "support": 1985.0
      },
      "weighted avg": {
        "precision": 0.8072938326004743,
        "recall": 0.8025188916876574,
        "f1-score": 0.8030213037660878,
        "support": 1985.0
      }
    }
  },
  "overfitting_analysis": {
    "overfitting_detected": false,
    "best_val_loss": 0.5215659826513259,
    "val_loss_after_best": 0.5215659826513259,
    "increase_percentage": 0.0,
    "train_val_gap": 0.09991808430570392
  },
  "training_curves": {
    "train_losses": [
      2.570923848809867,
      1.9253677750455922,
      1.5123819092224384,
      1.2901187436334018,
      1.158367229741195,
      1.0608462633757756,
      0.9672236993395049,
      0.9103240448853065,
      0.8519030225688013,
      0.8008025077910259,
      0.762618656713387,
      0.7517977938569825,
      0.7101461207044536,
      0.6821382301634755,
      0.6685249376913597,
      0.6464007348849856,
      0.6301140382885932,
      0.6214840669570298,
      0.6006826174670252,
      0.5985852996337002
    ],
    "val_losses": [
      2.253226468639989,
      1.397717277849874,
      1.122083894668087,
      0.9341609641428916,
      0.8580353875314036,
      0.7711863267806268,
      0.7048025611908205,
      0.6676669558209758,
      0.6439440187907988,
      0.5995751638566295,
      0.5943595161361079,
      0.5709742793152409,
      0.5797139425431529,
      0.5495230892012196,
      0.5499877367288836,
      0.5347597560574932,
      0.542933962518169,
      0.5400062393276922,
      0.5215659826513259,
      0.5288171503813036
    ],
    "train_accs": [
      14.663643235071806,
      35.08260447035957,
      46.36648310117698,
      54.41097073750135,
      59.216067379332685,
      62.531044163697224,
      66.09437425763956,
      69.37695713205918,
      70.97505668934241,
      72.42198466688262,
      73.71774106467984,
      74.11726595400064,
      75.56419393154087,
      76.53601122988879,
      76.97872799913617,
      78.00453514739229,
      78.58762552640104,
      78.68480725623583,
      79.375877335061,
      79.82939207429003
    ],
    "val_accs": [
      41.63306451612903,
      56.09879032258065,
      64.91935483870968,
      69.85887096774194,
      71.5725806451613,
      74.24395161290323,
      75.75604838709677,
      76.5625,
      77.21774193548387,
      78.83064516129032,
      78.57862903225806,
      79.73790322580645,
      79.53629032258064,
      79.73790322580645,
      80.44354838709677,
      80.84677419354838,
      80.59475806451613,
      81.45161290322581,
      81.50201612903226,
      81.70362903225806
    ],
    "val_macro_f1s": [
      0.3251121842614687,
      0.5222873830151568,
      0.6348401228054197,
      0.6939136929502979,
      0.7094636883481064,
      0.739759266942736,
      0.7565093959377573,
      0.7647018155742681,
      0.7701787038800861,
      0.7886444794007527,
      0.7862639168616156,
      0.7986051502372494,
      0.7973251271189925,
      0.7974932008168004,
      0.804438765881074,
      0.8086605670110271,
      0.805395451685632,
      0.8180900259833208,
      0.8159978211145944,
      0.81735676000426
    ],
    "learning_rates": [
      4.995066821070679e-05,
      4.980286753286195e-05,
      4.955718126821722e-05,
      4.9214579028215776e-05,
      4.877641290737884e-05,
      4.8244412147206284e-05,
      4.762067631165049e-05,
      4.6907667001096584e-05,
      4.610819813755037e-05,
      4.5225424859373677e-05,
      4.426283106939472e-05,
      4.322421568553528e-05,
      4.211367764821721e-05,
      4.0935599743717234e-05,
      3.969463130731183e-05,
      3.839566987447491e-05,
      3.7043841852542874e-05,
      3.564448228912681e-05,
      3.420311381711694e-05,
      3.272542485937368e-05
    ]
  },
  "data_split_info": {
    "train_size": 9261,
    "val_size": 1984,
    "test_size": 1985
  }
}