{
  "experiment_id": "seed_367",
  "seed_value": 367,
  "seed_index": 7,
  "timestamp": "2026-05-23T00:04:29.308263",
  "configuration": {
    "learning_rate": 5e-05,
    "batch_size": 32,
    "early_stopping_patience": 5,
    "dropout": 0.5,
    "weight_decay": 0.0001,
    "max_epochs": 20,
    "model_init_seed": 42,
    "data_split_seed": 367,
    "dataset_size": "100% (full dataset)"
  },
  "training_info": {
    "total_epochs": 20,
    "best_epoch": 19,
    "early_stopped": false,
    "total_time_minutes": 17.35717547337214
  },
  "validation_metrics": {
    "best_val_macro_f1": 0.8185801474539117,
    "best_val_accuracy": 81.90524193548387,
    "best_val_loss": 0.5141182241420592,
    "final_val_macro_f1": 0.816755083557342,
    "final_val_accuracy": 81.60282258064517,
    "final_val_loss": 0.5256608243911497
  },
  "test_metrics": {
    "test_macro_f1": 0.8001651274407858,
    "test_accuracy": 80.05037783375315,
    "test_loss": 0.5412417401611391,
    "report": {
      "conservative": {
        "precision": 0.7080745341614907,
        "recall": 0.8201438848920863,
        "f1-score": 0.76,
        "support": 139.0
      },
      "dressy": {
        "precision": 0.9692307692307692,
        "recall": 0.9333333333333333,
        "f1-score": 0.9509433962264151,
        "support": 135.0
      },
      "ethnic": {
        "precision": 0.8,
        "recall": 0.8372093023255814,
        "f1-score": 0.8181818181818182,
        "support": 129.0
      },
      "fairy": {
        "precision": 0.9178082191780822,
        "recall": 0.9305555555555556,
        "f1-score": 0.9241379310344827,
        "support": 144.0
      },
      "feminine": {
        "precision": 0.6602564102564102,
        "recall": 0.8442622950819673,
        "f1-score": 0.7410071942446043,
        "support": 122.0
      },
      "gal": {
        "precision": 0.8439716312056738,
        "recall": 0.8321678321678322,
        "f1-score": 0.8380281690140845,
        "support": 143.0
      },
      "girlish": {
        "precision": 0.6912751677852349,
        "recall": 0.6204819277108434,
        "f1-score": 0.653968253968254,
        "support": 166.0
      },
      "kireime-casual": {
        "precision": 0.7286821705426356,
        "recall": 0.5949367088607594,
        "f1-score": 0.6550522648083623,
        "support": 158.0
      },
      "lolita": {
        "precision": 0.9506172839506173,
        "recall": 0.9625,
        "f1-score": 0.9565217391304348,
        "support": 160.0
      },
      "mode": {
        "precision": 0.8013245033112583,
        "recall": 0.7610062893081762,
        "f1-score": 0.7806451612903226,
        "support": 159.0
      },
      "natural": {
        "precision": 0.7578125,
        "recall": 0.751937984496124,
        "f1-score": 0.754863813229572,
        "support": 129.0
      },
      "retro": {
        "precision": 0.7698412698412699,
        "recall": 0.7637795275590551,
        "f1-score": 0.766798418972332,
        "support": 127.0
      },
      "rock": {
        "precision": 0.7238805970149254,
        "recall": 0.8016528925619835,
        "f1-score": 0.7607843137254902,
        "support": 121.0
      },
      "street": {
        "precision": 0.8905109489051095,
        "recall": 0.7973856209150327,
        "f1-score": 0.8413793103448276,
        "support": 153.0
      },
      "accuracy": 0.8005037783375315,
      "macro avg": {
        "precision": 0.8009490003845342,
        "recall": 0.8036680824834522,
        "f1-score": 0.8001651274407858,
        "support": 1985.0
      },
      "weighted avg": {
        "precision": 0.8033402148200208,
        "recall": 0.8005037783375315,
        "f1-score": 0.799823373015601,
        "support": 1985.0
      }
    }
  },
  "overfitting_analysis": {
    "overfitting_detected": false,
    "best_val_loss": 0.5141182241420592,
    "val_loss_after_best": 0.5256608243911497,
    "increase_percentage": 2.245125674809979,
    "train_val_gap": 0.07979122116018056
  },
  "training_curves": {
    "train_losses": [
      2.5633970827891908,
      1.8846970784253088,
      1.4871776091641393,
      1.269913762807846,
      1.1349186788345205,
      1.0304848601078165,
      0.9601147774992318,
      0.8919840689363151,
      0.8393661542185422,
      0.7976312466736497,
      0.7442739672701935,
      0.722607242444466,
      0.70241589412607,
      0.6687991883734177,
      0.6624343774442015,
      0.6376436693401172,
      0.6306747080437068,
      0.6115805628998526,
      0.5939094453022398,
      0.5867730191555517
    ],
    "val_losses": [
      2.2076754570007324,
      1.381149568865376,
      1.0958207480369075,
      0.9366664799951738,
      0.8363846958644928,
      0.7837255774967132,
      0.7095076239878132,
      0.6830553258619001,
      0.6423500872427418,
      0.6269220467055997,
      0.5841481964434346,
      0.5781899315695609,
      0.5681139204290605,
      0.5630649006174456,
      0.5482369949740749,
      0.5637800868961119,
      0.53692617411575,
      0.5340911724394367,
      0.5141182241420592,
      0.5256608243911497
    ],
    "train_accs": [
      15.138753914264118,
      36.6051182377713,
      47.00356333009394,
      54.96166720656517,
      59.723571968469926,
      63.977972141237444,
      66.53709102688694,
      68.93424036281179,
      70.92106683943419,
      72.99427707590974,
      74.24684159378037,
      74.72195227297269,
      75.63977972141238,
      77.15149551884245,
      77.19468739876903,
      78.14490875715366,
      78.57682755641939,
      79.49465500485908,
      80.00215959399632,
      80.00215959399632
    ],
    "val_accs": [
      39.96975806451613,
      55.443548387096776,
      64.56653225806451,
      69.30443548387096,
      72.42943548387096,
      74.24395161290323,
      76.6633064516129,
      76.4616935483871,
      77.46975806451613,
      77.77217741935483,
      79.93951612903226,
      79.9899193548387,
      79.43548387096774,
      80.29233870967742,
      81.19959677419355,
      80.34274193548387,
      81.09879032258064,
      81.85483870967742,
      81.90524193548387,
      81.60282258064517
    ],
    "val_macro_f1s": [
      0.32775890137519437,
      0.5085921728891878,
      0.6333198188714706,
      0.6815643347912832,
      0.7179027890969018,
      0.7394393629858428,
      0.7644654947843185,
      0.7632349740606986,
      0.7722442981510959,
      0.7751418144662745,
      0.7981412038831918,
      0.7981563089666984,
      0.7939003322224837,
      0.8022740295021359,
      0.8115008945817719,
      0.8022103139212892,
      0.8097863410660644,
      0.8176945682546418,
      0.8185801474539117,
      0.816755083557342
    ],
    "learning_rates": [
      4.995066821070679e-05,
      4.980286753286195e-05,
      4.955718126821722e-05,
      4.9214579028215776e-05,
      4.877641290737884e-05,
      4.8244412147206284e-05,
      4.762067631165049e-05,
      4.6907667001096584e-05,
      4.610819813755037e-05,
      4.5225424859373677e-05,
      4.426283106939472e-05,
      4.322421568553528e-05,
      4.211367764821721e-05,
      4.0935599743717234e-05,
      3.969463130731183e-05,
      3.839566987447491e-05,
      3.7043841852542874e-05,
      3.564448228912681e-05,
      3.420311381711694e-05,
      3.272542485937368e-05
    ]
  },
  "data_split_info": {
    "train_size": 9261,
    "val_size": 1984,
    "test_size": 1985
  }
}