{
  "experiment_id": "seed_380",
  "seed_value": 380,
  "seed_index": 9,
  "timestamp": "2026-05-23T00:39:52.032302",
  "configuration": {
    "learning_rate": 5e-05,
    "batch_size": 32,
    "early_stopping_patience": 5,
    "dropout": 0.5,
    "weight_decay": 0.0001,
    "max_epochs": 20,
    "model_init_seed": 42,
    "data_split_seed": 380,
    "dataset_size": "100% (full dataset)"
  },
  "training_info": {
    "total_epochs": 20,
    "best_epoch": 19,
    "early_stopped": false,
    "total_time_minutes": 17.547349178791045
  },
  "validation_metrics": {
    "best_val_macro_f1": 0.8062070269686112,
    "best_val_accuracy": 80.64516129032258,
    "best_val_loss": 0.5548087444997603,
    "final_val_macro_f1": 0.800180995781779,
    "final_val_accuracy": 80.09072580645162,
    "final_val_loss": 0.5548087444997603
  },
  "test_metrics": {
    "test_macro_f1": 0.8239985285013586,
    "test_accuracy": 82.36775818639798,
    "test_loss": 0.5010343972179625,
    "report": {
      "conservative": {
        "precision": 0.7295597484276729,
        "recall": 0.8345323741007195,
        "f1-score": 0.7785234899328859,
        "support": 139.0
      },
      "dressy": {
        "precision": 0.9710144927536232,
        "recall": 0.9925925925925926,
        "f1-score": 0.9816849816849816,
        "support": 135.0
      },
      "ethnic": {
        "precision": 0.8137931034482758,
        "recall": 0.9147286821705426,
        "f1-score": 0.8613138686131386,
        "support": 129.0
      },
      "fairy": {
        "precision": 0.916083916083916,
        "recall": 0.9097222222222222,
        "f1-score": 0.9128919860627178,
        "support": 144.0
      },
      "feminine": {
        "precision": 0.8017241379310345,
        "recall": 0.7622950819672131,
        "f1-score": 0.7815126050420168,
        "support": 122.0
      },
      "gal": {
        "precision": 0.8818897637795275,
        "recall": 0.7832167832167832,
        "f1-score": 0.8296296296296296,
        "support": 143.0
      },
      "girlish": {
        "precision": 0.7777777777777778,
        "recall": 0.6325301204819277,
        "f1-score": 0.6976744186046512,
        "support": 166.0
      },
      "kireime-casual": {
        "precision": 0.7142857142857143,
        "recall": 0.6645569620253164,
        "f1-score": 0.6885245901639344,
        "support": 158.0
      },
      "lolita": {
        "precision": 0.954248366013072,
        "recall": 0.9125,
        "f1-score": 0.9329073482428115,
        "support": 160.0
      },
      "mode": {
        "precision": 0.8258064516129032,
        "recall": 0.8050314465408805,
        "f1-score": 0.8152866242038217,
        "support": 159.0
      },
      "natural": {
        "precision": 0.7098765432098766,
        "recall": 0.8914728682170543,
        "f1-score": 0.7903780068728522,
        "support": 129.0
      },
      "retro": {
        "precision": 0.8275862068965517,
        "recall": 0.7559055118110236,
        "f1-score": 0.7901234567901234,
        "support": 127.0
      },
      "rock": {
        "precision": 0.7910447761194029,
        "recall": 0.8760330578512396,
        "f1-score": 0.8313725490196079,
        "support": 121.0
      },
      "street": {
        "precision": 0.8387096774193549,
        "recall": 0.8496732026143791,
        "f1-score": 0.8441558441558441,
        "support": 153.0
      },
      "accuracy": 0.8236775818639799,
      "macro avg": {
        "precision": 0.8252429054113358,
        "recall": 0.8274850647008496,
        "f1-score": 0.8239985285013586,
        "support": 1985.0
      },
      "weighted avg": {
        "precision": 0.8261861340576816,
        "recall": 0.8236775818639799,
        "f1-score": 0.8225907807113978,
        "support": 1985.0
      }
    }
  },
  "overfitting_analysis": {
    "overfitting_detected": false,
    "best_val_loss": 0.5548087444997603,
    "val_loss_after_best": 0.5548087444997603,
    "increase_percentage": 0.0,
    "train_val_gap": 0.04988424493387367
  },
  "training_curves": {
    "train_losses": [
      2.576836480765507,
      1.9084055246977971,
      1.4850248916395778,
      1.2761134850567786,
      1.1330323394002586,
      1.0274897489054449,
      0.9632626687658244,
      0.8990383431829255,
      0.8410175535185583,
      0.7981032028280456,
      0.7640985734503845,
      0.7316482981731152,
      0.7147066987794021,
      0.6874059958704587,
      0.6625588899028713,
      0.6469918853250043,
      0.6328778042361654,
      0.6136574668103251,
      0.6046929894336339,
      0.5815396802178745
    ],
    "val_losses": [
      2.2685103762534355,
      1.3759945034980774,
      1.1159365379041242,
      0.9743015823825714,
      0.8886899900051856,
      0.8255583672754226,
      0.7545778958066818,
      0.708936353844981,
      0.6881316092706495,
      0.6625454579630206,
      0.6285639924387778,
      0.6128985083872273,
      0.6008172011183154,
      0.5938584033039308,
      0.5995837757664342,
      0.5801552452387349,
      0.5673140155211571,
      0.566396224162271,
      0.5586974373267543,
      0.5548087444997603
    ],
    "train_accs": [
      13.983371126228269,
      35.7844725191664,
      46.506856710938344,
      54.28139509772163,
      59.78835978835979,
      63.772810711586224,
      66.45070726703379,
      68.59950329338085,
      70.78069322967282,
      72.76751970629522,
      73.3830039952489,
      75.197062952165,
      75.62898175143073,
      75.90972897095347,
      77.25947521865889,
      78.4040600367131,
      78.27448439693337,
      79.06273620559335,
      79.74300831443689,
      79.87258395421661
    ],
    "val_accs": [
      44.707661290322584,
      56.09879032258065,
      64.91935483870968,
      67.79233870967742,
      70.26209677419355,
      71.47177419354838,
      75.25201612903226,
      76.51209677419355,
      76.4616935483871,
      77.52016129032258,
      77.87298387096774,
      78.52822580645162,
      78.72983870967742,
      79.33467741935483,
      78.37701612903226,
      78.62903225806451,
      79.88911290322581,
      79.48588709677419,
      80.64516129032258,
      80.09072580645162
    ],
    "val_macro_f1s": [
      0.3845588500312775,
      0.5267062219766281,
      0.6354675149790656,
      0.6664799061826622,
      0.6961666325470555,
      0.7094426293466551,
      0.7480484711071176,
      0.7618424143341981,
      0.7628455480168309,
      0.772377398224419,
      0.7783586600827183,
      0.7842205083446281,
      0.7867170485180593,
      0.7917182679272805,
      0.7830545770951698,
      0.7847266201430185,
      0.7992654403822523,
      0.7947184037735014,
      0.8062070269686112,
      0.800180995781779
    ],
    "learning_rates": [
      4.995066821070679e-05,
      4.980286753286195e-05,
      4.955718126821722e-05,
      4.9214579028215776e-05,
      4.877641290737884e-05,
      4.8244412147206284e-05,
      4.762067631165049e-05,
      4.6907667001096584e-05,
      4.610819813755037e-05,
      4.5225424859373677e-05,
      4.426283106939472e-05,
      4.322421568553528e-05,
      4.211367764821721e-05,
      4.0935599743717234e-05,
      3.969463130731183e-05,
      3.839566987447491e-05,
      3.7043841852542874e-05,
      3.564448228912681e-05,
      3.420311381711694e-05,
      3.272542485937368e-05
    ]
  },
  "data_split_info": {
    "train_size": 9261,
    "val_size": 1984,
    "test_size": 1985
  }
}