{
  "experiment_id": "seed_457",
  "seed_value": 457,
  "seed_index": 10,
  "timestamp": "2026-05-23T00:58:05.697996",
  "configuration": {
    "learning_rate": 5e-05,
    "batch_size": 32,
    "early_stopping_patience": 5,
    "dropout": 0.5,
    "weight_decay": 0.0001,
    "max_epochs": 20,
    "model_init_seed": 42,
    "data_split_seed": 457,
    "dataset_size": "100% (full dataset)"
  },
  "training_info": {
    "total_epochs": 20,
    "best_epoch": 19,
    "early_stopped": false,
    "total_time_minutes": 18.041701606909434
  },
  "validation_metrics": {
    "best_val_macro_f1": 0.8204322605731681,
    "best_val_accuracy": 82.05645161290323,
    "best_val_loss": 0.5125165588913425,
    "final_val_macro_f1": 0.8121392285064982,
    "final_val_accuracy": 81.3508064516129,
    "final_val_loss": 0.5137911453362434
  },
  "test_metrics": {
    "test_macro_f1": 0.8118727363266458,
    "test_accuracy": 81.20906801007557,
    "test_loss": 0.5180972921883776,
    "report": {
      "conservative": {
        "precision": 0.782312925170068,
        "recall": 0.8273381294964028,
        "f1-score": 0.8041958041958042,
        "support": 139.0
      },
      "dressy": {
        "precision": 0.9769230769230769,
        "recall": 0.9407407407407408,
        "f1-score": 0.9584905660377359,
        "support": 135.0
      },
      "ethnic": {
        "precision": 0.8235294117647058,
        "recall": 0.8682170542635659,
        "f1-score": 0.8452830188679246,
        "support": 129.0
      },
      "fairy": {
        "precision": 0.8896103896103896,
        "recall": 0.9513888888888888,
        "f1-score": 0.9194630872483222,
        "support": 144.0
      },
      "feminine": {
        "precision": 0.7285714285714285,
        "recall": 0.8360655737704918,
        "f1-score": 0.7786259541984732,
        "support": 122.0
      },
      "gal": {
        "precision": 0.875,
        "recall": 0.8321678321678322,
        "f1-score": 0.8530465949820788,
        "support": 143.0
      },
      "girlish": {
        "precision": 0.7372262773722628,
        "recall": 0.608433734939759,
        "f1-score": 0.6666666666666666,
        "support": 166.0
      },
      "kireime-casual": {
        "precision": 0.7372262773722628,
        "recall": 0.6392405063291139,
        "f1-score": 0.6847457627118644,
        "support": 158.0
      },
      "lolita": {
        "precision": 0.9419354838709677,
        "recall": 0.9125,
        "f1-score": 0.926984126984127,
        "support": 160.0
      },
      "mode": {
        "precision": 0.8055555555555556,
        "recall": 0.7295597484276729,
        "f1-score": 0.7656765676567657,
        "support": 159.0
      },
      "natural": {
        "precision": 0.6942675159235668,
        "recall": 0.8449612403100775,
        "f1-score": 0.7622377622377622,
        "support": 129.0
      },
      "retro": {
        "precision": 0.7868852459016393,
        "recall": 0.7559055118110236,
        "f1-score": 0.7710843373493976,
        "support": 127.0
      },
      "rock": {
        "precision": 0.7368421052631579,
        "recall": 0.8099173553719008,
        "f1-score": 0.7716535433070866,
        "support": 121.0
      },
      "street": {
        "precision": 0.8471337579617835,
        "recall": 0.869281045751634,
        "f1-score": 0.8580645161290322,
        "support": 153.0
      },
      "accuracy": 0.8120906801007557,
      "macro avg": {
        "precision": 0.8116442465186331,
        "recall": 0.8161226687335076,
        "f1-score": 0.8118727363266458,
        "support": 1985.0
      },
      "weighted avg": {
        "precision": 0.8135489353150915,
        "recall": 0.8120906801007557,
        "f1-score": 0.8107952293806822,
        "support": 1985.0
      }
    }
  },
  "overfitting_analysis": {
    "overfitting_detected": false,
    "best_val_loss": 0.5125165588913425,
    "val_loss_after_best": 0.5137911453362434,
    "increase_percentage": 0.24869175888833722,
    "train_val_gap": 0.08231677197011089
  },
  "training_curves": {
    "train_losses": [
      2.569302879530808,
      1.9206760858667309,
      1.4989234885265088,
      1.2639130444362245,
      1.1380938992418093,
      1.0274996003200267,
      0.9539385575672675,
      0.8873533121470747,
      0.828449565274962,
      0.7982317361338386,
      0.7522945939466871,
      0.7278987794086851,
      0.7079316136138193,
      0.6828477123688007,
      0.6660894660086467,
      0.6377704773483606,
      0.6337884330543978,
      0.6143617557554409,
      0.5948333308614534,
      0.5897604787658001
    ],
    "val_losses": [
      2.235110452098231,
      1.4083605043349727,
      1.0882099674594017,
      0.9215993554361405,
      0.8451685684342538,
      0.7580755256837414,
      0.7202449085250977,
      0.6711510280447621,
      0.6364720213797784,
      0.6173001998855222,
      0.593750518656546,
      0.5669365030142569,
      0.5531236389952321,
      0.5498282330170754,
      0.544007892570188,
      0.5271090168145395,
      0.520723651253408,
      0.517779012841563,
      0.5125165588913425,
      0.5137911453362434
    ],
    "train_accs": [
      14.814814814814815,
      35.35255371990066,
      47.327502429543244,
      55.15603066623475,
      59.809955728323075,
      64.31270921066839,
      66.95821185617103,
      69.02062412266494,
      71.63373285822266,
      72.56235827664399,
      74.14965986394557,
      74.82993197278911,
      76.06090055069647,
      76.80596047942987,
      77.54022243818162,
      78.44725191663967,
      78.26368642695174,
      79.12752402548321,
      79.68901846452867,
      80.00215959399632
    ],
    "val_accs": [
      39.163306451612904,
      56.04838709677419,
      65.47379032258064,
      69.10282258064517,
      71.875,
      74.39516129032258,
      75.3024193548387,
      77.01612903225806,
      77.92338709677419,
      78.27620967741936,
      78.83064516129032,
      80.14112903225806,
      80.14112903225806,
      80.54435483870968,
      80.74596774193549,
      81.50201612903226,
      81.50201612903226,
      81.90524193548387,
      82.05645161290323,
      81.3508064516129
    ],
    "val_macro_f1s": [
      0.3070135470630792,
      0.5175926390535485,
      0.6448826269972348,
      0.6826793710352792,
      0.7124092481704698,
      0.7417232842817921,
      0.7505403059927473,
      0.7682768152126555,
      0.7780533633364033,
      0.7816508688930278,
      0.7865164256375516,
      0.8012464659561324,
      0.8013832041008216,
      0.8040461494487577,
      0.8070670904741827,
      0.8149224995609294,
      0.8139358031481098,
      0.8177927153138967,
      0.8204322605731681,
      0.8121392285064982
    ],
    "learning_rates": [
      4.995066821070679e-05,
      4.980286753286195e-05,
      4.955718126821722e-05,
      4.9214579028215776e-05,
      4.877641290737884e-05,
      4.8244412147206284e-05,
      4.762067631165049e-05,
      4.6907667001096584e-05,
      4.610819813755037e-05,
      4.5225424859373677e-05,
      4.426283106939472e-05,
      4.322421568553528e-05,
      4.211367764821721e-05,
      4.0935599743717234e-05,
      3.969463130731183e-05,
      3.839566987447491e-05,
      3.7043841852542874e-05,
      3.564448228912681e-05,
      3.420311381711694e-05,
      3.272542485937368e-05
    ]
  },
  "data_split_info": {
    "train_size": 9261,
    "val_size": 1984,
    "test_size": 1985
  }
}