{
  "experiment_id": "seed_280",
  "seed_value": 280,
  "seed_index": 9,
  "timestamp": "2026-05-23T00:37:43.752562",
  "configuration": {
    "learning_rate": 5e-05,
    "batch_size": 32,
    "early_stopping_patience": 5,
    "dropout": 0.5,
    "weight_decay": 0.0001,
    "max_epochs": 20,
    "model_init_seed": 42,
    "data_split_seed": 280,
    "dataset_size": "100% (full dataset)"
  },
  "training_info": {
    "total_epochs": 20,
    "best_epoch": 20,
    "early_stopped": false,
    "total_time_minutes": 17.259210681915285
  },
  "validation_metrics": {
    "best_val_macro_f1": 0.8192349689572017,
    "best_val_accuracy": 82.05645161290323,
    "best_val_loss": 0.5401377629849219,
    "final_val_macro_f1": 0.8192349689572017,
    "final_val_accuracy": 82.05645161290323,
    "final_val_loss": 0.5401377629849219
  },
  "test_metrics": {
    "test_macro_f1": 0.8062083107645678,
    "test_accuracy": 80.75566750629723,
    "test_loss": 0.5198046820504325,
    "report": {
      "conservative": {
        "precision": 0.7746478873239436,
        "recall": 0.7913669064748201,
        "f1-score": 0.7829181494661922,
        "support": 139.0
      },
      "dressy": {
        "precision": 0.916083916083916,
        "recall": 0.9703703703703703,
        "f1-score": 0.9424460431654677,
        "support": 135.0
      },
      "ethnic": {
        "precision": 0.8740157480314961,
        "recall": 0.8604651162790697,
        "f1-score": 0.8671875,
        "support": 129.0
      },
      "fairy": {
        "precision": 0.8636363636363636,
        "recall": 0.9236111111111112,
        "f1-score": 0.8926174496644296,
        "support": 144.0
      },
      "feminine": {
        "precision": 0.7154471544715447,
        "recall": 0.7213114754098361,
        "f1-score": 0.7183673469387755,
        "support": 122.0
      },
      "gal": {
        "precision": 0.841726618705036,
        "recall": 0.8181818181818182,
        "f1-score": 0.8297872340425532,
        "support": 143.0
      },
      "girlish": {
        "precision": 0.6971830985915493,
        "recall": 0.5963855421686747,
        "f1-score": 0.6428571428571429,
        "support": 166.0
      },
      "kireime-casual": {
        "precision": 0.7348484848484849,
        "recall": 0.6139240506329114,
        "f1-score": 0.6689655172413793,
        "support": 158.0
      },
      "lolita": {
        "precision": 0.9197530864197531,
        "recall": 0.93125,
        "f1-score": 0.9254658385093167,
        "support": 160.0
      },
      "mode": {
        "precision": 0.8222222222222222,
        "recall": 0.6981132075471698,
        "f1-score": 0.7551020408163265,
        "support": 159.0
      },
      "natural": {
        "precision": 0.7337662337662337,
        "recall": 0.875968992248062,
        "f1-score": 0.7985865724381626,
        "support": 129.0
      },
      "retro": {
        "precision": 0.7984496124031008,
        "recall": 0.8110236220472441,
        "f1-score": 0.8046875,
        "support": 127.0
      },
      "rock": {
        "precision": 0.7279411764705882,
        "recall": 0.8181818181818182,
        "f1-score": 0.7704280155642024,
        "support": 121.0
      },
      "street": {
        "precision": 0.8502994011976048,
        "recall": 0.9281045751633987,
        "f1-score": 0.8875,
        "support": 153.0
      },
      "accuracy": 0.8075566750629722,
      "macro avg": {
        "precision": 0.8050015002979884,
        "recall": 0.8113041861297362,
        "f1-score": 0.8062083107645678,
        "support": 1985.0
      },
      "weighted avg": {
        "precision": 0.8060848513800347,
        "recall": 0.8075566750629722,
        "f1-score": 0.8048006025022337,
        "support": 1985.0
      }
    }
  },
  "overfitting_analysis": {
    "overfitting_detected": false,
    "best_val_loss": 0.5401377629849219,
    "val_loss_after_best": 0.5401377629849219,
    "increase_percentage": 0.0,
    "train_val_gap": 0.043278333983975625
  },
  "training_curves": {
    "train_losses": [
      2.5732850395399947,
      1.910461896041344,
      1.508700578788231,
      1.2973624309589122,
      1.1514907107270997,
      1.0506671685596993,
      0.9831766533440557,
      0.9177387722607316,
      0.8432366465700084,
      0.8056164957326034,
      0.7670463769600309,
      0.7346209036892858,
      0.7039125497998863,
      0.6786885950072058,
      0.6670248557781351,
      0.6425009918623957,
      0.6149489657632236,
      0.6059023194271943,
      0.5881611243918025,
      0.5834160969688975
    ],
    "val_losses": [
      2.2480900864447317,
      1.4027658201033069,
      1.1475998067086743,
      0.9676188134378002,
      0.8721431599509332,
      0.7995231334240206,
      0.7490196982699056,
      0.7255996186887065,
      0.6645507788465869,
      0.6487578783304461,
      0.641347996169521,
      0.6367936023781376,
      0.58896801837029,
      0.5823316189550585,
      0.5696409652310033,
      0.5566746650203582,
      0.5491525040518853,
      0.5591121570717904,
      0.5426233425255744,
      0.5401377629849219
    ],
    "train_accs": [
      14.847208724759746,
      35.76287657920311,
      46.755210020516145,
      54.67012201706079,
      59.28085519922254,
      63.405679732210345,
      65.87841485800669,
      68.35114998380304,
      71.42857142857143,
      72.42198466688262,
      74.59237663319296,
      75.2510528020732,
      75.83414318108196,
      77.11910160889752,
      77.7345858978512,
      77.982939207429,
      78.92236259583198,
      79.09513011553828,
      80.2181189936292,
      80.43407839326207
    ],
    "val_accs": [
      39.516129032258064,
      54.73790322580645,
      62.65120967741935,
      68.80040322580645,
      71.42137096774194,
      73.23588709677419,
      74.64717741935483,
      75.1008064516129,
      77.46975806451613,
      77.92338709677419,
      76.8649193548387,
      78.47782258064517,
      79.6875,
      79.3850806451613,
      80.04032258064517,
      81.3508064516129,
      81.45161290322581,
      81.40120967741936,
      81.5524193548387,
      82.05645161290323
    ],
    "val_macro_f1s": [
      0.3321131985438374,
      0.5051014328232102,
      0.6081420662287688,
      0.6793261046275477,
      0.709566722710807,
      0.7280932423601295,
      0.74515746488734,
      0.7486205694087892,
      0.77499100195394,
      0.7783624720334633,
      0.7644894118389052,
      0.7836628238774026,
      0.795726301081456,
      0.7924251753895836,
      0.7990087324528669,
      0.8126513110626697,
      0.8144664454580353,
      0.8136248495167322,
      0.8149863972498711,
      0.8192349689572017
    ],
    "learning_rates": [
      4.995066821070679e-05,
      4.980286753286195e-05,
      4.955718126821722e-05,
      4.9214579028215776e-05,
      4.877641290737884e-05,
      4.8244412147206284e-05,
      4.762067631165049e-05,
      4.6907667001096584e-05,
      4.610819813755037e-05,
      4.5225424859373677e-05,
      4.426283106939472e-05,
      4.322421568553528e-05,
      4.211367764821721e-05,
      4.0935599743717234e-05,
      3.969463130731183e-05,
      3.839566987447491e-05,
      3.7043841852542874e-05,
      3.564448228912681e-05,
      3.420311381711694e-05,
      3.272542485937368e-05
    ]
  },
  "data_split_info": {
    "train_size": 9261,
    "val_size": 1984,
    "test_size": 1985
  }
}