{
  "experiment_id": "seed_303",
  "seed_value": 303,
  "seed_index": 1,
  "timestamp": "2026-05-22T22:19:53.371708",
  "configuration": {
    "learning_rate": 5e-05,
    "batch_size": 32,
    "early_stopping_patience": 5,
    "dropout": 0.5,
    "weight_decay": 0.0001,
    "max_epochs": 20,
    "model_init_seed": 42,
    "data_split_seed": 303,
    "dataset_size": "100% (full dataset)"
  },
  "training_info": {
    "total_epochs": 20,
    "best_epoch": 20,
    "early_stopped": false,
    "total_time_minutes": 82.57366271018982
  },
  "validation_metrics": {
    "best_val_macro_f1": 0.8124057170100052,
    "best_val_accuracy": 81.30040322580645,
    "best_val_loss": 0.5229332360529131,
    "final_val_macro_f1": 0.8124057170100052,
    "final_val_accuracy": 81.30040322580645,
    "final_val_loss": 0.5229332360529131
  },
  "test_metrics": {
    "test_macro_f1": 0.8223682261427635,
    "test_accuracy": 82.31738035264483,
    "test_loss": 0.5114501229827366,
    "report": {
      "conservative": {
        "precision": 0.725,
        "recall": 0.8345323741007195,
        "f1-score": 0.7759197324414716,
        "support": 139.0
      },
      "dressy": {
        "precision": 0.9166666666666666,
        "recall": 0.9777777777777777,
        "f1-score": 0.946236559139785,
        "support": 135.0
      },
      "ethnic": {
        "precision": 0.8661417322834646,
        "recall": 0.8527131782945736,
        "f1-score": 0.859375,
        "support": 129.0
      },
      "fairy": {
        "precision": 0.9295774647887324,
        "recall": 0.9166666666666666,
        "f1-score": 0.9230769230769231,
        "support": 144.0
      },
      "feminine": {
        "precision": 0.7446808510638298,
        "recall": 0.860655737704918,
        "f1-score": 0.7984790874524715,
        "support": 122.0
      },
      "gal": {
        "precision": 0.8246753246753247,
        "recall": 0.8881118881118881,
        "f1-score": 0.8552188552188552,
        "support": 143.0
      },
      "girlish": {
        "precision": 0.7593984962406015,
        "recall": 0.608433734939759,
        "f1-score": 0.6755852842809364,
        "support": 166.0
      },
      "kireime-casual": {
        "precision": 0.7251908396946565,
        "recall": 0.6012658227848101,
        "f1-score": 0.657439446366782,
        "support": 158.0
      },
      "lolita": {
        "precision": 0.9325153374233128,
        "recall": 0.95,
        "f1-score": 0.9411764705882353,
        "support": 160.0
      },
      "mode": {
        "precision": 0.8680555555555556,
        "recall": 0.7861635220125787,
        "f1-score": 0.8250825082508251,
        "support": 159.0
      },
      "natural": {
        "precision": 0.7676056338028169,
        "recall": 0.8449612403100775,
        "f1-score": 0.8044280442804428,
        "support": 129.0
      },
      "retro": {
        "precision": 0.8211382113821138,
        "recall": 0.7952755905511811,
        "f1-score": 0.808,
        "support": 127.0
      },
      "rock": {
        "precision": 0.7388059701492538,
        "recall": 0.8181818181818182,
        "f1-score": 0.7764705882352941,
        "support": 121.0
      },
      "street": {
        "precision": 0.8843537414965986,
        "recall": 0.8496732026143791,
        "f1-score": 0.8666666666666667,
        "support": 153.0
      },
      "accuracy": 0.8231738035264483,
      "macro avg": {
        "precision": 0.8217004160873519,
        "recall": 0.827458039575082,
        "f1-score": 0.8223682261427635,
        "support": 1985.0
      },
      "weighted avg": {
        "precision": 0.8235601956999461,
        "recall": 0.8231738035264483,
        "f1-score": 0.8210715757647575,
        "support": 1985.0
      }
    }
  },
  "overfitting_analysis": {
    "overfitting_detected": false,
    "best_val_loss": 0.5229332360529131,
    "val_loss_after_best": 0.5229332360529131,
    "increase_percentage": 0.0,
    "train_val_gap": 0.07235211649779083
  },
  "training_curves": {
    "train_losses": [
      2.5695372836343173,
      1.9237011749168922,
      1.5134752740120065,
      1.2959169412481373,
      1.162591613161153,
      1.070271136842925,
      0.9888113572679716,
      0.9164915993295867,
      0.8586466433673069,
      0.8086730651814362,
      0.7690220434090187,
      0.7387446241132144,
      0.7086855061095336,
      0.6902808048601808,
      0.6696899038964305,
      0.6563990087344729,
      0.6303326869319226,
      0.6189676548386442,
      0.6054348664037112,
      0.5952853525507039
    ],
    "val_losses": [
      2.2507528643454275,
      1.414944133450908,
      1.120943239619655,
      0.9703564518882383,
      0.8594210388198975,
      0.7912608269722231,
      0.7336780669227723,
      0.70583679839488,
      0.637681171298027,
      0.6231260967831458,
      0.600265932659949,
      0.5998139746727482,
      0.5768175913441566,
      0.5720075171801352,
      0.5551490202065437,
      0.5549310239091996,
      0.5540759267826234,
      0.5231065324717953,
      0.544232961391249,
      0.5229332360529131
    ],
    "train_accs": [
      13.950977216283338,
      34.11078717201166,
      46.76600799049778,
      53.84947629845589,
      58.60058309037901,
      62.94136702299968,
      65.73804124824532,
      67.95162509448224,
      70.51074398013174,
      72.48677248677248,
      73.46938775510205,
      75.21865889212827,
      75.9421228808984,
      77.07590972897096,
      77.34585897851204,
      77.44304070834683,
      78.43645394665803,
      78.6524133462909,
      79.47305906489579,
      79.36507936507937
    ],
    "val_accs": [
      36.79435483870968,
      55.04032258064516,
      64.01209677419355,
      67.23790322580645,
      69.80846774193549,
      72.68145161290323,
      74.54637096774194,
      75.05040322580645,
      77.11693548387096,
      77.11693548387096,
      78.47782258064517,
      77.87298387096774,
      79.03225806451613,
      79.3850806451613,
      79.9899193548387,
      79.5866935483871,
      79.7883064516129,
      81.1491935483871,
      80.04032258064517,
      81.30040322580645
    ],
    "val_macro_f1s": [
      0.29647955327817865,
      0.5217099850951118,
      0.6279231319861813,
      0.6641673779730033,
      0.6937122264138441,
      0.7262141966370549,
      0.7440905193318886,
      0.7497101848605163,
      0.7697293219337373,
      0.7722312135556956,
      0.7852193341689143,
      0.7788474600754806,
      0.790412268845251,
      0.7941062546790834,
      0.7994101628355131,
      0.7948207388494095,
      0.7981472538954761,
      0.8111890866147665,
      0.8013252091004196,
      0.8124057170100052
    ],
    "learning_rates": [
      4.995066821070679e-05,
      4.980286753286195e-05,
      4.955718126821722e-05,
      4.9214579028215776e-05,
      4.877641290737884e-05,
      4.8244412147206284e-05,
      4.762067631165049e-05,
      4.6907667001096584e-05,
      4.610819813755037e-05,
      4.5225424859373677e-05,
      4.426283106939472e-05,
      4.322421568553528e-05,
      4.211367764821721e-05,
      4.0935599743717234e-05,
      3.969463130731183e-05,
      3.839566987447491e-05,
      3.7043841852542874e-05,
      3.564448228912681e-05,
      3.420311381711694e-05,
      3.272542485937368e-05
    ]
  },
  "data_split_info": {
    "train_size": 9261,
    "val_size": 1984,
    "test_size": 1985
  }
}