{
  "experiment_id": "seed_309",
  "seed_value": 309,
  "seed_index": 2,
  "timestamp": "2026-05-22T22:37:36.608463",
  "configuration": {
    "learning_rate": 5e-05,
    "batch_size": 32,
    "early_stopping_patience": 5,
    "dropout": 0.5,
    "weight_decay": 0.0001,
    "max_epochs": 20,
    "model_init_seed": 42,
    "data_split_seed": 309,
    "dataset_size": "100% (full dataset)"
  },
  "training_info": {
    "total_epochs": 20,
    "best_epoch": 20,
    "early_stopped": false,
    "total_time_minutes": 17.420086785157523
  },
  "validation_metrics": {
    "best_val_macro_f1": 0.8136569592228348,
    "best_val_accuracy": 81.30040322580645,
    "best_val_loss": 0.5284617560044411,
    "final_val_macro_f1": 0.8136569592228348,
    "final_val_accuracy": 81.30040322580645,
    "final_val_loss": 0.5284617560044411
  },
  "test_metrics": {
    "test_macro_f1": 0.8165587362158712,
    "test_accuracy": 81.66246851385391,
    "test_loss": 0.5105988895372738,
    "report": {
      "conservative": {
        "precision": 0.7333333333333333,
        "recall": 0.7913669064748201,
        "f1-score": 0.7612456747404844,
        "support": 139.0
      },
      "dressy": {
        "precision": 0.9629629629629629,
        "recall": 0.9629629629629629,
        "f1-score": 0.9629629629629629,
        "support": 135.0
      },
      "ethnic": {
        "precision": 0.8382352941176471,
        "recall": 0.8837209302325582,
        "f1-score": 0.8603773584905661,
        "support": 129.0
      },
      "fairy": {
        "precision": 0.9555555555555556,
        "recall": 0.8958333333333334,
        "f1-score": 0.9247311827956989,
        "support": 144.0
      },
      "feminine": {
        "precision": 0.7196969696969697,
        "recall": 0.7786885245901639,
        "f1-score": 0.7480314960629921,
        "support": 122.0
      },
      "gal": {
        "precision": 0.8413793103448276,
        "recall": 0.8531468531468531,
        "f1-score": 0.8472222222222222,
        "support": 143.0
      },
      "girlish": {
        "precision": 0.7428571428571429,
        "recall": 0.6265060240963856,
        "f1-score": 0.6797385620915033,
        "support": 166.0
      },
      "kireime-casual": {
        "precision": 0.6666666666666666,
        "recall": 0.6455696202531646,
        "f1-score": 0.6559485530546624,
        "support": 158.0
      },
      "lolita": {
        "precision": 0.9281437125748503,
        "recall": 0.96875,
        "f1-score": 0.9480122324159022,
        "support": 160.0
      },
      "mode": {
        "precision": 0.8157894736842105,
        "recall": 0.779874213836478,
        "f1-score": 0.797427652733119,
        "support": 159.0
      },
      "natural": {
        "precision": 0.7862595419847328,
        "recall": 0.7984496124031008,
        "f1-score": 0.7923076923076923,
        "support": 129.0
      },
      "retro": {
        "precision": 0.7768595041322314,
        "recall": 0.7401574803149606,
        "f1-score": 0.7580645161290323,
        "support": 127.0
      },
      "rock": {
        "precision": 0.8095238095238095,
        "recall": 0.8429752066115702,
        "f1-score": 0.8259109311740891,
        "support": 121.0
      },
      "street": {
        "precision": 0.845679012345679,
        "recall": 0.8954248366013072,
        "f1-score": 0.8698412698412699,
        "support": 153.0
      },
      "accuracy": 0.816624685138539,
      "macro avg": {
        "precision": 0.8159244492700441,
        "recall": 0.8188161789184042,
        "f1-score": 0.8165587362158712,
        "support": 1985.0
      },
      "weighted avg": {
        "precision": 0.8161597003094857,
        "recall": 0.816624685138539,
        "f1-score": 0.8155304726090925,
        "support": 1985.0
      }
    }
  },
  "overfitting_analysis": {
    "overfitting_detected": false,
    "best_val_loss": 0.5284617560044411,
    "val_loss_after_best": 0.5284617560044411,
    "increase_percentage": 0.0,
    "train_val_gap": 0.051898797640413274
  },
  "training_curves": {
    "train_losses": [
      2.5782276457753674,
      1.9264260292053224,
      1.4903873196963606,
      1.263822500459079,
      1.1437867417417724,
      1.0405997179705522,
      0.9607754325044566,
      0.9024135289521052,
      0.8565069880978814,
      0.8046342155029034,
      0.7710511529240115,
      0.7376061268921557,
      0.704272732035867,
      0.6736434601504228,
      0.6525078057215131,
      0.6420269105968804,
      0.6186970179450924,
      0.6032292680493716,
      0.5997032448649406,
      0.5803605536448544
    ],
    "val_losses": [
      2.2967684653497513,
      1.4349862317885123,
      1.14195516705513,
      0.9778775899640976,
      0.8778404881877284,
      0.8210223163327863,
      0.7582121856750981,
      0.7076225525909855,
      0.6704582528721902,
      0.6509534601242312,
      0.6467390454584553,
      0.6329049165210416,
      0.5998316786942943,
      0.5822203803446985,
      0.5850846209833699,
      0.5704481481544433,
      0.5548908277865379,
      0.5606603747414004,
      0.547967603610408,
      0.5284617560044411
    ],
    "train_accs": [
      14.598855415181946,
      34.82345319080013,
      46.94957348018573,
      55.18842457617968,
      59.65878414858007,
      63.405679732210345,
      66.56948493683187,
      68.37274592376633,
      70.71590540978296,
      72.27081308713962,
      73.29662023539575,
      74.82993197278911,
      75.87733506100854,
      76.71957671957672,
      77.5834143181082,
      78.11251484720873,
      78.93316056581362,
      79.63502861462045,
      79.47305906489579,
      80.57445200302344
    ],
    "val_accs": [
      36.895161290322584,
      54.435483870967744,
      62.29838709677419,
      66.98588709677419,
      70.16129032258064,
      71.72379032258064,
      74.34475806451613,
      76.8649193548387,
      77.11693548387096,
      77.36895161290323,
      77.52016129032258,
      77.8225806451613,
      79.53629032258064,
      80.49395161290323,
      79.88911290322581,
      80.24193548387096,
      81.1491935483871,
      80.54435483870968,
      81.50201612903226,
      81.30040322580645
    ],
    "val_macro_f1s": [
      0.2873656228778195,
      0.5035948424520271,
      0.6035434708524969,
      0.6609539434985215,
      0.693378710576652,
      0.711293285767418,
      0.7400810184170323,
      0.7673679043130427,
      0.7703584183680187,
      0.7743013488268965,
      0.7746942702138142,
      0.7793672354899995,
      0.7940374637655779,
      0.8042910468540482,
      0.8000315241732885,
      0.8029860735390988,
      0.8099687496510185,
      0.8050983932829521,
      0.8135536069933126,
      0.8136569592228348
    ],
    "learning_rates": [
      4.995066821070679e-05,
      4.980286753286195e-05,
      4.955718126821722e-05,
      4.9214579028215776e-05,
      4.877641290737884e-05,
      4.8244412147206284e-05,
      4.762067631165049e-05,
      4.6907667001096584e-05,
      4.610819813755037e-05,
      4.5225424859373677e-05,
      4.426283106939472e-05,
      4.322421568553528e-05,
      4.211367764821721e-05,
      4.0935599743717234e-05,
      3.969463130731183e-05,
      3.839566987447491e-05,
      3.7043841852542874e-05,
      3.564448228912681e-05,
      3.420311381711694e-05,
      3.272542485937368e-05
    ]
  },
  "data_split_info": {
    "train_size": 9261,
    "val_size": 1984,
    "test_size": 1985
  }
}