{
  "experiment_id": "seed_16",
  "seed_value": 16,
  "seed_index": 3,
  "timestamp": "2026-05-22T09:50:22.260395",
  "configuration": {
    "learning_rate": 5e-05,
    "batch_size": 32,
    "early_stopping_patience": 5,
    "dropout": 0.5,
    "weight_decay": 0.0001,
    "max_epochs": 20,
    "model_init_seed": 42,
    "data_split_seed": 16,
    "dataset_size": "100% (full dataset)"
  },
  "training_info": {
    "total_epochs": 20,
    "best_epoch": 19,
    "early_stopped": false,
    "total_time_minutes": 17.858767036596934
  },
  "validation_metrics": {
    "best_val_macro_f1": 0.7962386973744059,
    "best_val_accuracy": 79.6875,
    "best_val_loss": 0.564941389906791,
    "final_val_macro_f1": 0.7896774080003047,
    "final_val_accuracy": 78.93145161290323,
    "final_val_loss": 0.5792107995479338
  },
  "test_metrics": {
    "test_macro_f1": 0.8125117506403783,
    "test_accuracy": 81.360201511335,
    "test_loss": 0.5141121724117843,
    "report": {
      "conservative": {
        "precision": 0.7482517482517482,
        "recall": 0.7697841726618705,
        "f1-score": 0.7588652482269503,
        "support": 139.0
      },
      "dressy": {
        "precision": 0.9357142857142857,
        "recall": 0.9703703703703703,
        "f1-score": 0.9527272727272728,
        "support": 135.0
      },
      "ethnic": {
        "precision": 0.8421052631578947,
        "recall": 0.8682170542635659,
        "f1-score": 0.8549618320610687,
        "support": 129.0
      },
      "fairy": {
        "precision": 0.910958904109589,
        "recall": 0.9236111111111112,
        "f1-score": 0.9172413793103448,
        "support": 144.0
      },
      "feminine": {
        "precision": 0.6875,
        "recall": 0.8114754098360656,
        "f1-score": 0.7443609022556391,
        "support": 122.0
      },
      "gal": {
        "precision": 0.8120805369127517,
        "recall": 0.8461538461538461,
        "f1-score": 0.8287671232876712,
        "support": 143.0
      },
      "girlish": {
        "precision": 0.7398373983739838,
        "recall": 0.5481927710843374,
        "f1-score": 0.629757785467128,
        "support": 166.0
      },
      "kireime-casual": {
        "precision": 0.7153284671532847,
        "recall": 0.620253164556962,
        "f1-score": 0.6644067796610169,
        "support": 158.0
      },
      "lolita": {
        "precision": 0.8994082840236687,
        "recall": 0.95,
        "f1-score": 0.9240121580547113,
        "support": 160.0
      },
      "mode": {
        "precision": 0.7911392405063291,
        "recall": 0.7861635220125787,
        "f1-score": 0.7886435331230284,
        "support": 159.0
      },
      "natural": {
        "precision": 0.738255033557047,
        "recall": 0.8527131782945736,
        "f1-score": 0.7913669064748201,
        "support": 129.0
      },
      "retro": {
        "precision": 0.8347107438016529,
        "recall": 0.7952755905511811,
        "f1-score": 0.8145161290322581,
        "support": 127.0
      },
      "rock": {
        "precision": 0.8067226890756303,
        "recall": 0.7933884297520661,
        "f1-score": 0.8,
        "support": 121.0
      },
      "street": {
        "precision": 0.9025974025974026,
        "recall": 0.9084967320261438,
        "f1-score": 0.9055374592833876,
        "support": 153.0
      },
      "accuracy": 0.8136020151133502,
      "macro avg": {
        "precision": 0.8117578569453764,
        "recall": 0.8174353823339052,
        "f1-score": 0.8125117506403783,
        "support": 1985.0
      },
      "weighted avg": {
        "precision": 0.8124060362155721,
        "recall": 0.8136020151133502,
        "f1-score": 0.8107951920431368,
        "support": 1985.0
      }
    }
  },
  "overfitting_analysis": {
    "overfitting_detected": false,
    "best_val_loss": 0.564941389906791,
    "val_loss_after_best": 0.5792107995479338,
    "increase_percentage": 2.5258212437748724,
    "train_val_gap": 0.03802192889742373
  },
  "training_curves": {
    "train_losses": [
      2.5693791989622445,
      1.9011931053523359,
      1.5013419948775193,
      1.2771008890250632,
      1.1559130354174252,
      1.044214281542548,
      0.9658008610380107,
      0.897207701000674,
      0.840146816598958,
      0.7999739105331487,
      0.7593805204177725,
      0.7318049619937765,
      0.7047128336182956,
      0.6786711314628864,
      0.6564323233119372,
      0.628365435014511,
      0.6325270754509958,
      0.613928169217603,
      0.6029633188042147,
      0.586347962042381
    ],
    "val_losses": [
      2.2432447210434945,
      1.409675936545095,
      1.1373095858481623,
      1.012178623868573,
      0.8769204472341845,
      0.8056512595184387,
      0.7704922393445046,
      0.7263782481032033,
      0.6931020266586735,
      0.6579148158911736,
      0.6297965732312971,
      0.6152516459265063,
      0.6062335597891961,
      0.6022968926737385,
      0.5949920079400463,
      0.5991479043037661,
      0.584556556517078,
      0.5873240703536619,
      0.564941389906791,
      0.5792107995479338
    ],
    "train_accs": [
      15.106360004319187,
      35.95724003887269,
      47.08994708994709,
      55.048050966418316,
      59.356440989094054,
      63.53525537199007,
      66.14836410754778,
      68.44833171363784,
      70.88867292948926,
      72.33560090702947,
      74.14965986394557,
      75.0242954324587,
      75.8449411510636,
      76.95713205917288,
      77.87495950761257,
      78.66321131627254,
      78.64161537630926,
      79.07353417557499,
      79.58103876471223,
      80.36929057337221
    ],
    "val_accs": [
      40.32258064516129,
      55.19153225806452,
      63.256048387096776,
      65.12096774193549,
      69.80846774193549,
      72.42943548387096,
      73.03427419354838,
      73.94153225806451,
      74.6975806451613,
      77.11693548387096,
      76.76411290322581,
      77.46975806451613,
      78.125,
      78.32661290322581,
      78.47782258064517,
      78.67943548387096,
      79.13306451612904,
      79.23387096774194,
      79.6875,
      78.93145161290323
    ],
    "val_macro_f1s": [
      0.34542838661718733,
      0.5114067112509444,
      0.6215787564083382,
      0.640036127689603,
      0.6910930310575244,
      0.7204787130530513,
      0.7292848607140099,
      0.7378866195667321,
      0.7429849941400546,
      0.7700202491142545,
      0.7666782362855631,
      0.7741462127248776,
      0.7804365497470936,
      0.7830354017470577,
      0.7835441294652711,
      0.7857594802195199,
      0.7910235780825831,
      0.7902512724665808,
      0.7962386973744059,
      0.7896774080003047
    ],
    "learning_rates": [
      4.995066821070679e-05,
      4.980286753286195e-05,
      4.955718126821722e-05,
      4.9214579028215776e-05,
      4.877641290737884e-05,
      4.8244412147206284e-05,
      4.762067631165049e-05,
      4.6907667001096584e-05,
      4.610819813755037e-05,
      4.5225424859373677e-05,
      4.426283106939472e-05,
      4.322421568553528e-05,
      4.211367764821721e-05,
      4.0935599743717234e-05,
      3.969463130731183e-05,
      3.839566987447491e-05,
      3.7043841852542874e-05,
      3.564448228912681e-05,
      3.420311381711694e-05,
      3.272542485937368e-05
    ]
  },
  "data_split_info": {
    "train_size": 9261,
    "val_size": 1984,
    "test_size": 1985
  }
}