{
  "experiment_id": "seed_115",
  "seed_value": 115,
  "seed_index": 2,
  "timestamp": "2026-05-22T22:36:03.812095",
  "configuration": {
    "learning_rate": 5e-05,
    "batch_size": 32,
    "early_stopping_patience": 5,
    "dropout": 0.5,
    "weight_decay": 0.0001,
    "max_epochs": 20,
    "model_init_seed": 42,
    "data_split_seed": 115,
    "dataset_size": "100% (full dataset)"
  },
  "training_info": {
    "total_epochs": 20,
    "best_epoch": 20,
    "early_stopped": false,
    "total_time_minutes": 16.715803865591685
  },
  "validation_metrics": {
    "best_val_macro_f1": 0.8178338146822524,
    "best_val_accuracy": 81.85483870967742,
    "best_val_loss": 0.5120399539028445,
    "final_val_macro_f1": 0.8178338146822524,
    "final_val_accuracy": 81.85483870967742,
    "final_val_loss": 0.5139921377262762
  },
  "test_metrics": {
    "test_macro_f1": 0.8013060802677946,
    "test_accuracy": 80.15113350125945,
    "test_loss": 0.5438456256238241,
    "report": {
      "conservative": {
        "precision": 0.775,
        "recall": 0.6690647482014388,
        "f1-score": 0.7181467181467182,
        "support": 139.0
      },
      "dressy": {
        "precision": 0.9280575539568345,
        "recall": 0.9555555555555556,
        "f1-score": 0.9416058394160584,
        "support": 135.0
      },
      "ethnic": {
        "precision": 0.8778625954198473,
        "recall": 0.8914728682170543,
        "f1-score": 0.8846153846153846,
        "support": 129.0
      },
      "fairy": {
        "precision": 0.8057142857142857,
        "recall": 0.9791666666666666,
        "f1-score": 0.8840125391849529,
        "support": 144.0
      },
      "feminine": {
        "precision": 0.6838235294117647,
        "recall": 0.7622950819672131,
        "f1-score": 0.7209302325581395,
        "support": 122.0
      },
      "gal": {
        "precision": 0.8424657534246576,
        "recall": 0.8601398601398601,
        "f1-score": 0.8512110726643599,
        "support": 143.0
      },
      "girlish": {
        "precision": 0.6511627906976745,
        "recall": 0.6746987951807228,
        "f1-score": 0.6627218934911243,
        "support": 166.0
      },
      "kireime-casual": {
        "precision": 0.6993006993006993,
        "recall": 0.6329113924050633,
        "f1-score": 0.6644518272425249,
        "support": 158.0
      },
      "lolita": {
        "precision": 0.951048951048951,
        "recall": 0.85,
        "f1-score": 0.8976897689768977,
        "support": 160.0
      },
      "mode": {
        "precision": 0.8559322033898306,
        "recall": 0.6352201257861635,
        "f1-score": 0.7292418772563177,
        "support": 159.0
      },
      "natural": {
        "precision": 0.7724137931034483,
        "recall": 0.8682170542635659,
        "f1-score": 0.8175182481751825,
        "support": 129.0
      },
      "retro": {
        "precision": 0.8545454545454545,
        "recall": 0.7401574803149606,
        "f1-score": 0.7932489451476793,
        "support": 127.0
      },
      "rock": {
        "precision": 0.7226277372262774,
        "recall": 0.8181818181818182,
        "f1-score": 0.7674418604651163,
        "support": 121.0
      },
      "street": {
        "precision": 0.8411764705882353,
        "recall": 0.934640522875817,
        "f1-score": 0.8854489164086687,
        "support": 153.0
      },
      "accuracy": 0.8015113350125944,
      "macro avg": {
        "precision": 0.804366558416283,
        "recall": 0.8051229978397071,
        "f1-score": 0.8013060802677946,
        "support": 1985.0
      },
      "weighted avg": {
        "precision": 0.8046998335306238,
        "recall": 0.8015113350125944,
        "f1-score": 0.7995671073469718,
        "support": 1985.0
      }
    }
  },
  "overfitting_analysis": {
    "overfitting_detected": false,
    "best_val_loss": 0.5120399539028445,
    "val_loss_after_best": 0.5139921377262762,
    "increase_percentage": 0.0,
    "train_val_gap": 0.079207532394582
  },
  "training_curves": {
    "train_losses": [
      2.5675924227155487,
      1.9102512914558938,
      1.5259754400828789,
      1.312860760195502,
      1.1618744932371994,
      1.0672348986411917,
      0.9961568604255545,
      0.9219476206549283,
      0.8726075571158837,
      0.8262638912118715,
      0.7643427980357203,
      0.7453580821382588,
      0.7239001343990195,
      0.6955046071060773,
      0.6722942645179815,
      0.6638896988383655,
      0.6399221099656204,
      0.6188529630673343,
      0.6043030758356226,
      0.5912474862974265
    ],
    "val_losses": [
      2.2282246120514406,
      1.3950635079414613,
      1.1564642133251313,
      0.9381683065045264,
      0.831234468567756,
      0.7754489885222527,
      0.7087741249030636,
      0.6706786391235167,
      0.632998738077379,
      0.6101754351008323,
      0.6291757682638783,
      0.5594910791804714,
      0.54035790360743,
      0.5382412321144535,
      0.5253044741768991,
      0.5279816836118698,
      0.5124774248369278,
      0.5120399539028445,
      0.5138605465331385,
      0.5139921377262762
    ],
    "train_accs": [
      15.084764064355902,
      35.70888672929489,
      46.36648310117698,
      53.88187020840082,
      59.17287549940611,
      62.552640103660515,
      65.12255695929166,
      68.10279667422525,
      70.04643127092106,
      71.73091458805744,
      74.00928625418422,
      75.0998812223302,
      75.5965878414858,
      76.5144152899255,
      77.10830363891588,
      77.47543461829176,
      78.1557067271353,
      79.25709966526293,
      79.3974732750243,
      80.19652305366591
    ],
    "val_accs": [
      43.296370967741936,
      53.83064516129032,
      63.00403225806452,
      69.55645161290323,
      72.93346774193549,
      74.39516129032258,
      76.15927419354838,
      77.31854838709677,
      78.47782258064517,
      78.62903225806451,
      77.62096774193549,
      79.63709677419355,
      80.74596774193549,
      80.24193548387096,
      80.34274193548387,
      81.60282258064517,
      81.65322580645162,
      81.1491935483871,
      81.60282258064517,
      81.85483870967742
    ],
    "val_macro_f1s": [
      0.3829769382300758,
      0.485518664642944,
      0.6085361834427505,
      0.6815471948087849,
      0.7182920820151829,
      0.736950456512664,
      0.7555689092105047,
      0.7691989181864737,
      0.7811626743037978,
      0.7837634998567571,
      0.7743058550170802,
      0.7945017026057687,
      0.8058717899650152,
      0.8018215628812538,
      0.8017305015556541,
      0.8148580013306485,
      0.8147163991101791,
      0.8115071607211048,
      0.8144753923388315,
      0.8178338146822524
    ],
    "learning_rates": [
      4.995066821070679e-05,
      4.980286753286195e-05,
      4.955718126821722e-05,
      4.9214579028215776e-05,
      4.877641290737884e-05,
      4.8244412147206284e-05,
      4.762067631165049e-05,
      4.6907667001096584e-05,
      4.610819813755037e-05,
      4.5225424859373677e-05,
      4.426283106939472e-05,
      4.322421568553528e-05,
      4.211367764821721e-05,
      4.0935599743717234e-05,
      3.969463130731183e-05,
      3.839566987447491e-05,
      3.7043841852542874e-05,
      3.564448228912681e-05,
      3.420311381711694e-05,
      3.272542485937368e-05
    ]
  },
  "data_split_info": {
    "train_size": 9261,
    "val_size": 1984,
    "test_size": 1985
  }
}