{
  "experiment_id": "seed_215",
  "seed_value": 215,
  "seed_index": 6,
  "timestamp": "2026-05-22T23:45:52.774138",
  "configuration": {
    "learning_rate": 5e-05,
    "batch_size": 32,
    "early_stopping_patience": 5,
    "dropout": 0.5,
    "weight_decay": 0.0001,
    "max_epochs": 20,
    "model_init_seed": 42,
    "data_split_seed": 215,
    "dataset_size": "100% (full dataset)"
  },
  "training_info": {
    "total_epochs": 20,
    "best_epoch": 20,
    "early_stopped": false,
    "total_time_minutes": 16.933096504211427
  },
  "validation_metrics": {
    "best_val_macro_f1": 0.805295306511196,
    "best_val_accuracy": 80.59475806451613,
    "best_val_loss": 0.5423053671275416,
    "final_val_macro_f1": 0.805295306511196,
    "final_val_accuracy": 80.59475806451613,
    "final_val_loss": 0.5423053671275416
  },
  "test_metrics": {
    "test_macro_f1": 0.8089373634229495,
    "test_accuracy": 80.90680100755668,
    "test_loss": 0.5284277479799967,
    "report": {
      "conservative": {
        "precision": 0.7333333333333333,
        "recall": 0.7913669064748201,
        "f1-score": 0.7612456747404844,
        "support": 139.0
      },
      "dressy": {
        "precision": 0.9416058394160584,
        "recall": 0.9555555555555556,
        "f1-score": 0.9485294117647058,
        "support": 135.0
      },
      "ethnic": {
        "precision": 0.8709677419354839,
        "recall": 0.8372093023255814,
        "f1-score": 0.8537549407114624,
        "support": 129.0
      },
      "fairy": {
        "precision": 0.8636363636363636,
        "recall": 0.9236111111111112,
        "f1-score": 0.8926174496644296,
        "support": 144.0
      },
      "feminine": {
        "precision": 0.7338709677419355,
        "recall": 0.7459016393442623,
        "f1-score": 0.7398373983739838,
        "support": 122.0
      },
      "gal": {
        "precision": 0.889763779527559,
        "recall": 0.7902097902097902,
        "f1-score": 0.837037037037037,
        "support": 143.0
      },
      "girlish": {
        "precision": 0.7261146496815286,
        "recall": 0.6867469879518072,
        "f1-score": 0.7058823529411765,
        "support": 166.0
      },
      "kireime-casual": {
        "precision": 0.7575757575757576,
        "recall": 0.6329113924050633,
        "f1-score": 0.6896551724137931,
        "support": 158.0
      },
      "lolita": {
        "precision": 0.9371069182389937,
        "recall": 0.93125,
        "f1-score": 0.9341692789968652,
        "support": 160.0
      },
      "mode": {
        "precision": 0.7972027972027972,
        "recall": 0.7169811320754716,
        "f1-score": 0.7549668874172185,
        "support": 159.0
      },
      "natural": {
        "precision": 0.7151515151515152,
        "recall": 0.9147286821705426,
        "f1-score": 0.8027210884353742,
        "support": 129.0
      },
      "retro": {
        "precision": 0.8376068376068376,
        "recall": 0.7716535433070866,
        "f1-score": 0.8032786885245902,
        "support": 127.0
      },
      "rock": {
        "precision": 0.6824324324324325,
        "recall": 0.8347107438016529,
        "f1-score": 0.7509293680297398,
        "support": 121.0
      },
      "street": {
        "precision": 0.8648648648648649,
        "recall": 0.8366013071895425,
        "f1-score": 0.8504983388704319,
        "support": 153.0
      },
      "accuracy": 0.8090680100755667,
      "macro avg": {
        "precision": 0.8108024141675328,
        "recall": 0.8121027209944491,
        "f1-score": 0.8089373634229495,
        "support": 1985.0
      },
      "weighted avg": {
        "precision": 0.812589768746409,
        "recall": 0.8090680100755667,
        "f1-score": 0.8084117376204297,
        "support": 1985.0
      }
    }
  },
  "overfitting_analysis": {
    "overfitting_detected": false,
    "best_val_loss": 0.5423053671275416,
    "val_loss_after_best": 0.5423053671275416,
    "increase_percentage": 0.0,
    "train_val_gap": 0.04547757776547323
  },
  "training_curves": {
    "train_losses": [
      2.5700476218914163,
      1.9074968481885977,
      1.5079076105150684,
      1.3048064653215736,
      1.15576608448193,
      1.0671574045871866,
      0.9887116978908407,
      0.9142919184832737,
      0.8510448483557537,
      0.8025867705715114,
      0.7682767470335138,
      0.7393851540211973,
      0.7067206112989064,
      0.6826804611189612,
      0.6737012651459924,
      0.6424780231097649,
      0.6283750208801236,
      0.6170825516355449,
      0.6074953472819822,
      0.5877829448930149
    ],
    "val_losses": [
      2.2378989842630204,
      1.4139805070815548,
      1.1144073211377667,
      0.9457773989246737,
      0.8425801896279858,
      0.8064988063227746,
      0.7213881006163936,
      0.6916632676316846,
      0.6633103691762493,
      0.6236343465505108,
      0.6326206682189819,
      0.5901651795833341,
      0.5831994106692653,
      0.571515885091597,
      0.5663947140978228,
      0.5737005726945016,
      0.5659530316629717,
      0.5780405979002675,
      0.5651057525988548,
      0.5423053671275416
    ],
    "train_accs": [
      14.85800669474139,
      35.2877659000108,
      47.08994708994709,
      54.33538494762985,
      59.05409782960803,
      62.62822589353202,
      65.17654680919988,
      67.73566569484937,
      70.14361300075586,
      72.30320699708454,
      73.44779181513876,
      74.88392182269733,
      75.60738581146744,
      76.77356656948494,
      76.85995032933809,
      77.88575747759421,
      78.37166612676816,
      78.9763524457402,
      79.3974732750243,
      80.28290681351906
    ],
    "val_accs": [
      45.917338709677416,
      54.83870967741935,
      65.22177419354838,
      69.30443548387096,
      72.37903225806451,
      72.1774193548387,
      75.05040322580645,
      75.35282258064517,
      76.20967741935483,
      77.72177419354838,
      77.11693548387096,
      78.93145161290323,
      78.93145161290323,
      80.09072580645162,
      80.29233870967742,
      79.9899193548387,
      79.6875,
      79.03225806451613,
      79.9899193548387,
      80.59475806451613
    ],
    "val_macro_f1s": [
      0.38931479297095267,
      0.49973367172768,
      0.6251926185757269,
      0.6767772148579867,
      0.7113267827799259,
      0.7162735753547672,
      0.7473664257013493,
      0.75126017208357,
      0.7605345690969455,
      0.7759293845488802,
      0.7693984620052198,
      0.7876973175753339,
      0.7888647926488692,
      0.8019104273675511,
      0.8023200467514806,
      0.7991346169292625,
      0.7961379491715511,
      0.7894611673368607,
      0.7981306069355493,
      0.805295306511196
    ],
    "learning_rates": [
      4.995066821070679e-05,
      4.980286753286195e-05,
      4.955718126821722e-05,
      4.9214579028215776e-05,
      4.877641290737884e-05,
      4.8244412147206284e-05,
      4.762067631165049e-05,
      4.6907667001096584e-05,
      4.610819813755037e-05,
      4.5225424859373677e-05,
      4.426283106939472e-05,
      4.322421568553528e-05,
      4.211367764821721e-05,
      4.0935599743717234e-05,
      3.969463130731183e-05,
      3.839566987447491e-05,
      3.7043841852542874e-05,
      3.564448228912681e-05,
      3.420311381711694e-05,
      3.272542485937368e-05
    ]
  },
  "data_split_info": {
    "train_size": 9261,
    "val_size": 1984,
    "test_size": 1985
  }
}