{
  "experiment_id": "seed_53",
  "seed_value": 53,
  "seed_index": 7,
  "timestamp": "2026-05-22T11:01:59.847261",
  "configuration": {
    "learning_rate": 5e-05,
    "batch_size": 32,
    "early_stopping_patience": 5,
    "dropout": 0.5,
    "weight_decay": 0.0001,
    "max_epochs": 20,
    "model_init_seed": 42,
    "data_split_seed": 53,
    "dataset_size": "100% (full dataset)"
  },
  "training_info": {
    "total_epochs": 20,
    "best_epoch": 20,
    "early_stopped": false,
    "total_time_minutes": 17.535415852069853
  },
  "validation_metrics": {
    "best_val_macro_f1": 0.8098004923863361,
    "best_val_accuracy": 81.04838709677419,
    "best_val_loss": 0.5433151952682003,
    "final_val_macro_f1": 0.8098004923863361,
    "final_val_accuracy": 81.04838709677419,
    "final_val_loss": 0.5433151952682003
  },
  "test_metrics": {
    "test_macro_f1": 0.8085643909124067,
    "test_accuracy": 81.00755667506297,
    "test_loss": 0.5212335035441413,
    "report": {
      "conservative": {
        "precision": 0.792,
        "recall": 0.7122302158273381,
        "f1-score": 0.75,
        "support": 139.0
      },
      "dressy": {
        "precision": 0.9424460431654677,
        "recall": 0.9703703703703703,
        "f1-score": 0.9562043795620438,
        "support": 135.0
      },
      "ethnic": {
        "precision": 0.8102189781021898,
        "recall": 0.8604651162790697,
        "f1-score": 0.8345864661654135,
        "support": 129.0
      },
      "fairy": {
        "precision": 0.8881578947368421,
        "recall": 0.9375,
        "f1-score": 0.9121621621621622,
        "support": 144.0
      },
      "feminine": {
        "precision": 0.8055555555555556,
        "recall": 0.7131147540983607,
        "f1-score": 0.7565217391304347,
        "support": 122.0
      },
      "gal": {
        "precision": 0.7828947368421053,
        "recall": 0.8321678321678322,
        "f1-score": 0.8067796610169492,
        "support": 143.0
      },
      "girlish": {
        "precision": 0.7,
        "recall": 0.6325301204819277,
        "f1-score": 0.6645569620253164,
        "support": 166.0
      },
      "kireime-casual": {
        "precision": 0.7039473684210527,
        "recall": 0.6772151898734177,
        "f1-score": 0.6903225806451613,
        "support": 158.0
      },
      "lolita": {
        "precision": 0.94375,
        "recall": 0.94375,
        "f1-score": 0.94375,
        "support": 160.0
      },
      "mode": {
        "precision": 0.8378378378378378,
        "recall": 0.779874213836478,
        "f1-score": 0.8078175895765473,
        "support": 159.0
      },
      "natural": {
        "precision": 0.7586206896551724,
        "recall": 0.8527131782945736,
        "f1-score": 0.8029197080291971,
        "support": 129.0
      },
      "retro": {
        "precision": 0.7933884297520661,
        "recall": 0.7559055118110236,
        "f1-score": 0.7741935483870968,
        "support": 127.0
      },
      "rock": {
        "precision": 0.7603305785123967,
        "recall": 0.7603305785123967,
        "f1-score": 0.7603305785123967,
        "support": 121.0
      },
      "street": {
        "precision": 0.8057142857142857,
        "recall": 0.9215686274509803,
        "f1-score": 0.8597560975609756,
        "support": 153.0
      },
      "accuracy": 0.8100755667506297,
      "macro avg": {
        "precision": 0.8089187427353551,
        "recall": 0.8106954077859836,
        "f1-score": 0.8085643909124067,
        "support": 1985.0
      },
      "weighted avg": {
        "precision": 0.808815874899689,
        "recall": 0.8100755667506297,
        "f1-score": 0.8082055750707648,
        "support": 1985.0
      }
    }
  },
  "overfitting_analysis": {
    "overfitting_detected": false,
    "best_val_loss": 0.5433151952682003,
    "val_loss_after_best": 0.5433151952682003,
    "increase_percentage": 0.0,
    "train_val_gap": 0.031044745854660438
  },
  "training_curves": {
    "train_losses": [
      2.5705438391915685,
      1.9051872302745951,
      1.5058370131870795,
      1.269195944070816,
      1.1462206127314731,
      1.014815962520139,
      0.9368156988045265,
      0.8827089510087309,
      0.8186511835147594,
      0.7692019509858099,
      0.7310689502748949,
      0.7043579698636614,
      0.6920684287260319,
      0.6564028135661422,
      0.631602286881414,
      0.6345171592358885,
      0.6186614019603565,
      0.5968669690448662,
      0.588688545494244,
      0.5743599411228607
    ],
    "val_losses": [
      2.2461222333292805,
      1.36572693240258,
      1.0878360877113957,
      0.9211716373120585,
      0.8194496112485086,
      0.7675215164499898,
      0.6897360648839704,
      0.6697355614554498,
      0.6308729509192128,
      0.6081981115764187,
      0.6027659499837507,
      0.5820220607903696,
      0.591961317004696,
      0.5799135224473092,
      0.5637641150143838,
      0.5621657390748301,
      0.5638004877874928,
      0.5529140349357359,
      0.5455946258960231,
      0.5433151952682003
    ],
    "train_accs": [
      15.408703163805205,
      35.41734153979052,
      46.5716445308282,
      55.00485908649174,
      59.07569376957132,
      64.7122340999892,
      67.06619155598747,
      69.61451247165533,
      71.89288413778209,
      73.2102364755426,
      74.75434618291762,
      75.62898175143073,
      76.2660619803477,
      77.88575747759421,
      78.86837274592376,
      78.44725191663967,
      78.77119101608898,
      79.82939207429003,
      79.95896771406976,
      80.38008854335385
    ],
    "val_accs": [
      33.921370967741936,
      57.10685483870968,
      66.07862903225806,
      70.36290322580645,
      72.93346774193549,
      74.74798387096774,
      77.21774193548387,
      77.67137096774194,
      79.08266129032258,
      78.4274193548387,
      79.93951612903226,
      79.3850806451613,
      79.93951612903226,
      79.9899193548387,
      80.49395161290323,
      80.44354838709677,
      80.39314516129032,
      80.44354838709677,
      80.74596774193549,
      81.04838709677419
    ],
    "val_macro_f1s": [
      0.25256583500584573,
      0.5304482078117111,
      0.6417368032454748,
      0.6967995556391892,
      0.7232693368870554,
      0.7421293856900456,
      0.7699029742248599,
      0.7750396278928618,
      0.7907189173399818,
      0.7844388176347877,
      0.7983643186182803,
      0.7922865986929593,
      0.7987204166817138,
      0.7992219450108632,
      0.8043154839619906,
      0.8039366930027146,
      0.8033792039950308,
      0.8026659168857737,
      0.8067929040583192,
      0.8098004923863361
    ],
    "learning_rates": [
      4.995066821070679e-05,
      4.980286753286195e-05,
      4.955718126821722e-05,
      4.9214579028215776e-05,
      4.877641290737884e-05,
      4.8244412147206284e-05,
      4.762067631165049e-05,
      4.6907667001096584e-05,
      4.610819813755037e-05,
      4.5225424859373677e-05,
      4.426283106939472e-05,
      4.322421568553528e-05,
      4.211367764821721e-05,
      4.0935599743717234e-05,
      3.969463130731183e-05,
      3.839566987447491e-05,
      3.7043841852542874e-05,
      3.564448228912681e-05,
      3.420311381711694e-05,
      3.272542485937368e-05
    ]
  },
  "data_split_info": {
    "train_size": 9261,
    "val_size": 1984,
    "test_size": 1985
  }
}