{
  "experiment_id": "seed_45",
  "seed_value": 45,
  "seed_index": 5,
  "timestamp": "2026-05-22T10:26:12.076210",
  "configuration": {
    "learning_rate": 5e-05,
    "batch_size": 32,
    "early_stopping_patience": 5,
    "dropout": 0.5,
    "weight_decay": 0.0001,
    "max_epochs": 20,
    "model_init_seed": 42,
    "data_split_seed": 45,
    "dataset_size": "100% (full dataset)"
  },
  "training_info": {
    "total_epochs": 20,
    "best_epoch": 17,
    "early_stopped": false,
    "total_time_minutes": 17.58319227298101
  },
  "validation_metrics": {
    "best_val_macro_f1": 0.8108688258547944,
    "best_val_accuracy": 81.04838709677419,
    "best_val_loss": 0.5353949764563192,
    "final_val_macro_f1": 0.8064554873670662,
    "final_val_accuracy": 80.59475806451613,
    "final_val_loss": 0.5369285035037226
  },
  "test_metrics": {
    "test_macro_f1": 0.8088144270722479,
    "test_accuracy": 80.90680100755668,
    "test_loss": 0.5430780483616723,
    "report": {
      "conservative": {
        "precision": 0.7430555555555556,
        "recall": 0.7697841726618705,
        "f1-score": 0.7561837455830389,
        "support": 139.0
      },
      "dressy": {
        "precision": 0.9621212121212122,
        "recall": 0.9407407407407408,
        "f1-score": 0.951310861423221,
        "support": 135.0
      },
      "ethnic": {
        "precision": 0.823076923076923,
        "recall": 0.8294573643410853,
        "f1-score": 0.8262548262548263,
        "support": 129.0
      },
      "fairy": {
        "precision": 0.89171974522293,
        "recall": 0.9722222222222222,
        "f1-score": 0.9302325581395349,
        "support": 144.0
      },
      "feminine": {
        "precision": 0.7857142857142857,
        "recall": 0.7213114754098361,
        "f1-score": 0.7521367521367521,
        "support": 122.0
      },
      "gal": {
        "precision": 0.8489208633093526,
        "recall": 0.8251748251748252,
        "f1-score": 0.8368794326241135,
        "support": 143.0
      },
      "girlish": {
        "precision": 0.703030303030303,
        "recall": 0.6987951807228916,
        "f1-score": 0.7009063444108762,
        "support": 166.0
      },
      "kireime-casual": {
        "precision": 0.6513157894736842,
        "recall": 0.6265822784810127,
        "f1-score": 0.6387096774193548,
        "support": 158.0
      },
      "lolita": {
        "precision": 0.9554140127388535,
        "recall": 0.9375,
        "f1-score": 0.9463722397476341,
        "support": 160.0
      },
      "mode": {
        "precision": 0.8041958041958042,
        "recall": 0.7232704402515723,
        "f1-score": 0.7615894039735099,
        "support": 159.0
      },
      "natural": {
        "precision": 0.7171052631578947,
        "recall": 0.8449612403100775,
        "f1-score": 0.7758007117437722,
        "support": 129.0
      },
      "retro": {
        "precision": 0.8378378378378378,
        "recall": 0.7322834645669292,
        "f1-score": 0.7815126050420168,
        "support": 127.0
      },
      "rock": {
        "precision": 0.7983193277310925,
        "recall": 0.7851239669421488,
        "f1-score": 0.7916666666666666,
        "support": 121.0
      },
      "street": {
        "precision": 0.8255813953488372,
        "recall": 0.9281045751633987,
        "f1-score": 0.8738461538461538,
        "support": 153.0
      },
      "accuracy": 0.8090680100755667,
      "macro avg": {
        "precision": 0.8105291656081833,
        "recall": 0.8096651390706151,
        "f1-score": 0.8088144270722479,
        "support": 1985.0
      },
      "weighted avg": {
        "precision": 0.8096601284633859,
        "recall": 0.8090680100755667,
        "f1-score": 0.8081162151986695,
        "support": 1985.0
      }
    }
  },
  "overfitting_analysis": {
    "overfitting_detected": false,
    "best_val_loss": 0.5353949764563192,
    "val_loss_after_best": 0.5353949764563192,
    "increase_percentage": 0.0,
    "train_val_gap": 0.09469745345289371
  },
  "training_curves": {
    "train_losses": [
      2.5741251986602256,
      1.9463818903627066,
      1.531164014339447,
      1.2968518456508373,
      1.1499445627475606,
      1.057339710613777,
      0.9847110805840328,
      0.9172110010837686,
      0.8547435451170494,
      0.7977408699948212,
      0.7811224982656282,
      0.7366399847227951,
      0.7039344527598085,
      0.677678327005485,
      0.6606808215379715,
      0.6332947040940153,
      0.6300924299092129,
      0.6098694553149158,
      0.6018240469283072,
      0.5767916729737972
    ],
    "val_losses": [
      2.2728348470503286,
      1.417543069008858,
      1.1171965464468925,
      0.9515482812158523,
      0.8433335514799241,
      0.7736248013473326,
      0.7227690186231367,
      0.6862908318158119,
      0.6508722290877373,
      0.6333514408719155,
      0.6100142365021091,
      0.5901968647395411,
      0.5801613902853381,
      0.5734907717954728,
      0.5583921106111619,
      0.5611058173160399,
      0.5390037214083057,
      0.5353949764563192,
      0.5554503380290924,
      0.5369285035037226
    ],
    "train_accs": [
      14.350502105604146,
      33.86243386243386,
      45.83738257207645,
      53.352769679300295,
      58.78414858006695,
      63.319295972357196,
      65.58686966850232,
      67.90843321455566,
      70.73750134974625,
      72.60555015657056,
      72.86470143613,
      74.7003563330094,
      75.83414318108196,
      76.79516250944822,
      77.18388942878738,
      78.33927221682323,
      78.24209048698845,
      79.47305906489579,
      79.40827124500593,
      80.44487636324371
    ],
    "val_accs": [
      37.44959677419355,
      56.55241935483871,
      64.76814516129032,
      69.0524193548387,
      72.83266129032258,
      74.94959677419355,
      75.50403225806451,
      76.96572580645162,
      77.67137096774194,
      77.92338709677419,
      78.17540322580645,
      79.3850806451613,
      79.33467741935483,
      79.73790322580645,
      80.54435483870968,
      80.04032258064517,
      81.04838709677419,
      80.89717741935483,
      80.84677419354838,
      80.59475806451613
    ],
    "val_macro_f1s": [
      0.2995545555847575,
      0.5236710342798299,
      0.6313560901902138,
      0.6808594159007189,
      0.720371583402828,
      0.7448040804108974,
      0.7519054197818961,
      0.7673589524515008,
      0.7754807192641228,
      0.7770284025063984,
      0.779740970009562,
      0.7939403786139065,
      0.7930780297813662,
      0.799143225918576,
      0.8044944272577361,
      0.7990178013654708,
      0.8108688258547944,
      0.8088388544354668,
      0.8081275063441106,
      0.8064554873670662
    ],
    "learning_rates": [
      4.995066821070679e-05,
      4.980286753286195e-05,
      4.955718126821722e-05,
      4.9214579028215776e-05,
      4.877641290737884e-05,
      4.8244412147206284e-05,
      4.762067631165049e-05,
      4.6907667001096584e-05,
      4.610819813755037e-05,
      4.5225424859373677e-05,
      4.426283106939472e-05,
      4.322421568553528e-05,
      4.211367764821721e-05,
      4.0935599743717234e-05,
      3.969463130731183e-05,
      3.839566987447491e-05,
      3.7043841852542874e-05,
      3.564448228912681e-05,
      3.420311381711694e-05,
      3.272542485937368e-05
    ]
  },
  "data_split_info": {
    "train_size": 9261,
    "val_size": 1984,
    "test_size": 1985
  }
}