{
  "experiment_id": "seed_259",
  "seed_value": 259,
  "seed_index": 8,
  "timestamp": "2026-05-23T00:20:10.624049",
  "configuration": {
    "learning_rate": 5e-05,
    "batch_size": 32,
    "early_stopping_patience": 5,
    "dropout": 0.5,
    "weight_decay": 0.0001,
    "max_epochs": 20,
    "model_init_seed": 42,
    "data_split_seed": 259,
    "dataset_size": "100% (full dataset)"
  },
  "training_info": {
    "total_epochs": 20,
    "best_epoch": 17,
    "early_stopped": false,
    "total_time_minutes": 16.674105020364127
  },
  "validation_metrics": {
    "best_val_macro_f1": 0.8283530311511773,
    "best_val_accuracy": 82.8125,
    "best_val_loss": 0.47608244731541605,
    "final_val_macro_f1": 0.8280077845154168,
    "final_val_accuracy": 82.8125,
    "final_val_loss": 0.47608244731541605
  },
  "test_metrics": {
    "test_macro_f1": 0.8081596047655265,
    "test_accuracy": 80.85642317380352,
    "test_loss": 0.5792741865392715,
    "report": {
      "conservative": {
        "precision": 0.6839080459770115,
        "recall": 0.8561151079136691,
        "f1-score": 0.7603833865814696,
        "support": 139.0
      },
      "dressy": {
        "precision": 0.9552238805970149,
        "recall": 0.9481481481481482,
        "f1-score": 0.9516728624535316,
        "support": 135.0
      },
      "ethnic": {
        "precision": 0.9137931034482759,
        "recall": 0.8217054263565892,
        "f1-score": 0.8653061224489796,
        "support": 129.0
      },
      "fairy": {
        "precision": 0.9271523178807947,
        "recall": 0.9722222222222222,
        "f1-score": 0.9491525423728814,
        "support": 144.0
      },
      "feminine": {
        "precision": 0.6618705035971223,
        "recall": 0.7540983606557377,
        "f1-score": 0.7049808429118773,
        "support": 122.0
      },
      "gal": {
        "precision": 0.8796992481203008,
        "recall": 0.8181818181818182,
        "f1-score": 0.8478260869565217,
        "support": 143.0
      },
      "girlish": {
        "precision": 0.6666666666666666,
        "recall": 0.6746987951807228,
        "f1-score": 0.6706586826347305,
        "support": 166.0
      },
      "kireime-casual": {
        "precision": 0.7333333333333333,
        "recall": 0.5569620253164557,
        "f1-score": 0.6330935251798561,
        "support": 158.0
      },
      "lolita": {
        "precision": 0.9259259259259259,
        "recall": 0.9375,
        "f1-score": 0.9316770186335404,
        "support": 160.0
      },
      "mode": {
        "precision": 0.8055555555555556,
        "recall": 0.7295597484276729,
        "f1-score": 0.7656765676567657,
        "support": 159.0
      },
      "natural": {
        "precision": 0.7432432432432432,
        "recall": 0.8527131782945736,
        "f1-score": 0.7942238267148014,
        "support": 129.0
      },
      "retro": {
        "precision": 0.7964601769911505,
        "recall": 0.7086614173228346,
        "f1-score": 0.75,
        "support": 127.0
      },
      "rock": {
        "precision": 0.8392857142857143,
        "recall": 0.7768595041322314,
        "f1-score": 0.8068669527896996,
        "support": 121.0
      },
      "street": {
        "precision": 0.8362573099415205,
        "recall": 0.934640522875817,
        "f1-score": 0.8827160493827161,
        "support": 153.0
      },
      "accuracy": 0.8085642317380353,
      "macro avg": {
        "precision": 0.8120267875402593,
        "recall": 0.8101475910734638,
        "f1-score": 0.8081596047655265,
        "support": 1985.0
      },
      "weighted avg": {
        "precision": 0.8117115646507853,
        "recall": 0.8085642317380353,
        "f1-score": 0.8071933110113799,
        "support": 1985.0
      }
    }
  },
  "overfitting_analysis": {
    "overfitting_detected": false,
    "best_val_loss": 0.47608244731541605,
    "val_loss_after_best": 0.4944224665241857,
    "increase_percentage": 3.8522779640768716,
    "train_val_gap": 0.1468074059277541
  },
  "training_curves": {
    "train_losses": [
      2.564450707106755,
      1.9003178321082017,
      1.5163372851651291,
      1.3062390609034176,
      1.169377180214586,
      1.0563140254596184,
      0.9753120006158434,
      0.9187489602072486,
      0.8662198942283105,
      0.813855163804416,
      0.7787788990242728,
      0.7252537333759769,
      0.7097240623728982,
      0.6822749525308609,
      0.6696369960390288,
      0.643417609457312,
      0.6228898532431701,
      0.6036376680793434,
      0.5912391500226383,
      0.5878038726490119
    ],
    "val_losses": [
      2.2168498808337795,
      1.396109817489501,
      1.1169157287766855,
      0.9327354921448615,
      0.8737735536790663,
      0.7749833887623202,
      0.7039004804626587,
      0.6847948696344129,
      0.6201369031783073,
      0.5922990460549632,
      0.5836841055462437,
      0.5438213756968898,
      0.5403342369583345,
      0.5167490491463292,
      0.5282395522921316,
      0.5097133264906945,
      0.49809192217165427,
      0.4944224665241857,
      0.4901795185381366,
      0.47608244731541605
    ],
    "train_accs": [
      15.311521433970414,
      35.741280639239825,
      45.794190692149876,
      53.37436561926358,
      58.10387647122341,
      62.60662995356873,
      65.75963718820861,
      67.89763524457402,
      70.17600691070079,
      72.1412374473599,
      73.11305474570781,
      75.40222438181623,
      75.65057769139402,
      76.81675844941151,
      77.12989957887918,
      78.43645394665803,
      78.83597883597884,
      79.3974732750243,
      79.51625094482237,
      80.466472303207
    ],
    "val_accs": [
      38.457661290322584,
      55.34274193548387,
      63.55846774193548,
      70.81653225806451,
      71.11895161290323,
      74.44556451612904,
      76.05846774193549,
      77.77217741935483,
      78.4274193548387,
      80.39314516129032,
      79.53629032258064,
      81.50201612903226,
      81.19959677419355,
      81.95564516129032,
      81.40120967741936,
      81.75403225806451,
      82.8125,
      82.40927419354838,
      82.5100806451613,
      82.8125
    ],
    "val_macro_f1s": [
      0.3069867132669803,
      0.5167387564020134,
      0.618933216459052,
      0.7024241729910852,
      0.7004454008428985,
      0.7385532784993293,
      0.7577822253148303,
      0.7777985315735079,
      0.7826398080383166,
      0.8022361850458252,
      0.7947994132139827,
      0.8143281959778756,
      0.8125723941425497,
      0.8201570131208716,
      0.8132557895926652,
      0.8165019889471277,
      0.8283530311511773,
      0.8242392216728863,
      0.8250503903503509,
      0.8280077845154168
    ],
    "learning_rates": [
      4.995066821070679e-05,
      4.980286753286195e-05,
      4.955718126821722e-05,
      4.9214579028215776e-05,
      4.877641290737884e-05,
      4.8244412147206284e-05,
      4.762067631165049e-05,
      4.6907667001096584e-05,
      4.610819813755037e-05,
      4.5225424859373677e-05,
      4.426283106939472e-05,
      4.322421568553528e-05,
      4.211367764821721e-05,
      4.0935599743717234e-05,
      3.969463130731183e-05,
      3.839566987447491e-05,
      3.7043841852542874e-05,
      3.564448228912681e-05,
      3.420311381711694e-05,
      3.272542485937368e-05
    ]
  },
  "data_split_info": {
    "train_size": 9261,
    "val_size": 1984,
    "test_size": 1985
  }
}