{
  "experiment_id": "seed_126",
  "seed_value": 126,
  "seed_index": 4,
  "timestamp": "2026-05-22T23:11:07.248900",
  "configuration": {
    "learning_rate": 5e-05,
    "batch_size": 32,
    "early_stopping_patience": 5,
    "dropout": 0.5,
    "weight_decay": 0.0001,
    "max_epochs": 20,
    "model_init_seed": 42,
    "data_split_seed": 126,
    "dataset_size": "100% (full dataset)"
  },
  "training_info": {
    "total_epochs": 20,
    "best_epoch": 19,
    "early_stopped": false,
    "total_time_minutes": 17.350076154867807
  },
  "validation_metrics": {
    "best_val_macro_f1": 0.8088121649891561,
    "best_val_accuracy": 80.9475806451613,
    "best_val_loss": 0.5591533991598314,
    "final_val_macro_f1": 0.80606066267873,
    "final_val_accuracy": 80.74596774193549,
    "final_val_loss": 0.5622020080204932
  },
  "test_metrics": {
    "test_macro_f1": 0.8237348615217314,
    "test_accuracy": 82.21662468513854,
    "test_loss": 0.5120664646937734,
    "report": {
      "conservative": {
        "precision": 0.8267716535433071,
        "recall": 0.7553956834532374,
        "f1-score": 0.7894736842105263,
        "support": 139.0
      },
      "dressy": {
        "precision": 0.984375,
        "recall": 0.9333333333333333,
        "f1-score": 0.9581749049429658,
        "support": 135.0
      },
      "ethnic": {
        "precision": 0.8615384615384616,
        "recall": 0.8682170542635659,
        "f1-score": 0.8648648648648649,
        "support": 129.0
      },
      "fairy": {
        "precision": 0.9315068493150684,
        "recall": 0.9444444444444444,
        "f1-score": 0.9379310344827586,
        "support": 144.0
      },
      "feminine": {
        "precision": 0.7727272727272727,
        "recall": 0.6967213114754098,
        "f1-score": 0.7327586206896551,
        "support": 122.0
      },
      "gal": {
        "precision": 0.8823529411764706,
        "recall": 0.8391608391608392,
        "f1-score": 0.8602150537634409,
        "support": 143.0
      },
      "girlish": {
        "precision": 0.6529411764705882,
        "recall": 0.6686746987951807,
        "f1-score": 0.6607142857142857,
        "support": 166.0
      },
      "kireime-casual": {
        "precision": 0.68125,
        "recall": 0.689873417721519,
        "f1-score": 0.6855345911949685,
        "support": 158.0
      },
      "lolita": {
        "precision": 0.925,
        "recall": 0.925,
        "f1-score": 0.925,
        "support": 160.0
      },
      "mode": {
        "precision": 0.7848101265822784,
        "recall": 0.779874213836478,
        "f1-score": 0.7823343848580442,
        "support": 159.0
      },
      "natural": {
        "precision": 0.7687074829931972,
        "recall": 0.875968992248062,
        "f1-score": 0.8188405797101449,
        "support": 129.0
      },
      "retro": {
        "precision": 0.8064516129032258,
        "recall": 0.7874015748031497,
        "f1-score": 0.796812749003984,
        "support": 127.0
      },
      "rock": {
        "precision": 0.7835820895522388,
        "recall": 0.8677685950413223,
        "f1-score": 0.8235294117647058,
        "support": 121.0
      },
      "street": {
        "precision": 0.8903225806451613,
        "recall": 0.9019607843137255,
        "f1-score": 0.8961038961038961,
        "support": 153.0
      },
      "accuracy": 0.8221662468513854,
      "macro avg": {
        "precision": 0.8251669462462335,
        "recall": 0.8238424959207334,
        "f1-score": 0.8237348615217314,
        "support": 1985.0
      },
      "weighted avg": {
        "precision": 0.8236586820067388,
        "recall": 0.8221662468513854,
        "f1-score": 0.8222106841719415,
        "support": 1985.0
      }
    }
  },
  "overfitting_analysis": {
    "overfitting_detected": false,
    "best_val_loss": 0.5591533991598314,
    "val_loss_after_best": 0.5622020080204932,
    "increase_percentage": 0.5452186940547235,
    "train_val_gap": 0.029475511579014957
  },
  "training_curves": {
    "train_losses": [
      2.573766458445582,
      1.9366668396982654,
      1.5410293681868192,
      1.3161465973689639,
      1.1764393290569042,
      1.0654854692261795,
      0.9838165529843035,
      0.9074185865706411,
      0.8562793903309723,
      0.8076731434156155,
      0.7577691275497963,
      0.7358298177349156,
      0.6969308246826303,
      0.6833366469062608,
      0.660550415413133,
      0.6372186172111282,
      0.6231914750460921,
      0.6084025988804883,
      0.5886289107388464,
      0.5786650220381803
    ],
    "val_losses": [
      2.270243190949963,
      1.444044170841094,
      1.186883923507506,
      0.9919719301885174,
      0.8866047580395976,
      0.8114921479455887,
      0.7854145678781694,
      0.7090381013770257,
      0.6894486012958712,
      0.6630942662877422,
      0.6321894074639967,
      0.6331695481654136,
      0.6124600388350026,
      0.6150544506888236,
      0.5900679187428567,
      0.5793548711845952,
      0.5740790915104651,
      0.5602651334577992,
      0.5591533991598314,
      0.5622020080204932
    ],
    "train_accs": [
      15.354713313896987,
      34.90983695065328,
      45.535039412590436,
      52.94244681999784,
      58.568189180434075,
      62.725407623366806,
      65.33851635892452,
      68.45912968361948,
      70.3271784904438,
      72.23841917719469,
      73.81492279451463,
      75.07828528236692,
      76.39563762012742,
      76.43882950005398,
      77.59421228808984,
      78.50124176654789,
      79.15991793542814,
      79.20310981535471,
      79.78620019436346,
      80.23971493359248
    ],
    "val_accs": [
      39.71774193548387,
      53.27620967741935,
      61.59274193548387,
      65.82661290322581,
      70.81653225806451,
      73.18548387096774,
      73.48790322580645,
      76.5625,
      77.11693548387096,
      77.31854838709677,
      78.67943548387096,
      78.83064516129032,
      78.57862903225806,
      78.17540322580645,
      79.9899193548387,
      80.19153225806451,
      80.54435483870968,
      80.69556451612904,
      80.9475806451613,
      80.74596774193549
    ],
    "val_macro_f1s": [
      0.31769981815069287,
      0.48835270152520416,
      0.5900458384990973,
      0.6499158281858858,
      0.7006155441033206,
      0.7275968982725767,
      0.7316002988879198,
      0.764531102615449,
      0.769428672929114,
      0.7712504675688059,
      0.7871293642569649,
      0.7876990231579345,
      0.784186385601867,
      0.7793156071968734,
      0.799379058798709,
      0.8010934860846962,
      0.8051957435508472,
      0.8054997425285728,
      0.8088121649891561,
      0.80606066267873
    ],
    "learning_rates": [
      4.995066821070679e-05,
      4.980286753286195e-05,
      4.955718126821722e-05,
      4.9214579028215776e-05,
      4.877641290737884e-05,
      4.8244412147206284e-05,
      4.762067631165049e-05,
      4.6907667001096584e-05,
      4.610819813755037e-05,
      4.5225424859373677e-05,
      4.426283106939472e-05,
      4.322421568553528e-05,
      4.211367764821721e-05,
      4.0935599743717234e-05,
      3.969463130731183e-05,
      3.839566987447491e-05,
      3.7043841852542874e-05,
      3.564448228912681e-05,
      3.420311381711694e-05,
      3.272542485937368e-05
    ]
  },
  "data_split_info": {
    "train_size": 9261,
    "val_size": 1984,
    "test_size": 1985
  }
}