{
  "experiment_id": "seed_112",
  "seed_value": 112,
  "seed_index": 1,
  "timestamp": "2026-05-22T22:19:04.081207",
  "configuration": {
    "learning_rate": 5e-05,
    "batch_size": 32,
    "early_stopping_patience": 5,
    "dropout": 0.5,
    "weight_decay": 0.0001,
    "max_epochs": 20,
    "model_init_seed": 42,
    "data_split_seed": 112,
    "dataset_size": "100% (full dataset)"
  },
  "training_info": {
    "total_epochs": 20,
    "best_epoch": 18,
    "early_stopped": false,
    "total_time_minutes": 81.74941501220067
  },
  "validation_metrics": {
    "best_val_macro_f1": 0.8162294705191624,
    "best_val_accuracy": 81.65322580645162,
    "best_val_loss": 0.5275300092274143,
    "final_val_macro_f1": 0.8160886868761031,
    "final_val_accuracy": 81.60282258064517,
    "final_val_loss": 0.5275300092274143
  },
  "test_metrics": {
    "test_macro_f1": 0.8200039946777402,
    "test_accuracy": 81.91435768261965,
    "test_loss": 0.5091644246425974,
    "report": {
      "conservative": {
        "precision": 0.7254901960784313,
        "recall": 0.7985611510791367,
        "f1-score": 0.7602739726027398,
        "support": 139.0
      },
      "dressy": {
        "precision": 0.9565217391304348,
        "recall": 0.9777777777777777,
        "f1-score": 0.967032967032967,
        "support": 135.0
      },
      "ethnic": {
        "precision": 0.8879310344827587,
        "recall": 0.7984496124031008,
        "f1-score": 0.8408163265306122,
        "support": 129.0
      },
      "fairy": {
        "precision": 0.8580645161290322,
        "recall": 0.9236111111111112,
        "f1-score": 0.8896321070234113,
        "support": 144.0
      },
      "feminine": {
        "precision": 0.782608695652174,
        "recall": 0.8852459016393442,
        "f1-score": 0.8307692307692308,
        "support": 122.0
      },
      "gal": {
        "precision": 0.8523489932885906,
        "recall": 0.8881118881118881,
        "f1-score": 0.8698630136986302,
        "support": 143.0
      },
      "girlish": {
        "precision": 0.7448275862068966,
        "recall": 0.6506024096385542,
        "f1-score": 0.6945337620578779,
        "support": 166.0
      },
      "kireime-casual": {
        "precision": 0.6944444444444444,
        "recall": 0.6329113924050633,
        "f1-score": 0.6622516556291391,
        "support": 158.0
      },
      "lolita": {
        "precision": 0.9444444444444444,
        "recall": 0.85,
        "f1-score": 0.8947368421052632,
        "support": 160.0
      },
      "mode": {
        "precision": 0.8472222222222222,
        "recall": 0.7672955974842768,
        "f1-score": 0.8052805280528053,
        "support": 159.0
      },
      "natural": {
        "precision": 0.7642857142857142,
        "recall": 0.8294573643410853,
        "f1-score": 0.7955390334572491,
        "support": 129.0
      },
      "retro": {
        "precision": 0.7744360902255639,
        "recall": 0.8110236220472441,
        "f1-score": 0.7923076923076923,
        "support": 127.0
      },
      "rock": {
        "precision": 0.7857142857142857,
        "recall": 0.8181818181818182,
        "f1-score": 0.8016194331983806,
        "support": 121.0
      },
      "street": {
        "precision": 0.85625,
        "recall": 0.8954248366013072,
        "f1-score": 0.8753993610223643,
        "support": 153.0
      },
      "accuracy": 0.8191435768261964,
      "macro avg": {
        "precision": 0.8196135687360709,
        "recall": 0.8233324630586933,
        "f1-score": 0.8200039946777402,
        "support": 1985.0
      },
      "weighted avg": {
        "precision": 0.8199743566086372,
        "recall": 0.8191435768261964,
        "f1-score": 0.8180602771126144,
        "support": 1985.0
      }
    }
  },
  "overfitting_analysis": {
    "overfitting_detected": false,
    "best_val_loss": 0.5275300092274143,
    "val_loss_after_best": 0.5552300842058274,
    "increase_percentage": 5.2509003267853505,
    "train_val_gap": 0.08876157577198251
  },
  "training_curves": {
    "train_losses": [
      2.569801822201959,
      1.9070734529659665,
      1.518952303097166,
      1.3058814015881768,
      1.155065875834432,
      1.054347593003306,
      0.9767564087078489,
      0.9101106775218043,
      0.8665055611010255,
      0.8185579842534558,
      0.7636731953456484,
      0.7364730519467386,
      0.7171784338252297,
      0.6822919072262172,
      0.6598341088870476,
      0.6655017198159777,
      0.6419319260736992,
      0.6162915849993968,
      0.6071443743746856,
      0.5904041153089753
    ],
    "val_losses": [
      2.249904032676451,
      1.3959122396284533,
      1.1520626689157178,
      0.9522080421447754,
      0.8510015587652883,
      0.7825785529228949,
      0.7479954693586596,
      0.7013368491203554,
      0.6544573542571837,
      0.645789512222813,
      0.6121987873508085,
      0.597649963152024,
      0.5855999478409367,
      0.5915857923607672,
      0.5660674182638046,
      0.5607578160782014,
      0.5518542782914254,
      0.5313478542431709,
      0.5552300842058274,
      0.5275300092274143
    ],
    "train_accs": [
      14.868804664723031,
      35.687290789331605,
      46.388079041140266,
      53.925062088327394,
      58.89212827988338,
      63.13573048266926,
      66.06198034769463,
      68.72907893316057,
      70.02483533095779,
      72.40038872691935,
      74.0308821941475,
      74.65716445308281,
      75.51020408163265,
      77.00032393909945,
      77.92894935752079,
      77.72378792786957,
      78.19889860706188,
      79.03034229564842,
      79.20310981535471,
      79.58103876471223
    ],
    "val_accs": [
      35.534274193548384,
      54.48588709677419,
      63.810483870967744,
      68.14516129032258,
      70.66532258064517,
      73.7399193548387,
      73.38709677419355,
      75.95766129032258,
      76.61290322580645,
      77.67137096774194,
      78.2258064516129,
      78.17540322580645,
      80.09072580645162,
      79.03225806451613,
      80.04032258064517,
      80.29233870967742,
      80.89717741935483,
      81.65322580645162,
      80.74596774193549,
      81.60282258064517
    ],
    "val_macro_f1s": [
      0.29809014404556383,
      0.49944484298233177,
      0.620782584000167,
      0.6745381910656386,
      0.6988997538678338,
      0.7332464687718534,
      0.7296508024408467,
      0.7584632556506572,
      0.7650572103521165,
      0.7734379653645614,
      0.7813070580655328,
      0.7802720427382137,
      0.8018289720002344,
      0.7887508236015314,
      0.7994953357440504,
      0.8034819807835174,
      0.8075909488584516,
      0.8162294705191624,
      0.8064719723325416,
      0.8160886868761031
    ],
    "learning_rates": [
      4.995066821070679e-05,
      4.980286753286195e-05,
      4.955718126821722e-05,
      4.9214579028215776e-05,
      4.877641290737884e-05,
      4.8244412147206284e-05,
      4.762067631165049e-05,
      4.6907667001096584e-05,
      4.610819813755037e-05,
      4.5225424859373677e-05,
      4.426283106939472e-05,
      4.322421568553528e-05,
      4.211367764821721e-05,
      4.0935599743717234e-05,
      3.969463130731183e-05,
      3.839566987447491e-05,
      3.7043841852542874e-05,
      3.564448228912681e-05,
      3.420311381711694e-05,
      3.272542485937368e-05
    ]
  },
  "data_split_info": {
    "train_size": 9261,
    "val_size": 1984,
    "test_size": 1985
  }
}