{
  "experiment_id": "seed_120",
  "seed_value": 120,
  "seed_index": 3,
  "timestamp": "2026-05-22T22:53:35.265326",
  "configuration": {
    "learning_rate": 5e-05,
    "batch_size": 32,
    "early_stopping_patience": 5,
    "dropout": 0.5,
    "weight_decay": 0.0001,
    "max_epochs": 20,
    "model_init_seed": 42,
    "data_split_seed": 120,
    "dataset_size": "100% (full dataset)"
  },
  "training_info": {
    "total_epochs": 20,
    "best_epoch": 18,
    "early_stopped": false,
    "total_time_minutes": 17.343060278892516
  },
  "validation_metrics": {
    "best_val_macro_f1": 0.8132651578681644,
    "best_val_accuracy": 81.09879032258064,
    "best_val_loss": 0.5399841928193646,
    "final_val_macro_f1": 0.8034663774869694,
    "final_val_accuracy": 80.24193548387096,
    "final_val_loss": 0.5585906688244112
  },
  "test_metrics": {
    "test_macro_f1": 0.8062665601988435,
    "test_accuracy": 80.70528967254408,
    "test_loss": 0.5533309758655609,
    "report": {
      "conservative": {
        "precision": 0.74,
        "recall": 0.7985611510791367,
        "f1-score": 0.7681660899653979,
        "support": 139.0
      },
      "dressy": {
        "precision": 0.9477611940298507,
        "recall": 0.9407407407407408,
        "f1-score": 0.9442379182156134,
        "support": 135.0
      },
      "ethnic": {
        "precision": 0.813953488372093,
        "recall": 0.813953488372093,
        "f1-score": 0.813953488372093,
        "support": 129.0
      },
      "fairy": {
        "precision": 0.896774193548387,
        "recall": 0.9652777777777778,
        "f1-score": 0.9297658862876255,
        "support": 144.0
      },
      "feminine": {
        "precision": 0.7265625,
        "recall": 0.7622950819672131,
        "f1-score": 0.744,
        "support": 122.0
      },
      "gal": {
        "precision": 0.8088235294117647,
        "recall": 0.7692307692307693,
        "f1-score": 0.7885304659498208,
        "support": 143.0
      },
      "girlish": {
        "precision": 0.7225806451612903,
        "recall": 0.6746987951807228,
        "f1-score": 0.6978193146417445,
        "support": 166.0
      },
      "kireime-casual": {
        "precision": 0.6666666666666666,
        "recall": 0.620253164556962,
        "f1-score": 0.6426229508196721,
        "support": 158.0
      },
      "lolita": {
        "precision": 0.9539473684210527,
        "recall": 0.90625,
        "f1-score": 0.9294871794871795,
        "support": 160.0
      },
      "mode": {
        "precision": 0.8613138686131386,
        "recall": 0.7421383647798742,
        "f1-score": 0.7972972972972973,
        "support": 159.0
      },
      "natural": {
        "precision": 0.7659574468085106,
        "recall": 0.8372093023255814,
        "f1-score": 0.8,
        "support": 129.0
      },
      "retro": {
        "precision": 0.7777777777777778,
        "recall": 0.7165354330708661,
        "f1-score": 0.7459016393442623,
        "support": 127.0
      },
      "rock": {
        "precision": 0.7518248175182481,
        "recall": 0.8512396694214877,
        "f1-score": 0.7984496124031008,
        "support": 121.0
      },
      "street": {
        "precision": 0.8502994011976048,
        "recall": 0.9281045751633987,
        "f1-score": 0.8875,
        "support": 153.0
      },
      "accuracy": 0.8070528967254408,
      "macro avg": {
        "precision": 0.8060173498233132,
        "recall": 0.8090348795476159,
        "f1-score": 0.8062665601988435,
        "support": 1985.0
      },
      "weighted avg": {
        "precision": 0.8074361405424998,
        "recall": 0.8070528967254408,
        "f1-score": 0.8059704848696694,
        "support": 1985.0
      }
    }
  },
  "overfitting_analysis": {
    "overfitting_detected": false,
    "best_val_loss": 0.5399841928193646,
    "val_loss_after_best": 0.5399841928193646,
    "increase_percentage": 0.0,
    "train_val_gap": 0.0690002978958596
  },
  "training_curves": {
    "train_losses": [
      2.5717555695566636,
      1.9121983647346497,
      1.5006273417637266,
      1.2787213584472392,
      1.1447400956318297,
      1.0370127920446726,
      0.9663396847659144,
      0.8939722631512017,
      0.8420754777974095,
      0.8000089415188494,
      0.7508907776968232,
      0.7295619188711561,
      0.7001508638776582,
      0.6842695799367181,
      0.6565255850553513,
      0.6482538869668697,
      0.6303094566896044,
      0.6089844907152242,
      0.5887618377290923,
      0.587452580548566
    ],
    "val_losses": [
      2.259199950002855,
      1.4001160206333283,
      1.1131686183714098,
      0.9500643880136551,
      0.8477068726093538,
      0.7923920144957881,
      0.7323657312700825,
      0.6874678735771487,
      0.6699676042602908,
      0.623122944947212,
      0.5954460578580056,
      0.5909970042205626,
      0.5756466157974736,
      0.5666195889634471,
      0.5621985725818142,
      0.5597268775586159,
      0.5455988967610944,
      0.5417033087822699,
      0.5399841928193646,
      0.5585906688244112
    ],
    "train_accs": [
      14.782420904869884,
      35.320159809955726,
      46.960371450167365,
      54.96166720656517,
      59.70197602850664,
      63.72961883165965,
      66.68826260662995,
      68.6642911132707,
      71.20181405895691,
      72.50836842673577,
      73.83651873447792,
      75.22945686210993,
      75.5210020516143,
      76.19047619047619,
      77.21628333873232,
      78.17730266709859,
      78.81438289601554,
      79.48385703487745,
      79.87258395421661,
      80.01295756397798
    ],
    "val_accs": [
      43.59879032258065,
      54.18346774193548,
      65.42338709677419,
      69.20362903225806,
      71.92540322580645,
      72.88306451612904,
      75.05040322580645,
      76.2600806451613,
      76.31048387096774,
      78.27620967741936,
      79.23387096774194,
      79.63709677419355,
      79.9899193548387,
      80.44354838709677,
      80.59475806451613,
      80.54435483870968,
      80.74596774193549,
      81.09879032258064,
      81.04838709677419,
      80.24193548387096
    ],
    "val_macro_f1s": [
      0.36147340056305616,
      0.49831601361487987,
      0.640622726511985,
      0.6831481978063817,
      0.7135208941577703,
      0.7250828739784702,
      0.7494461873504088,
      0.7631605458098178,
      0.7647441083279031,
      0.7824175025791522,
      0.7907994413183159,
      0.7979740621442726,
      0.8000200228831337,
      0.8056875311037721,
      0.8057767030606342,
      0.8056429802861158,
      0.8082706449392806,
      0.8132651578681644,
      0.8127303858955687,
      0.8034663774869694
    ],
    "learning_rates": [
      4.995066821070679e-05,
      4.980286753286195e-05,
      4.955718126821722e-05,
      4.9214579028215776e-05,
      4.877641290737884e-05,
      4.8244412147206284e-05,
      4.762067631165049e-05,
      4.6907667001096584e-05,
      4.610819813755037e-05,
      4.5225424859373677e-05,
      4.426283106939472e-05,
      4.322421568553528e-05,
      4.211367764821721e-05,
      4.0935599743717234e-05,
      3.969463130731183e-05,
      3.839566987447491e-05,
      3.7043841852542874e-05,
      3.564448228912681e-05,
      3.420311381711694e-05,
      3.272542485937368e-05
    ]
  },
  "data_split_info": {
    "train_size": 9261,
    "val_size": 1984,
    "test_size": 1985
  }
}