{
  "experiment_id": "seed_58",
  "seed_value": 58,
  "seed_index": 8,
  "timestamp": "2026-05-22T11:19:50.717061",
  "configuration": {
    "learning_rate": 5e-05,
    "batch_size": 32,
    "early_stopping_patience": 5,
    "dropout": 0.5,
    "weight_decay": 0.0001,
    "max_epochs": 20,
    "model_init_seed": 42,
    "data_split_seed": 58,
    "dataset_size": "100% (full dataset)"
  },
  "training_info": {
    "total_epochs": 20,
    "best_epoch": 20,
    "early_stopped": false,
    "total_time_minutes": 17.64651166598002
  },
  "validation_metrics": {
    "best_val_macro_f1": 0.797877701957334,
    "best_val_accuracy": 79.6875,
    "best_val_loss": 0.562748259113681,
    "final_val_macro_f1": 0.797877701957334,
    "final_val_accuracy": 79.6875,
    "final_val_loss": 0.5720296559795257
  },
  "test_metrics": {
    "test_macro_f1": 0.8257770902824612,
    "test_accuracy": 82.56926952141058,
    "test_loss": 0.5241525967915853,
    "report": {
      "conservative": {
        "precision": 0.7631578947368421,
        "recall": 0.8345323741007195,
        "f1-score": 0.7972508591065293,
        "support": 139.0
      },
      "dressy": {
        "precision": 0.9924812030075187,
        "recall": 0.9777777777777777,
        "f1-score": 0.9850746268656716,
        "support": 135.0
      },
      "ethnic": {
        "precision": 0.889763779527559,
        "recall": 0.875968992248062,
        "f1-score": 0.8828125,
        "support": 129.0
      },
      "fairy": {
        "precision": 0.9225352112676056,
        "recall": 0.9097222222222222,
        "f1-score": 0.916083916083916,
        "support": 144.0
      },
      "feminine": {
        "precision": 0.6643835616438356,
        "recall": 0.7950819672131147,
        "f1-score": 0.7238805970149254,
        "support": 122.0
      },
      "gal": {
        "precision": 0.8740740740740741,
        "recall": 0.8251748251748252,
        "f1-score": 0.8489208633093526,
        "support": 143.0
      },
      "girlish": {
        "precision": 0.7605633802816901,
        "recall": 0.6506024096385542,
        "f1-score": 0.7012987012987013,
        "support": 166.0
      },
      "kireime-casual": {
        "precision": 0.7676056338028169,
        "recall": 0.689873417721519,
        "f1-score": 0.7266666666666667,
        "support": 158.0
      },
      "lolita": {
        "precision": 0.9254658385093167,
        "recall": 0.93125,
        "f1-score": 0.9283489096573209,
        "support": 160.0
      },
      "mode": {
        "precision": 0.8769230769230769,
        "recall": 0.7169811320754716,
        "f1-score": 0.7889273356401384,
        "support": 159.0
      },
      "natural": {
        "precision": 0.7448275862068966,
        "recall": 0.8372093023255814,
        "f1-score": 0.7883211678832117,
        "support": 129.0
      },
      "retro": {
        "precision": 0.8125,
        "recall": 0.8188976377952756,
        "f1-score": 0.8156862745098039,
        "support": 127.0
      },
      "rock": {
        "precision": 0.723404255319149,
        "recall": 0.8429752066115702,
        "f1-score": 0.7786259541984732,
        "support": 121.0
      },
      "street": {
        "precision": 0.8571428571428571,
        "recall": 0.9019607843137255,
        "f1-score": 0.8789808917197452,
        "support": 153.0
      },
      "accuracy": 0.8256926952141058,
      "macro avg": {
        "precision": 0.8267734537459458,
        "recall": 0.82914343208703,
        "f1-score": 0.8257770902824612,
        "support": 1985.0
      },
      "weighted avg": {
        "precision": 0.8295825895144567,
        "recall": 0.8256926952141058,
        "f1-score": 0.8254400759795981,
        "support": 1985.0
      }
    }
  },
  "overfitting_analysis": {
    "overfitting_detected": false,
    "best_val_loss": 0.562748259113681,
    "val_loss_after_best": 0.5720296559795257,
    "increase_percentage": 0.0,
    "train_val_gap": 0.03696502718133832
  },
  "training_curves": {
    "train_losses": [
      2.571802326728558,
      1.924512774779879,
      1.5034749364030773,
      1.293338402797436,
      1.1553802216875142,
      1.0537594854831696,
      0.9665504574775696,
      0.9048722464462806,
      0.8614440706269494,
      0.8074240481031352,
      0.7789515127395762,
      0.7366148020686775,
      0.7181454218667129,
      0.6948288433510682,
      0.6697425070507773,
      0.6493479916761662,
      0.6369444440151083,
      0.6241759160469318,
      0.612501130741218,
      0.5997132862950193
    ],
    "val_losses": [
      2.270677697273993,
      1.4185286933375942,
      1.129414055616625,
      0.9745860022883261,
      0.8822109862681358,
      0.8297537084548704,
      0.7562222653819669,
      0.7164021730422974,
      0.6964440884128693,
      0.6717790341184985,
      0.6559815325083271,
      0.6369448357051418,
      0.6278560767250676,
      0.6044244631644218,
      0.5947093040712418,
      0.5882471559509155,
      0.580608156900252,
      0.5733319684382407,
      0.562748259113681,
      0.5720296559795257
    ],
    "train_accs": [
      14.436885865457294,
      35.44973544973545,
      46.981967390130656,
      54.23820321779505,
      59.583198358708565,
      63.28690206241227,
      66.09437425763956,
      68.69668502321564,
      70.62952164992981,
      72.33560090702947,
      73.66375121477162,
      74.82993197278911,
      75.60738581146744,
      76.21207213043948,
      77.24867724867725,
      77.2378792786956,
      78.70640319619912,
      78.8035849260339,
      79.375877335061,
      79.5702407947306
    ],
    "val_accs": [
      41.078629032258064,
      54.73790322580645,
      63.256048387096776,
      67.43951612903226,
      69.80846774193549,
      71.47177419354838,
      74.19354838709677,
      75.15120967741936,
      76.15927419354838,
      76.71370967741936,
      77.62096774193549,
      76.61290322580645,
      77.11693548387096,
      78.17540322580645,
      79.13306451612904,
      78.72983870967742,
      79.3850806451613,
      79.3850806451613,
      79.53629032258064,
      79.6875
    ],
    "val_macro_f1s": [
      0.3187578382609367,
      0.5019072526795334,
      0.6200251194115703,
      0.6595221800157004,
      0.6904548607170161,
      0.7116478141209063,
      0.7380684334968599,
      0.7492284986435955,
      0.7585536269330561,
      0.7654598679828661,
      0.7763201171565752,
      0.7640191703695942,
      0.7695759939530967,
      0.7812512641900619,
      0.7904879489934328,
      0.7866775136403273,
      0.7935303990839003,
      0.7935217338520422,
      0.7950164534796426,
      0.797877701957334
    ],
    "learning_rates": [
      4.995066821070679e-05,
      4.980286753286195e-05,
      4.955718126821722e-05,
      4.9214579028215776e-05,
      4.877641290737884e-05,
      4.8244412147206284e-05,
      4.762067631165049e-05,
      4.6907667001096584e-05,
      4.610819813755037e-05,
      4.5225424859373677e-05,
      4.426283106939472e-05,
      4.322421568553528e-05,
      4.211367764821721e-05,
      4.0935599743717234e-05,
      3.969463130731183e-05,
      3.839566987447491e-05,
      3.7043841852542874e-05,
      3.564448228912681e-05,
      3.420311381711694e-05,
      3.272542485937368e-05
    ]
  },
  "data_split_info": {
    "train_size": 9261,
    "val_size": 1984,
    "test_size": 1985
  }
}