{
  "experiment_id": "seed_48",
  "seed_value": 48,
  "seed_index": 6,
  "timestamp": "2026-05-22T10:44:10.202368",
  "configuration": {
    "learning_rate": 5e-05,
    "batch_size": 32,
    "early_stopping_patience": 5,
    "dropout": 0.5,
    "weight_decay": 0.0001,
    "max_epochs": 20,
    "model_init_seed": 42,
    "data_split_seed": 48,
    "dataset_size": "100% (full dataset)"
  },
  "training_info": {
    "total_epochs": 20,
    "best_epoch": 20,
    "early_stopped": false,
    "total_time_minutes": 17.677766637007394
  },
  "validation_metrics": {
    "best_val_macro_f1": 0.8165236082050829,
    "best_val_accuracy": 81.75403225806451,
    "best_val_loss": 0.522946204148954,
    "final_val_macro_f1": 0.8165236082050829,
    "final_val_accuracy": 81.75403225806451,
    "final_val_loss": 0.5371044321406272
  },
  "test_metrics": {
    "test_macro_f1": 0.8029131449508687,
    "test_accuracy": 80.45340050377834,
    "test_loss": 0.5400313781130881,
    "report": {
      "conservative": {
        "precision": 0.7555555555555555,
        "recall": 0.7338129496402878,
        "f1-score": 0.7445255474452555,
        "support": 139.0
      },
      "dressy": {
        "precision": 0.9565217391304348,
        "recall": 0.9777777777777777,
        "f1-score": 0.967032967032967,
        "support": 135.0
      },
      "ethnic": {
        "precision": 0.8394160583941606,
        "recall": 0.8914728682170543,
        "f1-score": 0.8646616541353384,
        "support": 129.0
      },
      "fairy": {
        "precision": 0.8364779874213837,
        "recall": 0.9236111111111112,
        "f1-score": 0.8778877887788779,
        "support": 144.0
      },
      "feminine": {
        "precision": 0.7049180327868853,
        "recall": 0.7049180327868853,
        "f1-score": 0.7049180327868853,
        "support": 122.0
      },
      "gal": {
        "precision": 0.8805970149253731,
        "recall": 0.8251748251748252,
        "f1-score": 0.851985559566787,
        "support": 143.0
      },
      "girlish": {
        "precision": 0.7019867549668874,
        "recall": 0.6385542168674698,
        "f1-score": 0.668769716088328,
        "support": 166.0
      },
      "kireime-casual": {
        "precision": 0.75,
        "recall": 0.5506329113924051,
        "f1-score": 0.635036496350365,
        "support": 158.0
      },
      "lolita": {
        "precision": 0.9367088607594937,
        "recall": 0.925,
        "f1-score": 0.9308176100628931,
        "support": 160.0
      },
      "mode": {
        "precision": 0.8106060606060606,
        "recall": 0.6729559748427673,
        "f1-score": 0.7353951890034365,
        "support": 159.0
      },
      "natural": {
        "precision": 0.7169811320754716,
        "recall": 0.8837209302325582,
        "f1-score": 0.7916666666666666,
        "support": 129.0
      },
      "retro": {
        "precision": 0.7851851851851852,
        "recall": 0.8346456692913385,
        "f1-score": 0.8091603053435115,
        "support": 127.0
      },
      "rock": {
        "precision": 0.7172413793103448,
        "recall": 0.859504132231405,
        "f1-score": 0.7819548872180451,
        "support": 121.0
      },
      "street": {
        "precision": 0.8475609756097561,
        "recall": 0.9084967320261438,
        "f1-score": 0.8769716088328076,
        "support": 153.0
      },
      "accuracy": 0.8045340050377834,
      "macro avg": {
        "precision": 0.8028397669090709,
        "recall": 0.8093055808280022,
        "f1-score": 0.8029131449508687,
        "support": 1985.0
      },
      "weighted avg": {
        "precision": 0.804673670158272,
        "recall": 0.8045340050377834,
        "f1-score": 0.8013709722262302,
        "support": 1985.0
      }
    }
  },
  "overfitting_analysis": {
    "overfitting_detected": false,
    "best_val_loss": 0.522946204148954,
    "val_loss_after_best": 0.5371044321406272,
    "increase_percentage": 0.0,
    "train_val_gap": 0.07703787529627659
  },
  "training_curves": {
    "train_losses": [
      2.573134724025069,
      1.9113938446702627,
      1.541790510868204,
      1.3278533323057766,
      1.1705879579330314,
      1.0726769504875973,
      0.9883295486713278,
      0.910697694071408,
      0.8666656085129442,
      0.8051553908093222,
      0.7821690186344344,
      0.7490039669234178,
      0.7310562342405319,
      0.6966631034324909,
      0.6666105826353205,
      0.6514009171518786,
      0.64922727233377,
      0.6279156582622692,
      0.6050583986886616,
      0.5999840794452306
    ],
    "val_losses": [
      2.248873056903962,
      1.4033388187808375,
      1.1541273699652763,
      0.9741378686120433,
      0.8521369830254586,
      0.7725064932338653,
      0.7242371425513299,
      0.6658562950549587,
      0.6343608176515948,
      0.6128782894342176,
      0.6068595753562066,
      0.5857066300607496,
      0.5757588994118475,
      0.5541944273056523,
      0.5522891355137671,
      0.5461301039303502,
      0.5440934970974922,
      0.5399554761186722,
      0.522946204148954,
      0.5371044321406272
    ],
    "train_accs": [
      14.793218874851528,
      34.73706943094698,
      44.1097073750135,
      53.072022459777564,
      59.36723895907569,
      62.15311521433971,
      65.86761688802505,
      68.61030126336249,
      69.70089623150848,
      72.48677248677248,
      73.0590648957996,
      74.57078069322968,
      74.80833603282584,
      76.28765792031098,
      76.95713205917288,
      77.982939207429,
      78.02613108735558,
      78.79278695605227,
      79.7969981643451,
      79.84019004427168
    ],
    "val_accs": [
      41.229838709677416,
      54.788306451612904,
      62.19758064516129,
      68.09475806451613,
      71.9758064516129,
      74.34475806451613,
      75.45362903225806,
      76.91532258064517,
      78.27620967741936,
      78.88104838709677,
      79.63709677419355,
      79.3850806451613,
      80.24193548387096,
      80.64516129032258,
      81.25,
      80.89717741935483,
      81.45161290322581,
      80.79637096774194,
      81.19959677419355,
      81.75403225806451
    ],
    "val_macro_f1s": [
      0.33441484744676886,
      0.4886849481009273,
      0.5971106699716068,
      0.6611311671141865,
      0.7080588223769663,
      0.7393034692542908,
      0.7520903789766454,
      0.7671747830416438,
      0.7800243901939863,
      0.7870816790971357,
      0.7960951529234422,
      0.7931090387769084,
      0.8017107068476524,
      0.8061848379473114,
      0.8119934011523117,
      0.8080088111128337,
      0.8137102948706392,
      0.807787562517664,
      0.8109222579447722,
      0.8165236082050829
    ],
    "learning_rates": [
      4.995066821070679e-05,
      4.980286753286195e-05,
      4.955718126821722e-05,
      4.9214579028215776e-05,
      4.877641290737884e-05,
      4.8244412147206284e-05,
      4.762067631165049e-05,
      4.6907667001096584e-05,
      4.610819813755037e-05,
      4.5225424859373677e-05,
      4.426283106939472e-05,
      4.322421568553528e-05,
      4.211367764821721e-05,
      4.0935599743717234e-05,
      3.969463130731183e-05,
      3.839566987447491e-05,
      3.7043841852542874e-05,
      3.564448228912681e-05,
      3.420311381711694e-05,
      3.272542485937368e-05
    ]
  },
  "data_split_info": {
    "train_size": 9261,
    "val_size": 1984,
    "test_size": 1985
  }
}