{
  "experiment_id": "seed_288",
  "seed_value": 288,
  "seed_index": 10,
  "timestamp": "2026-05-23T00:54:52.172880",
  "configuration": {
    "learning_rate": 5e-05,
    "batch_size": 32,
    "early_stopping_patience": 5,
    "dropout": 0.5,
    "weight_decay": 0.0001,
    "max_epochs": 20,
    "model_init_seed": 42,
    "data_split_seed": 288,
    "dataset_size": "100% (full dataset)"
  },
  "training_info": {
    "total_epochs": 20,
    "best_epoch": 19,
    "early_stopped": false,
    "total_time_minutes": 16.961881335576376
  },
  "validation_metrics": {
    "best_val_macro_f1": 0.8080804521560055,
    "best_val_accuracy": 81.04838709677419,
    "best_val_loss": 0.5448784849816753,
    "final_val_macro_f1": 0.80663241600287,
    "final_val_accuracy": 80.79637096774194,
    "final_val_loss": 0.5448784849816753
  },
  "test_metrics": {
    "test_macro_f1": 0.8005264013681729,
    "test_accuracy": 80.10075566750629,
    "test_loss": 0.5316147018992712,
    "report": {
      "conservative": {
        "precision": 0.7302631578947368,
        "recall": 0.7985611510791367,
        "f1-score": 0.7628865979381443,
        "support": 139.0
      },
      "dressy": {
        "precision": 0.9285714285714286,
        "recall": 0.9629629629629629,
        "f1-score": 0.9454545454545454,
        "support": 135.0
      },
      "ethnic": {
        "precision": 0.8085106382978723,
        "recall": 0.8837209302325582,
        "f1-score": 0.8444444444444444,
        "support": 129.0
      },
      "fairy": {
        "precision": 0.9148936170212766,
        "recall": 0.8958333333333334,
        "f1-score": 0.9052631578947369,
        "support": 144.0
      },
      "feminine": {
        "precision": 0.743801652892562,
        "recall": 0.7377049180327869,
        "f1-score": 0.7407407407407407,
        "support": 122.0
      },
      "gal": {
        "precision": 0.7908496732026143,
        "recall": 0.8461538461538461,
        "f1-score": 0.8175675675675675,
        "support": 143.0
      },
      "girlish": {
        "precision": 0.7364341085271318,
        "recall": 0.572289156626506,
        "f1-score": 0.6440677966101694,
        "support": 166.0
      },
      "kireime-casual": {
        "precision": 0.6875,
        "recall": 0.6265822784810127,
        "f1-score": 0.6556291390728477,
        "support": 158.0
      },
      "lolita": {
        "precision": 0.9308176100628931,
        "recall": 0.925,
        "f1-score": 0.9278996865203761,
        "support": 160.0
      },
      "mode": {
        "precision": 0.7985074626865671,
        "recall": 0.6729559748427673,
        "f1-score": 0.7303754266211604,
        "support": 159.0
      },
      "natural": {
        "precision": 0.7070063694267515,
        "recall": 0.8604651162790697,
        "f1-score": 0.7762237762237763,
        "support": 129.0
      },
      "retro": {
        "precision": 0.8660714285714286,
        "recall": 0.7637795275590551,
        "f1-score": 0.8117154811715481,
        "support": 127.0
      },
      "rock": {
        "precision": 0.7285714285714285,
        "recall": 0.8429752066115702,
        "f1-score": 0.7816091954022989,
        "support": 121.0
      },
      "street": {
        "precision": 0.8395061728395061,
        "recall": 0.8888888888888888,
        "f1-score": 0.8634920634920635,
        "support": 153.0
      },
      "accuracy": 0.801007556675063,
      "macro avg": {
        "precision": 0.8008074820404427,
        "recall": 0.8055623779345353,
        "f1-score": 0.8005264013681729,
        "support": 1985.0
      },
      "weighted avg": {
        "precision": 0.8016647992422203,
        "recall": 0.801007556675063,
        "f1-score": 0.7986193419843395,
        "support": 1985.0
      }
    }
  },
  "overfitting_analysis": {
    "overfitting_detected": false,
    "best_val_loss": 0.5448784849816753,
    "val_loss_after_best": 0.5448784849816753,
    "increase_percentage": 0.0,
    "train_val_gap": 0.057045672315113705
  },
  "training_curves": {
    "train_losses": [
      2.57372761019345,
      1.9168155102894224,
      1.5263075651793645,
      1.3329733947227742,
      1.1502817632823155,
      1.0508674625692696,
      0.9664426980347469,
      0.9072336644961916,
      0.8453044044560399,
      0.8067124303044944,
      0.7713065595462405,
      0.7339412612134013,
      0.7137138774682735,
      0.6872306615114212,
      0.6624533475473009,
      0.6442911727675076,
      0.6243058635756887,
      0.6099755341636723,
      0.601924157296789,
      0.5828479005344983
    ],
    "val_losses": [
      2.2619758652102564,
      1.3943270848643394,
      1.1546321905428363,
      0.9629812711669553,
      0.8489999578845117,
      0.8332834041887714,
      0.7313169106360404,
      0.6834134050915318,
      0.6626327580982639,
      0.6427562558843244,
      0.6165612099632141,
      0.6135798517254091,
      0.5905425041433303,
      0.5787832232252244,
      0.575420243124808,
      0.5675670836241015,
      0.5551973151103142,
      0.5601711542375626,
      0.550175822069568,
      0.5448784849816753
    ],
    "train_accs": [
      14.728431054961668,
      35.438937479753804,
      45.52424144260879,
      52.931648850016195,
      59.95032933808444,
      63.1465284526509,
      65.8568189180434,
      68.53471547349099,
      70.85627901954433,
      72.41118669690098,
      73.7069430946982,
      74.8731238527157,
      75.5210020516143,
      76.14728431054962,
      77.32426303854875,
      77.88575747759421,
      78.22049454702515,
      79.34348342511608,
      79.95896771406976,
      80.62844185293164
    ],
    "val_accs": [
      39.61693548387097,
      54.63709677419355,
      62.80241935483871,
      69.75806451612904,
      72.83266129032258,
      70.96774193548387,
      75.60483870967742,
      76.10887096774194,
      77.26814516129032,
      78.62903225806451,
      78.17540322580645,
      78.88104838709677,
      78.78024193548387,
      79.28427419354838,
      79.13306451612904,
      80.44354838709677,
      80.49395161290323,
      79.6875,
      81.04838709677419,
      80.79637096774194
    ],
    "val_macro_f1s": [
      0.36499638045413013,
      0.49532819654504184,
      0.6043260855071598,
      0.6900687863966313,
      0.721239435893367,
      0.7086330435166828,
      0.7553216393377987,
      0.7615804540365446,
      0.771063976320698,
      0.7848631170433885,
      0.7811980273094123,
      0.7876191965365351,
      0.7859295539648458,
      0.7914869837582749,
      0.7903862728164117,
      0.8041936433139792,
      0.804626790729017,
      0.7966437252168219,
      0.8080804521560055,
      0.80663241600287
    ],
    "learning_rates": [
      4.995066821070679e-05,
      4.980286753286195e-05,
      4.955718126821722e-05,
      4.9214579028215776e-05,
      4.877641290737884e-05,
      4.8244412147206284e-05,
      4.762067631165049e-05,
      4.6907667001096584e-05,
      4.610819813755037e-05,
      4.5225424859373677e-05,
      4.426283106939472e-05,
      4.322421568553528e-05,
      4.211367764821721e-05,
      4.0935599743717234e-05,
      3.969463130731183e-05,
      3.839566987447491e-05,
      3.7043841852542874e-05,
      3.564448228912681e-05,
      3.420311381711694e-05,
      3.272542485937368e-05
    ]
  },
  "data_split_info": {
    "train_size": 9261,
    "val_size": 1984,
    "test_size": 1985
  }
}