{
  "experiment_id": "seed_328",
  "seed_value": 328,
  "seed_index": 3,
  "timestamp": "2026-05-22T22:54:54.220383",
  "configuration": {
    "learning_rate": 5e-05,
    "batch_size": 32,
    "early_stopping_patience": 5,
    "dropout": 0.5,
    "weight_decay": 0.0001,
    "max_epochs": 20,
    "model_init_seed": 42,
    "data_split_seed": 328,
    "dataset_size": "100% (full dataset)"
  },
  "training_info": {
    "total_epochs": 20,
    "best_epoch": 20,
    "early_stopped": false,
    "total_time_minutes": 17.09913943608602
  },
  "validation_metrics": {
    "best_val_macro_f1": 0.8201404283721258,
    "best_val_accuracy": 82.00604838709677,
    "best_val_loss": 0.5155773155631558,
    "final_val_macro_f1": 0.8201404283721258,
    "final_val_accuracy": 82.00604838709677,
    "final_val_loss": 0.5155773155631558
  },
  "test_metrics": {
    "test_macro_f1": 0.8166463234017367,
    "test_accuracy": 81.71284634760706,
    "test_loss": 0.522862094498816,
    "report": {
      "conservative": {
        "precision": 0.7642857142857142,
        "recall": 0.7697841726618705,
        "f1-score": 0.7670250896057348,
        "support": 139.0
      },
      "dressy": {
        "precision": 0.9708029197080292,
        "recall": 0.9851851851851852,
        "f1-score": 0.9779411764705882,
        "support": 135.0
      },
      "ethnic": {
        "precision": 0.8721804511278195,
        "recall": 0.8992248062015504,
        "f1-score": 0.8854961832061069,
        "support": 129.0
      },
      "fairy": {
        "precision": 0.8823529411764706,
        "recall": 0.9375,
        "f1-score": 0.9090909090909091,
        "support": 144.0
      },
      "feminine": {
        "precision": 0.7565217391304347,
        "recall": 0.7131147540983607,
        "f1-score": 0.7341772151898734,
        "support": 122.0
      },
      "gal": {
        "precision": 0.8741258741258742,
        "recall": 0.8741258741258742,
        "f1-score": 0.8741258741258742,
        "support": 143.0
      },
      "girlish": {
        "precision": 0.7575757575757576,
        "recall": 0.6024096385542169,
        "f1-score": 0.6711409395973155,
        "support": 166.0
      },
      "kireime-casual": {
        "precision": 0.7103448275862069,
        "recall": 0.6518987341772152,
        "f1-score": 0.6798679867986799,
        "support": 158.0
      },
      "lolita": {
        "precision": 0.9664429530201343,
        "recall": 0.9,
        "f1-score": 0.9320388349514563,
        "support": 160.0
      },
      "mode": {
        "precision": 0.8053691275167785,
        "recall": 0.7547169811320755,
        "f1-score": 0.7792207792207793,
        "support": 159.0
      },
      "natural": {
        "precision": 0.6987951807228916,
        "recall": 0.8992248062015504,
        "f1-score": 0.7864406779661017,
        "support": 129.0
      },
      "retro": {
        "precision": 0.8205128205128205,
        "recall": 0.7559055118110236,
        "f1-score": 0.7868852459016393,
        "support": 127.0
      },
      "rock": {
        "precision": 0.6883116883116883,
        "recall": 0.8760330578512396,
        "f1-score": 0.7709090909090909,
        "support": 121.0
      },
      "street": {
        "precision": 0.881578947368421,
        "recall": 0.8758169934640523,
        "f1-score": 0.8786885245901639,
        "support": 153.0
      },
      "accuracy": 0.8171284634760705,
      "macro avg": {
        "precision": 0.8178000672977888,
        "recall": 0.8210671796760155,
        "f1-score": 0.8166463234017367,
        "support": 1985.0
      },
      "weighted avg": {
        "precision": 0.8198254329325749,
        "recall": 0.8171284634760705,
        "f1-score": 0.8157691377328375,
        "support": 1985.0
      }
    }
  },
  "overfitting_analysis": {
    "overfitting_detected": false,
    "best_val_loss": 0.5155773155631558,
    "val_loss_after_best": 0.5155773155631558,
    "increase_percentage": 0.0,
    "train_val_gap": 0.057123402893145436
  },
  "training_curves": {
    "train_losses": [
      2.574347768158748,
      1.927491491416405,
      1.5103140707673697,
      1.277077858406922,
      1.1337620663231818,
      1.0457032061856368,
      0.9553651424317524,
      0.8848799806216667,
      0.8431993693113327,
      0.79145548662235,
      0.752251409662181,
      0.712503349883803,
      0.7072979245720239,
      0.6859991375742287,
      0.6659715377051255,
      0.6404200801561619,
      0.6323529607263104,
      0.6151986512644537,
      0.5980177195935413,
      0.5727007184563012
    ],
    "val_losses": [
      2.2687802007121425,
      1.4284200456834608,
      1.1341208382960288,
      0.9577705610182977,
      0.8776354645529101,
      0.7805035239265811,
      0.7190882231919996,
      0.7171515774342322,
      0.6554703183712498,
      0.6093587163955935,
      0.5858701981844441,
      0.5818287658114587,
      0.5572741317652887,
      0.5615764289133011,
      0.5435281929469877,
      0.533531520635851,
      0.5432557268969475,
      0.5214906212302947,
      0.5270447615654238,
      0.5155773155631558
    ],
    "train_accs": [
      14.60965338516359,
      34.31594860166289,
      46.63643235071807,
      54.30299103768492,
      59.92873339812115,
      63.351689882302125,
      66.63427275672174,
      69.0854119425548,
      70.83468307958104,
      72.74592376633193,
      73.98769031422093,
      75.85573912104525,
      76.02850664075154,
      76.76276859950329,
      77.51862649821834,
      78.42565597667638,
      78.70640319619912,
      79.60263470467552,
      79.67822049454702,
      80.77961343267465
    ],
    "val_accs": [
      34.778225806451616,
      54.33467741935484,
      64.66733870967742,
      69.35483870967742,
      70.76612903225806,
      73.94153225806451,
      75.95766129032258,
      75.55443548387096,
      77.41935483870968,
      79.08266129032258,
      79.73790322580645,
      79.18346774193549,
      80.59475806451613,
      80.34274193548387,
      80.69556451612904,
      81.80443548387096,
      81.04838709677419,
      81.80443548387096,
      81.50201612903226,
      82.00604838709677
    ],
    "val_macro_f1s": [
      0.24504781640122483,
      0.499314384682438,
      0.6348641291012086,
      0.6873330667200731,
      0.7032476987815128,
      0.7356037295857981,
      0.7582669954860234,
      0.7552929351339092,
      0.7736328107880329,
      0.7896604281110211,
      0.7965230865205543,
      0.791465076644682,
      0.8066308583608455,
      0.8028003650123422,
      0.8067972127365396,
      0.8178180936975317,
      0.8073021008920431,
      0.8181592727692947,
      0.8135367487141708,
      0.8201404283721258
    ],
    "learning_rates": [
      4.995066821070679e-05,
      4.980286753286195e-05,
      4.955718126821722e-05,
      4.9214579028215776e-05,
      4.877641290737884e-05,
      4.8244412147206284e-05,
      4.762067631165049e-05,
      4.6907667001096584e-05,
      4.610819813755037e-05,
      4.5225424859373677e-05,
      4.426283106939472e-05,
      4.322421568553528e-05,
      4.211367764821721e-05,
      4.0935599743717234e-05,
      3.969463130731183e-05,
      3.839566987447491e-05,
      3.7043841852542874e-05,
      3.564448228912681e-05,
      3.420311381711694e-05,
      3.272542485937368e-05
    ]
  },
  "data_split_info": {
    "train_size": 9261,
    "val_size": 1984,
    "test_size": 1985
  }
}