{
  "train_loss": [
    1.6370104286806806,
    0.9278067987811813,
    0.6204460552896801,
    0.4567216869353423,
    0.3363050317784907,
    0.26503340389489305,
    0.20403588757847008,
    0.2022942076968899,
    0.1680788820461212,
    0.1448283233135217
  ],
  "val_loss": [
    0.881553000325993,
    0.7060463186710562,
    0.7654951344705614,
    1.010997615837305,
    0.8870081872078773,
    1.078256789177626,
    1.105093035760489,
    1.156458043546898,
    0.9550789792530472,
    1.1837509411615512
  ],
  "val_macro_f1": [
    0.7226221890753403,
    0.7687603169657837,
    0.7692146385326033,
    0.7309884351380805,
    0.7709473545207824,
    0.7526998371907491,
    0.7561018603096256,
    0.7609796235086337,
    0.7549766788956598,
    0.7549719225849378
  ],
  "train_acc": [
    0.4665873702422145,
    0.7173442906574394,
    0.8199610726643599,
    0.8700259515570934,
    0.9085207612456747,
    0.9282006920415224,
    0.9463667820069204,
    0.9473399653979239,
    0.9564230103806228,
    0.9607482698961938
  ],
  "val_acc": [
    0.7240161453077699,
    0.7674066599394551,
    0.7699293642785066,
    0.7315842583249244,
    0.7704339051463168,
    0.7467204843592331,
    0.7542885973763875,
    0.7552976791120081,
    0.7532795156407669,
    0.7558022199798183
  ]
}