{
  "train_loss": [
    1.6677194895113217,
    0.9344850904517726,
    0.6137784231956854,
    0.448163763255809,
    0.3080159193839375,
    0.236199716421869,
    0.21251129280376188,
    0.18355754652031564
  ],
  "val_loss": [
    0.8499584274984874,
    0.8244916253566261,
    0.6941581402128086,
    0.8735968957755689,
    0.8230812601918048,
    1.053146156545364,
    1.0660288170295815,
    1.0454394499180175
  ],
  "val_macro_f1": [
    0.7333000777238852,
    0.732083629877219,
    0.785687716304233,
    0.7569577531933351,
    0.7745306865965043,
    0.7536712581089453,
    0.773670461661108,
    0.7702228188045679
  ],
  "train_acc": [
    0.46355968858131485,
    0.7120458477508651,
    0.8217993079584776,
    0.8743512110726643,
    0.9125216262975778,
    0.936310553633218,
    0.9429065743944637,
    0.9510164359861591
  ],
  "val_acc": [
    0.7330978809283552,
    0.7305751765893037,
    0.784561049445005,
    0.7623612512613521,
    0.7744702320887992,
    0.7563067608476287,
    0.7714429868819375,
    0.7679112008072654
  ]
}