{
  "train_loss": [
    1.6740719677048983,
    0.9150559878344148,
    0.6096779007761124,
    0.4473177302873671,
    0.30398968272040044,
    0.27683647493847924,
    0.22661725795186516,
    0.2032839403097811,
    0.1473155363646552
  ],
  "val_loss": [
    0.9964399173870818,
    0.8153352002443146,
    1.0473829506624839,
    0.7085992649393053,
    0.8768478228995346,
    0.9979074557060912,
    1.1323285464321449,
    1.1636869610859575,
    1.3385977541161354
  ],
  "val_macro_f1": [
    0.690556133963523,
    0.7436585270038109,
    0.6994477036712031,
    0.7838887065194484,
    0.7778825614388447,
    0.7583347146766968,
    0.7331548518790638,
    0.7580223468124443,
    0.7449270096252649
  ],
  "train_acc": [
    0.4622621107266436,
    0.7225346020761245,
    0.8273140138408305,
    0.8686202422145328,
    0.9203070934256056,
    0.9250648788927336,
    0.9409602076124568,
    0.9466911764705882,
    0.964424740484429
  ],
  "val_acc": [
    0.6907164480322906,
    0.743188698284561,
    0.7043390514631686,
    0.7800201816347124,
    0.7759838546922301,
    0.7573158425832492,
    0.7315842583249244,
    0.7598385469223007,
    0.7421796165489405
  ]
}