{
  "train_loss": [
    1.9121535562726453,
    0.9284074320925149,
    0.4834546448347065,
    0.23519316240887328,
    0.14479686767120675,
    0.08640018895680929,
    0.06461852235932251,
    0.057697249028612584,
    0.043914555420512556,
    0.05663805451102323,
    0.041564578171110485,
    0.04728145368887066
  ],
  "val_loss": [
    1.0094406165701348,
    0.6937718106326615,
    0.6733650885725359,
    0.7348801876774469,
    0.8289998422116492,
    0.9465537942141505,
    0.8827216800839821,
    1.0074338184596312,
    1.067497710166377,
    1.178250678372311,
    1.358156620433665,
    1.22389829976768
  ],
  "val_macro_f1": [
    0.7220121369482698,
    0.7804580811162654,
    0.787397202947003,
    0.7975558519978739,
    0.8066535922207215,
    0.8020939043201387,
    0.8181097873736765,
    0.803313506252057,
    0.8048533933645585,
    0.7982031708594913,
    0.7722543454483664,
    0.7935387999974678
  ],
  "train_acc": [
    0.38483996539792387,
    0.7168036332179931,
    0.8620242214532872,
    0.9438797577854672,
    0.9695069204152249,
    0.9819420415224913,
    0.9871323529411765,
    0.9875648788927336,
    0.9915657439446367,
    0.9865916955017301,
    0.9901600346020761,
    0.9886461937716263
  ],
  "val_acc": [
    0.7260343087790111,
    0.781029263370333,
    0.7835519677093845,
    0.7991927346115035,
    0.8037336024217961,
    0.8022199798183652,
    0.8153380423814329,
    0.8012108980827447,
    0.8062563067608476,
    0.8002018163471241,
    0.7800201816347124,
    0.7926337033299697
  ]
}