{
  "train_loss": [
    1.6412042342255273,
    0.9056722087637363,
    0.5962400465017784,
    0.42485844195662487,
    0.2995573682613851,
    0.26054815184905045,
    0.2092584966066387,
    0.18309107088970478,
    0.1976505694685304,
    0.13119576941002611,
    0.12888909376203808,
    0.12924414762266778,
    0.1234031977280201,
    0.10056988833066088
  ],
  "val_loss": [
    0.8899789246853618,
    0.7935686563747802,
    0.8480364851405474,
    0.872451807397646,
    1.050755555947301,
    1.1001970128623315,
    1.0365379265651453,
    1.1401171666522079,
    1.0932446060820618,
    1.2162308407840285,
    1.2450635207048217,
    1.211082125001791,
    1.1066751607010512,
    1.3178698261889632
  ],
  "val_macro_f1": [
    0.7199788898941144,
    0.7560231327162864,
    0.733956177565113,
    0.7712649102251259,
    0.7561076303956621,
    0.7517534229669651,
    0.7578331932000427,
    0.7688834816173138,
    0.7790841502286606,
    0.7642554619768014,
    0.757143845844111,
    0.7607095845066433,
    0.7380077021857954,
    0.7614866308449023
  ],
  "train_acc": [
    0.47145328719723184,
    0.7222102076124568,
    0.828719723183391,
    0.8788927335640139,
    0.9174956747404844,
    0.9311202422145328,
    0.9462586505190311,
    0.9512326989619377,
    0.9524221453287197,
    0.9663711072664359,
    0.9661548442906575,
    0.9662629757785467,
    0.970371972318339,
    0.9740484429065744
  ],
  "val_acc": [
    0.7235116044399597,
    0.7578203834510595,
    0.7300706357214934,
    0.7674066599394551,
    0.7542885973763875,
    0.7537840565085772,
    0.7593340060544904,
    0.768920282542886,
    0.777497477295661,
    0.7613521695257316,
    0.7552976791120081,
    0.760343087790111,
    0.739656912209889,
    0.7618567103935419
  ]
}