{
  "experiment_id": "seed_53",
  "seed_value": 53,
  "seed_index": 3,
  "timestamp": "2025-12-29T15:02:20.728905",
  "configuration": {
    "learning_rate": 5e-05,
    "batch_size": 32,
    "early_stopping_patience": 5,
    "dropout": 0.5,
    "weight_decay": 0.0001,
    "max_epochs": 20,
    "model_init_seed": 42,
    "data_split_seed": 53,
    "dataset_size": "100% (full dataset)"
  },
  "training_info": {
    "total_epochs": 20,
    "best_epoch": 18,
    "early_stopped": false,
    "total_time_minutes": 10.07105618317922
  },
  "validation_metrics": {
    "best_val_macro_f1": 0.8027925716603251,
    "best_val_accuracy": 80.44354838709677,
    "best_val_loss": 0.5706995475676752,
    "final_val_macro_f1": 0.8024512653602855,
    "final_val_accuracy": 80.44354838709677,
    "final_val_loss": 0.5706995475676752
  },
  "test_metrics": {
    "test_macro_f1": 0.8074231464420311,
    "test_accuracy": 80.85642317380352,
    "test_loss": 0.5845125407453567,
    "report": {
      "conservative": {
        "precision": 0.7430555555555556,
        "recall": 0.7697841726618705,
        "f1-score": 0.7561837455830389,
        "support": 139.0
      },
      "dressy": {
        "precision": 0.9558823529411765,
        "recall": 0.9629629629629629,
        "f1-score": 0.959409594095941,
        "support": 135.0
      },
      "ethnic": {
        "precision": 0.8524590163934426,
        "recall": 0.8062015503875969,
        "f1-score": 0.8286852589641435,
        "support": 129.0
      },
      "fairy": {
        "precision": 0.9097222222222222,
        "recall": 0.9097222222222222,
        "f1-score": 0.9097222222222222,
        "support": 144.0
      },
      "feminine": {
        "precision": 0.6896551724137931,
        "recall": 0.819672131147541,
        "f1-score": 0.7490636704119851,
        "support": 122.0
      },
      "gal": {
        "precision": 0.7973856209150327,
        "recall": 0.8531468531468531,
        "f1-score": 0.8243243243243243,
        "support": 143.0
      },
      "girlish": {
        "precision": 0.7153846153846154,
        "recall": 0.5602409638554217,
        "f1-score": 0.6283783783783784,
        "support": 166.0
      },
      "kireime-casual": {
        "precision": 0.6568047337278107,
        "recall": 0.7025316455696202,
        "f1-score": 0.6788990825688074,
        "support": 158.0
      },
      "lolita": {
        "precision": 0.9263803680981595,
        "recall": 0.94375,
        "f1-score": 0.934984520123839,
        "support": 160.0
      },
      "mode": {
        "precision": 0.7976190476190477,
        "recall": 0.8427672955974843,
        "f1-score": 0.8195718654434251,
        "support": 159.0
      },
      "natural": {
        "precision": 0.7971014492753623,
        "recall": 0.8527131782945736,
        "f1-score": 0.8239700374531835,
        "support": 129.0
      },
      "retro": {
        "precision": 0.794392523364486,
        "recall": 0.6692913385826772,
        "f1-score": 0.7264957264957265,
        "support": 127.0
      },
      "rock": {
        "precision": 0.8165137614678899,
        "recall": 0.7355371900826446,
        "f1-score": 0.7739130434782608,
        "support": 121.0
      },
      "street": {
        "precision": 0.8789808917197452,
        "recall": 0.9019607843137255,
        "f1-score": 0.8903225806451613,
        "support": 153.0
      },
      "accuracy": 0.8085642317380353,
      "macro avg": {
        "precision": 0.8093812379355958,
        "recall": 0.8093058777732283,
        "f1-score": 0.8074231464420311,
        "support": 1985.0
      },
      "weighted avg": {
        "precision": 0.8090819084906243,
        "recall": 0.8085642317380353,
        "f1-score": 0.8069020762176364,
        "support": 1985.0
      }
    }
  },
  "overfitting_analysis": {
    "overfitting_detected": false,
    "best_val_loss": 0.5706995475676752,
    "val_loss_after_best": 0.5774342739774335,
    "increase_percentage": 1.180082661439247,
    "train_val_gap": 0.16291916742672252
  },
  "training_curves": {
    "train_losses": [
      2.5905965936594995,
      2.2457899632125065,
      1.77873787509984,
      1.5116540645730907,
      1.3295854919943315,
      1.2107308457637656,
      1.1187107735666735,
      1.0419564592427222,
      0.9928707635608213,
      0.9386865389758143,
      0.8953238043291816,
      0.85624234008378,
      0.8338259710320111,
      0.8133989599244348,
      0.7926394452308786,
      0.7730842499897398,
      0.7451917943255655,
      0.7336187149943977,
      0.7220016180441298,
      0.7180534030856758
    ],
    "val_losses": [
      2.457957702298318,
      1.8421057058918862,
      1.425730861002399,
      1.1894457215262997,
      1.0322537191452519,
      0.9244582653045654,
      0.8496427189919257,
      0.7922084158466708,
      0.7495341675896798,
      0.7136722447410706,
      0.6827118863021174,
      0.660124070221378,
      0.642982921292705,
      0.626615519485166,
      0.6155477872779292,
      0.603104351509002,
      0.5914194949211613,
      0.584483441325926,
      0.5774342739774335,
      0.5706995475676752
    ],
    "train_accs": [
      14.976784364539467,
      33.4737069430947,
      43.26746571644531,
      50.642479213907784,
      56.894503833279344,
      59.41043083900227,
      62.54184213367887,
      64.79861785984235,
      66.80704027642803,
      68.94503833279343,
      70.07882518086599,
      71.83889428787388,
      72.49757045675413,
      73.08066083576287,
      73.64215527480833,
      73.69614512471655,
      74.7003563330094,
      74.99190152251377,
      75.78015333117374,
      76.15808228053126
    ],
    "val_accs": [
      45.81653225806452,
      53.024193548387096,
      64.66733870967742,
      70.16129032258064,
      73.58870967741936,
      74.59677419354838,
      76.31048387096774,
      77.36895161290323,
      78.125,
      78.57862903225806,
      79.28427419354838,
      79.3850806451613,
      79.43548387096774,
      79.88911290322581,
      79.48588709677419,
      79.9899193548387,
      80.34274193548387,
      80.44354838709677,
      80.44354838709677,
      80.44354838709677
    ],
    "val_macro_f1s": [
      0.40777533492584617,
      0.47866539026354316,
      0.6227860870348845,
      0.6890270448023365,
      0.7290270596075011,
      0.7408719698784246,
      0.7590383379576408,
      0.7698184023780932,
      0.7787643857408693,
      0.7832267924394907,
      0.7908747281274897,
      0.7918147473099619,
      0.7930921439681812,
      0.7969945967906483,
      0.792581982788591,
      0.7978371098823465,
      0.8018618836355994,
      0.8027925716603251,
      0.8024195437607312,
      0.8024512653602855
    ],
    "learning_rates": [
      4.995066821070679e-05,
      4.980286753286195e-05,
      4.955718126821722e-05,
      4.9214579028215776e-05,
      4.877641290737884e-05,
      4.8244412147206284e-05,
      4.762067631165049e-05,
      4.6907667001096584e-05,
      4.610819813755037e-05,
      4.5225424859373677e-05,
      4.426283106939472e-05,
      4.322421568553528e-05,
      4.211367764821721e-05,
      4.0935599743717234e-05,
      3.969463130731183e-05,
      3.839566987447491e-05,
      3.7043841852542874e-05,
      3.564448228912681e-05,
      3.420311381711694e-05,
      3.272542485937368e-05
    ]
  },
  "data_split_info": {
    "train_size": 9261,
    "val_size": 1984,
    "test_size": 1985
  }
}