{
  "experiment_id": "seed_13",
  "seed_value": 13,
  "seed_index": 1,
  "timestamp": "2025-12-29T14:41:58.299803",
  "configuration": {
    "learning_rate": 5e-05,
    "batch_size": 32,
    "early_stopping_patience": 5,
    "dropout": 0.5,
    "weight_decay": 0.0001,
    "max_epochs": 20,
    "model_init_seed": 42,
    "data_split_seed": 13,
    "dataset_size": "100% (full dataset)"
  },
  "training_info": {
    "total_epochs": 20,
    "best_epoch": 19,
    "early_stopped": false,
    "total_time_minutes": 89.07358088095982
  },
  "validation_metrics": {
    "best_val_macro_f1": 0.8054670690127204,
    "best_val_accuracy": 80.64516129032258,
    "best_val_loss": 0.5660918710693237,
    "final_val_macro_f1": 0.8054358717283829,
    "final_val_accuracy": 80.64516129032258,
    "final_val_loss": 0.5660918710693237
  },
  "test_metrics": {
    "test_macro_f1": 0.8095372298600855,
    "test_accuracy": 81.05793450881612,
    "test_loss": 0.6177714419743371,
    "report": {
      "conservative": {
        "precision": 0.7019867549668874,
        "recall": 0.762589928057554,
        "f1-score": 0.7310344827586207,
        "support": 139.0
      },
      "dressy": {
        "precision": 0.9411764705882353,
        "recall": 0.9481481481481482,
        "f1-score": 0.9446494464944649,
        "support": 135.0
      },
      "ethnic": {
        "precision": 0.8292682926829268,
        "recall": 0.7906976744186046,
        "f1-score": 0.8095238095238095,
        "support": 129.0
      },
      "fairy": {
        "precision": 0.8662420382165605,
        "recall": 0.9444444444444444,
        "f1-score": 0.9036544850498339,
        "support": 144.0
      },
      "feminine": {
        "precision": 0.7377049180327869,
        "recall": 0.7377049180327869,
        "f1-score": 0.7377049180327869,
        "support": 122.0
      },
      "gal": {
        "precision": 0.8456375838926175,
        "recall": 0.8811188811188811,
        "f1-score": 0.863013698630137,
        "support": 143.0
      },
      "girlish": {
        "precision": 0.7559055118110236,
        "recall": 0.5783132530120482,
        "f1-score": 0.6552901023890785,
        "support": 166.0
      },
      "kireime-casual": {
        "precision": 0.7094594594594594,
        "recall": 0.6645569620253164,
        "f1-score": 0.6862745098039216,
        "support": 158.0
      },
      "lolita": {
        "precision": 0.910828025477707,
        "recall": 0.89375,
        "f1-score": 0.9022082018927445,
        "support": 160.0
      },
      "mode": {
        "precision": 0.8012422360248447,
        "recall": 0.8113207547169812,
        "f1-score": 0.80625,
        "support": 159.0
      },
      "natural": {
        "precision": 0.6904761904761905,
        "recall": 0.8992248062015504,
        "f1-score": 0.7811447811447811,
        "support": 129.0
      },
      "retro": {
        "precision": 0.8333333333333334,
        "recall": 0.7480314960629921,
        "f1-score": 0.7883817427385892,
        "support": 127.0
      },
      "rock": {
        "precision": 0.8099173553719008,
        "recall": 0.8099173553719008,
        "f1-score": 0.8099173553719008,
        "support": 121.0
      },
      "street": {
        "precision": 0.9205298013245033,
        "recall": 0.9084967320261438,
        "f1-score": 0.9144736842105263,
        "support": 153.0
      },
      "accuracy": 0.8105793450881612,
      "macro avg": {
        "precision": 0.8109791408327841,
        "recall": 0.8127368109740967,
        "f1-score": 0.8095372298600855,
        "support": 1985.0
      },
      "weighted avg": {
        "precision": 0.8119528216084406,
        "recall": 0.8105793450881612,
        "f1-score": 0.8089019990872504,
        "support": 1985.0
      }
    }
  },
  "overfitting_analysis": {
    "overfitting_detected": false,
    "best_val_loss": 0.5660918710693237,
    "val_loss_after_best": 0.5660918710693237,
    "increase_percentage": 0.0,
    "train_val_gap": 0.1648538468080314
  },
  "training_curves": {
    "train_losses": [
      2.58757793410071,
      2.2230587371464434,
      1.7767160066242875,
      1.511043618465292,
      1.3419347047805785,
      1.2235063160287922,
      1.1229264025030465,
      1.0521243689389064,
      0.9973564657671699,
      0.9400106403334387,
      0.9015073297352626,
      0.8751322450308964,
      0.8395266838114838,
      0.8190443016331771,
      0.7947260269830967,
      0.7753721100503,
      0.7559528227510124,
      0.7375459389439945,
      0.7309457178773551,
      0.7197524493110591
    ],
    "val_losses": [
      2.4480124058261996,
      1.8328874476494328,
      1.4478002152135294,
      1.2075572427242034,
      1.0542313331557858,
      0.9503851129162696,
      0.8663807511329651,
      0.8043805678044597,
      0.7603839780053785,
      0.7229270021761617,
      0.6931279234347805,
      0.6660569387097512,
      0.6466259937132558,
      0.6309414332912814,
      0.6161553446323641,
      0.6037899702787399,
      0.5922803201021687,
      0.5803227905304201,
      0.5725295707102744,
      0.5660918710693237
    ],
    "train_accs": [
      15.36551128387863,
      32.86902062412266,
      43.21347586653709,
      49.84342943526617,
      56.00907029478458,
      59.5939963286902,
      62.68221574344023,
      65.19814274916315,
      66.32113162725408,
      68.36194795378469,
      69.70089623150848,
      70.87787495950761,
      71.76330849800237,
      71.94687398769031,
      73.72853903466148,
      73.71774106467984,
      74.37641723356009,
      75.55339596155923,
      75.11067919231185,
      75.65057769139402
    ],
    "val_accs": [
      42.641129032258064,
      53.78024193548387,
      64.21370967741936,
      68.19556451612904,
      72.1774193548387,
      73.3366935483871,
      74.84879032258064,
      76.10887096774194,
      76.41129032258064,
      77.11693548387096,
      78.2258064516129,
      79.03225806451613,
      79.28427419354838,
      79.18346774193549,
      79.9899193548387,
      79.88911290322581,
      80.49395161290323,
      80.54435483870968,
      80.64516129032258,
      80.64516129032258
    ],
    "val_macro_f1s": [
      0.37570450871819794,
      0.5010345277351193,
      0.6082881584936356,
      0.6654281335813746,
      0.7107034894748346,
      0.723069044760157,
      0.7425841379770344,
      0.7566730974925038,
      0.760545309896347,
      0.7675616371900041,
      0.7795288644748114,
      0.7888937757771126,
      0.7908471681195781,
      0.7901402832086646,
      0.7986450231289028,
      0.7976405155515567,
      0.8040099441026886,
      0.8046608568413856,
      0.8054670690127204,
      0.8054358717283829
    ],
    "learning_rates": [
      4.995066821070679e-05,
      4.980286753286195e-05,
      4.955718126821722e-05,
      4.9214579028215776e-05,
      4.877641290737884e-05,
      4.8244412147206284e-05,
      4.762067631165049e-05,
      4.6907667001096584e-05,
      4.610819813755037e-05,
      4.5225424859373677e-05,
      4.426283106939472e-05,
      4.322421568553528e-05,
      4.211367764821721e-05,
      4.0935599743717234e-05,
      3.969463130731183e-05,
      3.839566987447491e-05,
      3.7043841852542874e-05,
      3.564448228912681e-05,
      3.420311381711694e-05,
      3.272542485937368e-05
    ]
  },
  "data_split_info": {
    "train_size": 9261,
    "val_size": 1984,
    "test_size": 1985
  }
}