{
  "experiment_id": "seed_309",
  "seed_value": 309,
  "seed_index": 4,
  "timestamp": "2025-12-29T15:12:36.615198",
  "configuration": {
    "learning_rate": 5e-05,
    "batch_size": 32,
    "early_stopping_patience": 5,
    "dropout": 0.5,
    "weight_decay": 0.0001,
    "max_epochs": 20,
    "model_init_seed": 42,
    "data_split_seed": 309,
    "dataset_size": "100% (full dataset)"
  },
  "training_info": {
    "total_epochs": 20,
    "best_epoch": 19,
    "early_stopped": false,
    "total_time_minutes": 10.158092812697094
  },
  "validation_metrics": {
    "best_val_macro_f1": 0.8090269907098527,
    "best_val_accuracy": 80.89717741935483,
    "best_val_loss": 0.5895664163174168,
    "final_val_macro_f1": 0.8075971012097268,
    "final_val_accuracy": 80.74596774193549,
    "final_val_loss": 0.5895664163174168
  },
  "test_metrics": {
    "test_macro_f1": 0.8055533427571737,
    "test_accuracy": 80.70528967254408,
    "test_loss": 0.5570947225131686,
    "report": {
      "conservative": {
        "precision": 0.7212121212121212,
        "recall": 0.8561151079136691,
        "f1-score": 0.7828947368421053,
        "support": 139.0
      },
      "dressy": {
        "precision": 0.9424460431654677,
        "recall": 0.9703703703703703,
        "f1-score": 0.9562043795620438,
        "support": 135.0
      },
      "ethnic": {
        "precision": 0.8416666666666667,
        "recall": 0.7829457364341085,
        "f1-score": 0.8112449799196787,
        "support": 129.0
      },
      "fairy": {
        "precision": 0.9285714285714286,
        "recall": 0.9027777777777778,
        "f1-score": 0.9154929577464789,
        "support": 144.0
      },
      "feminine": {
        "precision": 0.7251908396946565,
        "recall": 0.7786885245901639,
        "f1-score": 0.7509881422924901,
        "support": 122.0
      },
      "gal": {
        "precision": 0.82,
        "recall": 0.8601398601398601,
        "f1-score": 0.8395904436860068,
        "support": 143.0
      },
      "girlish": {
        "precision": 0.7310924369747899,
        "recall": 0.5240963855421686,
        "f1-score": 0.6105263157894737,
        "support": 166.0
      },
      "kireime-casual": {
        "precision": 0.6510067114093959,
        "recall": 0.6139240506329114,
        "f1-score": 0.6319218241042345,
        "support": 158.0
      },
      "lolita": {
        "precision": 0.9,
        "recall": 0.95625,
        "f1-score": 0.9272727272727272,
        "support": 160.0
      },
      "mode": {
        "precision": 0.8113207547169812,
        "recall": 0.8113207547169812,
        "f1-score": 0.8113207547169812,
        "support": 159.0
      },
      "natural": {
        "precision": 0.7466666666666667,
        "recall": 0.8682170542635659,
        "f1-score": 0.8028673835125448,
        "support": 129.0
      },
      "retro": {
        "precision": 0.7719298245614035,
        "recall": 0.6929133858267716,
        "f1-score": 0.7302904564315352,
        "support": 127.0
      },
      "rock": {
        "precision": 0.808,
        "recall": 0.8347107438016529,
        "f1-score": 0.8211382113821138,
        "support": 121.0
      },
      "street": {
        "precision": 0.8831168831168831,
        "recall": 0.8888888888888888,
        "f1-score": 0.8859934853420195,
        "support": 153.0
      },
      "accuracy": 0.8070528967254408,
      "macro avg": {
        "precision": 0.8058728840540329,
        "recall": 0.8100970457784922,
        "f1-score": 0.8055533427571737,
        "support": 1985.0
      },
      "weighted avg": {
        "precision": 0.8060260174355355,
        "recall": 0.8070528967254408,
        "f1-score": 0.8039595441115812,
        "support": 1985.0
      }
    }
  },
  "overfitting_analysis": {
    "overfitting_detected": false,
    "best_val_loss": 0.5895664163174168,
    "val_loss_after_best": 0.5895664163174168,
    "increase_percentage": 0.0,
    "train_val_gap": 0.13641415490324427
  },
  "training_curves": {
    "train_losses": [
      2.592521702832189,
      2.244644115300014,
      1.7810511519168986,
      1.5063933586252147,
      1.3319012249338216,
      1.214358156713946,
      1.1137766651038465,
      1.0504250012595078,
      0.9826846727009477,
      0.9350609205920121,
      0.9006005924323509,
      0.8664322173800961,
      0.8369026752381489,
      0.8138898694309695,
      0.8033635525867857,
      0.7648383784910728,
      0.7564706197072719,
      0.7456703150066836,
      0.7259805712206611,
      0.7158338443986301
    ],
    "val_losses": [
      2.4639768100553945,
      1.8658622734008297,
      1.4723786288692104,
      1.2371521995913597,
      1.0822448220945173,
      0.9766822524609104,
      0.8948416729127208,
      0.8384355306625366,
      0.786082504257079,
      0.7518754909115453,
      0.7203155688701137,
      0.6963819318240688,
      0.6735726234412962,
      0.6546644299261032,
      0.6451753834562917,
      0.6302579785546949,
      0.6171009338671162,
      0.6046186853801051,
      0.5958882767346597,
      0.5895664163174168
    ],
    "train_accs": [
      15.106360004319187,
      34.34834251160782,
      42.57639563762013,
      51.171579743008316,
      55.77151495518842,
      59.50761256883706,
      62.76859950329338,
      64.29111327070511,
      67.0985854659324,
      68.57790735341756,
      69.50653277183889,
      70.91026886945254,
      72.13043947737825,
      72.52996436669906,
      73.36140805528561,
      74.29003347370694,
      74.55998272324803,
      74.36561926357845,
      75.82334521110032,
      76.1148904006047
    ],
    "val_accs": [
      45.3125,
      53.98185483870968,
      64.41532258064517,
      69.80846774193549,
      71.7741935483871,
      73.63911290322581,
      75.3024193548387,
      76.2600806451613,
      77.52016129032258,
      78.17540322580645,
      78.98185483870968,
      79.18346774193549,
      79.5866935483871,
      79.63709677419355,
      80.14112903225806,
      80.64516129032258,
      80.79637096774194,
      80.54435483870968,
      80.89717741935483,
      80.74596774193549
    ],
    "val_macro_f1s": [
      0.40250870407381373,
      0.4872009170579921,
      0.6215663899197412,
      0.6860027465548297,
      0.709070476587283,
      0.7307856400073455,
      0.7498208206697147,
      0.7601370920200915,
      0.7737912423649702,
      0.7807779337922133,
      0.7889362108434049,
      0.7906732737768258,
      0.7952138932251893,
      0.7956330962849344,
      0.8011747455526618,
      0.806283630017769,
      0.8075543192058566,
      0.8054313241190689,
      0.8090269907098527,
      0.8075971012097268
    ],
    "learning_rates": [
      4.995066821070679e-05,
      4.980286753286195e-05,
      4.955718126821722e-05,
      4.9214579028215776e-05,
      4.877641290737884e-05,
      4.8244412147206284e-05,
      4.762067631165049e-05,
      4.6907667001096584e-05,
      4.610819813755037e-05,
      4.5225424859373677e-05,
      4.426283106939472e-05,
      4.322421568553528e-05,
      4.211367764821721e-05,
      4.0935599743717234e-05,
      3.969463130731183e-05,
      3.839566987447491e-05,
      3.7043841852542874e-05,
      3.564448228912681e-05,
      3.420311381711694e-05,
      3.272542485937368e-05
    ]
  },
  "data_split_info": {
    "train_size": 9261,
    "val_size": 1984,
    "test_size": 1985
  }
}