{
  "experiment_id": "seed_17",
  "seed_value": 17,
  "seed_index": 2,
  "timestamp": "2025-12-29T14:52:10.360539",
  "configuration": {
    "learning_rate": 5e-05,
    "batch_size": 32,
    "early_stopping_patience": 5,
    "dropout": 0.5,
    "weight_decay": 0.0001,
    "max_epochs": 20,
    "model_init_seed": 42,
    "data_split_seed": 17,
    "dataset_size": "100% (full dataset)"
  },
  "training_info": {
    "total_epochs": 20,
    "best_epoch": 20,
    "early_stopped": false,
    "total_time_minutes": 10.06200027068456
  },
  "validation_metrics": {
    "best_val_macro_f1": 0.8074966387600444,
    "best_val_accuracy": 80.79637096774194,
    "best_val_loss": 0.5795304650260557,
    "final_val_macro_f1": 0.8074966387600444,
    "final_val_accuracy": 80.79637096774194,
    "final_val_loss": 0.5795304650260557
  },
  "test_metrics": {
    "test_macro_f1": 0.8148455719375715,
    "test_accuracy": 81.46095717884131,
    "test_loss": 0.576130967528101,
    "report": {
      "conservative": {
        "precision": 0.7152317880794702,
        "recall": 0.7769784172661871,
        "f1-score": 0.7448275862068966,
        "support": 139.0
      },
      "dressy": {
        "precision": 0.9626865671641791,
        "recall": 0.9555555555555556,
        "f1-score": 0.9591078066914498,
        "support": 135.0
      },
      "ethnic": {
        "precision": 0.8629032258064516,
        "recall": 0.8294573643410853,
        "f1-score": 0.8458498023715415,
        "support": 129.0
      },
      "fairy": {
        "precision": 0.9424460431654677,
        "recall": 0.9097222222222222,
        "f1-score": 0.9257950530035336,
        "support": 144.0
      },
      "feminine": {
        "precision": 0.6842105263157895,
        "recall": 0.7459016393442623,
        "f1-score": 0.7137254901960784,
        "support": 122.0
      },
      "gal": {
        "precision": 0.84,
        "recall": 0.8811188811188811,
        "f1-score": 0.8600682593856656,
        "support": 143.0
      },
      "girlish": {
        "precision": 0.7481481481481481,
        "recall": 0.608433734939759,
        "f1-score": 0.6710963455149501,
        "support": 166.0
      },
      "kireime-casual": {
        "precision": 0.6688741721854304,
        "recall": 0.6392405063291139,
        "f1-score": 0.6537216828478964,
        "support": 158.0
      },
      "lolita": {
        "precision": 0.9202453987730062,
        "recall": 0.9375,
        "f1-score": 0.9287925696594427,
        "support": 160.0
      },
      "mode": {
        "precision": 0.8206896551724138,
        "recall": 0.7484276729559748,
        "f1-score": 0.7828947368421053,
        "support": 159.0
      },
      "natural": {
        "precision": 0.75,
        "recall": 0.8372093023255814,
        "f1-score": 0.7912087912087912,
        "support": 129.0
      },
      "retro": {
        "precision": 0.832,
        "recall": 0.8188976377952756,
        "f1-score": 0.8253968253968254,
        "support": 127.0
      },
      "rock": {
        "precision": 0.796875,
        "recall": 0.8429752066115702,
        "f1-score": 0.8192771084337349,
        "support": 121.0
      },
      "street": {
        "precision": 0.8588957055214724,
        "recall": 0.9150326797385621,
        "f1-score": 0.8860759493670886,
        "support": 153.0
      },
      "accuracy": 0.8146095717884131,
      "macro avg": {
        "precision": 0.8145147307379877,
        "recall": 0.8176036300388594,
        "f1-score": 0.8148455719375715,
        "support": 1985.0
      },
      "weighted avg": {
        "precision": 0.815038228909001,
        "recall": 0.8146095717884131,
        "f1-score": 0.8135388142239025,
        "support": 1985.0
      }
    }
  },
  "overfitting_analysis": {
    "overfitting_detected": false,
    "best_val_loss": 0.5795304650260557,
    "val_loss_after_best": 0.5795304650260557,
    "increase_percentage": 0.0,
    "train_val_gap": 0.12486158194345676
  },
  "training_curves": {
    "train_losses": [
      2.590889100370736,
      2.229498554920328,
      1.7672043594820745,
      1.5075081656719076,
      1.335086769482185,
      1.2083308400778936,
      1.1186963066972535,
      1.042332022765587,
      0.984325334121441,
      0.9416052392844496,
      0.8980987076101632,
      0.8732187417046777,
      0.8513776716487161,
      0.8126932552148556,
      0.7899684174307462,
      0.7624912517851796,
      0.7566444426774979,
      0.7427869868689569,
      0.72664002591166,
      0.7043920469695124
    ],
    "val_losses": [
      2.4566681000494186,
      1.8406310696755686,
      1.4479352120430238,
      1.2246935059947353,
      1.069224149950089,
      0.9649517843800206,
      0.8798975060063023,
      0.824984174582266,
      0.7738188053331068,
      0.7393303172242257,
      0.7077558771256478,
      0.6864141922804617,
      0.6625302366672023,
      0.6467208208576325,
      0.6320150667621244,
      0.6178337710518991,
      0.6048110997484576,
      0.5981435737302226,
      0.5901613495042247,
      0.5795304650260557
    ],
    "train_accs": [
      15.257531584062196,
      34.16477702191988,
      42.824748947197925,
      50.264550264550266,
      56.17103984450923,
      59.809955728323075,
      62.43386243386244,
      65.32771838894288,
      66.74225245653817,
      68.65349314328907,
      69.93845157110464,
      70.68351149983803,
      71.52575315840622,
      72.60555015657056,
      73.7069430946982,
      74.22524565381708,
      74.37641723356009,
      74.37641723356009,
      75.9421228808984,
      76.21207213043948
    ],
    "val_accs": [
      49.84879032258065,
      52.520161290322584,
      64.31451612903226,
      69.90927419354838,
      71.72379032258064,
      73.4375,
      75.1008064516129,
      75.90725806451613,
      77.01612903225806,
      77.36895161290323,
      77.8225806451613,
      78.93145161290323,
      79.08266129032258,
      79.28427419354838,
      79.3850806451613,
      79.3850806451613,
      80.04032258064517,
      79.7883064516129,
      79.88911290322581,
      80.79637096774194
    ],
    "val_macro_f1s": [
      0.43766968540676665,
      0.4760676504633368,
      0.6184302365032437,
      0.6915831544600778,
      0.7090577690049964,
      0.7271710117328479,
      0.7463944569053486,
      0.756848226509516,
      0.768338194926531,
      0.7720344424845221,
      0.7767302367179815,
      0.7883106033775734,
      0.7897663808155657,
      0.7918537062901755,
      0.7929014151204002,
      0.7932245145216322,
      0.79931978949843,
      0.7976544254365636,
      0.7983181566541795,
      0.8074966387600444
    ],
    "learning_rates": [
      4.995066821070679e-05,
      4.980286753286195e-05,
      4.955718126821722e-05,
      4.9214579028215776e-05,
      4.877641290737884e-05,
      4.8244412147206284e-05,
      4.762067631165049e-05,
      4.6907667001096584e-05,
      4.610819813755037e-05,
      4.5225424859373677e-05,
      4.426283106939472e-05,
      4.322421568553528e-05,
      4.211367764821721e-05,
      4.0935599743717234e-05,
      3.969463130731183e-05,
      3.839566987447491e-05,
      3.7043841852542874e-05,
      3.564448228912681e-05,
      3.420311381711694e-05,
      3.272542485937368e-05
    ]
  },
  "data_split_info": {
    "train_size": 9261,
    "val_size": 1984,
    "test_size": 1985
  }
}