{
  "experiment_id": "seed_347",
  "seed_value": 347,
  "seed_index": 5,
  "timestamp": "2025-12-29T15:22:39.377261",
  "configuration": {
    "learning_rate": 5e-05,
    "batch_size": 32,
    "early_stopping_patience": 5,
    "dropout": 0.5,
    "weight_decay": 0.0001,
    "max_epochs": 20,
    "model_init_seed": 42,
    "data_split_seed": 347,
    "dataset_size": "100% (full dataset)"
  },
  "training_info": {
    "total_epochs": 20,
    "best_epoch": 20,
    "early_stopped": false,
    "total_time_minutes": 9.898378932476044
  },
  "validation_metrics": {
    "best_val_macro_f1": 0.8126157969649901,
    "best_val_accuracy": 81.25,
    "best_val_loss": 0.5615781334138685,
    "final_val_macro_f1": 0.8126157969649901,
    "final_val_accuracy": 81.25,
    "final_val_loss": 0.5615781334138685
  },
  "test_metrics": {
    "test_macro_f1": 0.8113946497032296,
    "test_accuracy": 81.20906801007557,
    "test_loss": 0.5776730061523498,
    "report": {
      "conservative": {
        "precision": 0.7243589743589743,
        "recall": 0.8129496402877698,
        "f1-score": 0.7661016949152543,
        "support": 139.0
      },
      "dressy": {
        "precision": 0.9280575539568345,
        "recall": 0.9555555555555556,
        "f1-score": 0.9416058394160584,
        "support": 135.0
      },
      "ethnic": {
        "precision": 0.8859649122807017,
        "recall": 0.7829457364341085,
        "f1-score": 0.831275720164609,
        "support": 129.0
      },
      "fairy": {
        "precision": 0.9300699300699301,
        "recall": 0.9236111111111112,
        "f1-score": 0.926829268292683,
        "support": 144.0
      },
      "feminine": {
        "precision": 0.7352941176470589,
        "recall": 0.819672131147541,
        "f1-score": 0.7751937984496124,
        "support": 122.0
      },
      "gal": {
        "precision": 0.84,
        "recall": 0.8811188811188811,
        "f1-score": 0.8600682593856656,
        "support": 143.0
      },
      "girlish": {
        "precision": 0.7461538461538462,
        "recall": 0.5843373493975904,
        "f1-score": 0.6554054054054054,
        "support": 166.0
      },
      "kireime-casual": {
        "precision": 0.7054794520547946,
        "recall": 0.6518987341772152,
        "f1-score": 0.6776315789473685,
        "support": 158.0
      },
      "lolita": {
        "precision": 0.8809523809523809,
        "recall": 0.925,
        "f1-score": 0.9024390243902439,
        "support": 160.0
      },
      "mode": {
        "precision": 0.7973856209150327,
        "recall": 0.7672955974842768,
        "f1-score": 0.782051282051282,
        "support": 159.0
      },
      "natural": {
        "precision": 0.7096774193548387,
        "recall": 0.8527131782945736,
        "f1-score": 0.7746478873239436,
        "support": 129.0
      },
      "retro": {
        "precision": 0.782608695652174,
        "recall": 0.7086614173228346,
        "f1-score": 0.743801652892562,
        "support": 127.0
      },
      "rock": {
        "precision": 0.7829457364341085,
        "recall": 0.8347107438016529,
        "f1-score": 0.808,
        "support": 121.0
      },
      "street": {
        "precision": 0.9205298013245033,
        "recall": 0.9084967320261438,
        "f1-score": 0.9144736842105263,
        "support": 153.0
      },
      "accuracy": 0.8120906801007557,
      "macro avg": {
        "precision": 0.8121056029396556,
        "recall": 0.8149262005828039,
        "f1-score": 0.8113946497032296,
        "support": 1985.0
      },
      "weighted avg": {
        "precision": 0.8128968588952822,
        "recall": 0.8120906801007557,
        "f1-score": 0.8103479378028721,
        "support": 1985.0
      }
    }
  },
  "overfitting_analysis": {
    "overfitting_detected": false,
    "best_val_loss": 0.5615781334138685,
    "val_loss_after_best": 0.5615781334138685,
    "increase_percentage": 0.0,
    "train_val_gap": 0.15565196993088437
  },
  "training_curves": {
    "train_losses": [
      2.5880532634669335,
      2.23095263900428,
      1.7828981670840034,
      1.5181625140124353,
      1.345615235073813,
      1.218679802787715,
      1.1194891668599227,
      1.0592376489063788,
      0.9963442876421172,
      0.9476748758348925,
      0.8968046276733793,
      0.875821726692134,
      0.8422265362122964,
      0.8247039975791142,
      0.8006688661616425,
      0.7774651811040681,
      0.756980147341202,
      0.7424690959782436,
      0.7243518090453641,
      0.7172301033447529
    ],
    "val_losses": [
      2.448367130371832,
      1.8521200918382215,
      1.4594321135551698,
      1.2248011885150787,
      1.058965052327802,
      0.9487178373721338,
      0.867197920237818,
      0.8073488272005512,
      0.7586380887416101,
      0.7194030068574413,
      0.6886866558944026,
      0.6640705519145534,
      0.6459105947325307,
      0.6327664169573015,
      0.6096886016668812,
      0.5966565806058145,
      0.5872420961818388,
      0.5740040165762748,
      0.565126704112176,
      0.5615781334138685
    ],
    "train_accs": [
      14.825612784796458,
      33.04178814382896,
      43.06230428679408,
      49.71385379548645,
      55.60954540546377,
      59.09728970953461,
      62.52024619371558,
      64.32350718065004,
      66.80704027642803,
      68.14598855415181,
      70.1544109707375,
      70.60792570996652,
      71.32059172875499,
      72.22762120721305,
      73.15624662563438,
      73.29662023539575,
      74.38721520354173,
      74.91631573264226,
      75.7477594212288,
      75.5965878414858
    ],
    "val_accs": [
      46.118951612903224,
      51.86491935483871,
      65.3225806451613,
      70.06048387096774,
      73.58870967741936,
      74.54637096774194,
      75.90725806451613,
      77.06653225806451,
      77.41935483870968,
      78.62903225806451,
      78.93145161290323,
      79.3850806451613,
      79.63709677419355,
      79.33467741935483,
      80.19153225806451,
      80.29233870967742,
      80.74596774193549,
      80.99798387096774,
      81.04838709677419,
      81.25
    ],
    "val_macro_f1s": [
      0.4046251228713821,
      0.45461667364118297,
      0.6337399321970902,
      0.6868910469889737,
      0.7295491467584219,
      0.7413924109931974,
      0.7550228534342363,
      0.7682269848591933,
      0.7718559371186274,
      0.785196451973041,
      0.7884263878602076,
      0.7929264744307114,
      0.7959469687036925,
      0.7933883714811409,
      0.8016276351839825,
      0.8027257675834772,
      0.8075654281731323,
      0.8100748081131582,
      0.8103045896018009,
      0.8126157969649901
    ],
    "learning_rates": [
      4.995066821070679e-05,
      4.980286753286195e-05,
      4.955718126821722e-05,
      4.9214579028215776e-05,
      4.877641290737884e-05,
      4.8244412147206284e-05,
      4.762067631165049e-05,
      4.6907667001096584e-05,
      4.610819813755037e-05,
      4.5225424859373677e-05,
      4.426283106939472e-05,
      4.322421568553528e-05,
      4.211367764821721e-05,
      4.0935599743717234e-05,
      3.969463130731183e-05,
      3.839566987447491e-05,
      3.7043841852542874e-05,
      3.564448228912681e-05,
      3.420311381711694e-05,
      3.272542485937368e-05
    ]
  },
  "data_split_info": {
    "train_size": 9261,
    "val_size": 1984,
    "test_size": 1985
  }
}