{
  "train_loss": [
    1.6508395185623201,
    0.8983172076693043,
    0.6312665573633872,
    0.39481196388808504,
    0.3192670388102119,
    0.2522327488088484,
    0.21709057695158213,
    0.19470225096677002,
    0.14897898641321486,
    0.146235061596731
  ],
  "val_loss": [
    0.8560381570208806,
    0.8062624154249667,
    0.9075127896579315,
    0.9387649396391197,
    0.8466614786719698,
    0.8520732663955265,
    1.078650599892517,
    0.915290138856193,
    1.2720799170036008,
    1.0133905917196158
  ],
  "val_macro_f1": [
    0.731997628282371,
    0.7453481151559743,
    0.7239068598371302,
    0.7600659696239693,
    0.7972365091460665,
    0.7940174412953532,
    0.7663395941003885,
    0.7931788521006535,
    0.7389600246563685,
    0.783473992530833
  ],
  "train_acc": [
    0.46085640138408307,
    0.733023356401384,
    0.8181228373702422,
    0.8883001730103807,
    0.9129541522491349,
    0.9310121107266436,
    0.9457179930795848,
    0.9486375432525952,
    0.96280276816609,
    0.9631271626297578
  ],
  "val_acc": [
    0.7330978809283552,
    0.7472250252270434,
    0.7260343087790111,
    0.7598385469223007,
    0.7976791120080726,
    0.79313824419778,
    0.7699293642785066,
    0.7926337033299697,
    0.7441977800201817,
    0.7830474268415741
  ]
}