{
  "train_loss": [
    1.673564238892707,
    0.9345754890035592,
    0.6185583046614918,
    0.44843685307304754,
    0.3124521134169869,
    0.23145852430004973,
    0.21760684626892363,
    0.1687650808155743,
    0.16587662472547543
  ],
  "val_loss": [
    0.9120034102715108,
    0.8741157168276255,
    0.7747614094545815,
    0.896546549256797,
    1.1020737761907904,
    1.0360932027184293,
    1.1259668652291526,
    1.1710945639672843,
    1.1264763133427436
  ],
  "val_macro_f1": [
    0.7014587343112693,
    0.7178876245688894,
    0.7708853953598014,
    0.7723424866153932,
    0.7424586196871144,
    0.7586725216050575,
    0.7587172710973334,
    0.7580293578781578,
    0.7669672589576528
  ],
  "train_acc": [
    0.4484212802768166,
    0.709666955017301,
    0.8148788927335641,
    0.8726211072664359,
    0.9170631487889274,
    0.9389057093425606,
    0.9409602076124568,
    0.9582612456747405,
    0.9602076124567474
  ],
  "val_acc": [
    0.7003027245206862,
    0.7214934409687185,
    0.7709384460141272,
    0.7729566094853683,
    0.7421796165489405,
    0.756811301715439,
    0.7598385469223007,
    0.7598385469223007,
    0.7658930373360242
  ]
}