{
  "train_loss": [
    1.9415256490344408,
    0.946201299610435,
    0.47284393667349767,
    0.23439215447199385,
    0.12201782705255858,
    0.08980623144127918,
    0.08988194488581902,
    0.05260650821313726,
    0.05126322612527333,
    0.026790323038827175,
    0.03505454956196171,
    0.04713936587054424,
    0.027454733320070385,
    0.021441378343889046,
    0.028646430638731558
  ],
  "val_loss": [
    1.0973689497178787,
    0.6855658231421509,
    0.7088411795623849,
    0.8239046803757353,
    0.8507084571028093,
    0.9443387911851423,
    0.9765510483899583,
    1.0334881465321955,
    1.0067474694713936,
    1.138292829155561,
    1.1524737786452777,
    1.0291583009973906,
    1.1086856468715052,
    1.1701231556150435,
    1.2674207677754576
  ],
  "val_macro_f1": [
    0.6614261577526779,
    0.761632349342387,
    0.7632373880215745,
    0.7695587955505693,
    0.7942735355807058,
    0.7917253277353627,
    0.7946787303641719,
    0.8000485461638435,
    0.8072883688443936,
    0.8150022698971384,
    0.805611165001625,
    0.8142018054584294,
    0.8122889342908347,
    0.8060341083253737,
    0.8025668125726293
  ],
  "train_acc": [
    0.3788927335640138,
    0.7106401384083045,
    0.8685121107266436,
    0.9415008650519031,
    0.9765354671280276,
    0.980211937716263,
    0.9806444636678201,
    0.9896193771626297,
    0.9877811418685121,
    0.9954584775086506,
    0.9928633217993079,
    0.9894031141868512,
    0.99405276816609,
    0.9945934256055363,
    0.9947015570934256
  ],
  "val_acc": [
    0.6745711402623612,
    0.7608476286579213,
    0.763874873864783,
    0.7658930373360242,
    0.79313824419778,
    0.7906155398587286,
    0.7941473259334006,
    0.7991927346115035,
    0.805247225025227,
    0.8097880928355197,
    0.8027245206861756,
    0.8128153380423815,
    0.8092835519677094,
    0.806760847628658,
    0.7996972754793138
  ]
}