metric,mean,std
gpt4o_semantic_mean,4.0428809544786155,0.12243517778851258
gpt4o_style_mean,3.944668165446876,0.11169383995507141
