{
  "caption_condition": "real",
  "test_macro_f1": {
    "metric": "Test Macro F1",
    "mean": 0.8325023253932441,
    "std": 0.007731833539949083,
    "min": 0.8185575633377418,
    "max": 0.8463426373714891,
    "median": 0.8321819315594678,
    "q25": 0.8266873017305375,
    "q75": 0.838575027099851,
    "cv_percent": 0.9287461793331141,
    "ci_95_lower": 0.8295658553481696,
    "ci_95_upper": 0.8354387954383186,
    "n": 30
  },
  "test_accuracy": {
    "metric": "Test Accuracy",
    "mean": 0.8323792948504691,
    "std": 0.0075957568009049105,
    "min": 0.8198789101917255,
    "max": 0.845803842264914,
    "median": 0.8319434864579023,
    "q25": 0.8263667474170006,
    "q75": 0.8394340729094156,
    "cv_percent": 0.9125355289224767,
    "ci_95_lower": 0.8294945053370525,
    "ci_95_upper": 0.8352640843638858,
    "n": 30
  },
  "n_seeds": 30
}