metric,mean,std
blip_itm_mean,0.9593977749347686,0.002398841349010759
