{
  "train_loss": [
    1.9180081596011522,
    0.9441447239433606,
    0.49352088823244233,
    0.2532609775662422,
    0.14085566787416548,
    0.07772470821197883,
    0.05496679448802991,
    0.05432578287116384,
    0.07123202646222082,
    0.04244316783073039
  ],
  "val_loss": [
    1.0525219842235207,
    0.7465468124231825,
    0.6690754933145525,
    0.8038712720697752,
    0.883132368596844,
    0.9966627107378693,
    1.2073092558068776,
    1.2274214435898814,
    1.1411527622600135,
    1.1550450476580023
  ],
  "val_macro_f1": [
    0.6956784591735646,
    0.7501310874523127,
    0.7849364706668397,
    0.7913145716207168,
    0.7945628105826906,
    0.7894703271133642,
    0.782741785698384,
    0.7814988614418373,
    0.7917561452015696,
    0.7880725705350763
  ],
  "train_acc": [
    0.3786764705882353,
    0.7148572664359861,
    0.8632136678200693,
    0.9371756055363322,
    0.9702638408304498,
    0.9848615916955017,
    0.9887543252595156,
    0.9886461937716263,
    0.9829152249134948,
    0.9912413494809689
  ],
  "val_acc": [
    0.6987891019172553,
    0.7588294651866802,
    0.7865792129162462,
    0.7870837537840565,
    0.7926337033299697,
    0.786074672048436,
    0.777497477295661,
    0.7800201816347124,
    0.7896064581231079,
    0.786074672048436
  ]
}