metric,mean,std
acc_correct_caption,0.8271065989847716,0.009284022036944709
acc_wrong_style_caption,0.7685786802030454,0.013649915144886391
accuracy_drop,0.058527918781725884,0.01059293283988394
