{
  "train_loss": [
    1.9300155429279102,
    0.9511776925370767,
    0.4885060136499702,
    0.24703365587548815,
    0.13674448234605954,
    0.09940540900125223,
    0.07778637503051428,
    0.06645210614511711
  ],
  "val_loss": [
    1.0208468161726334,
    0.6704118563356601,
    0.5960084512664379,
    0.755998796940331,
    0.8904747536216086,
    0.9461620265973204,
    0.9358262636526803,
    0.9774124441907095
  ],
  "val_macro_f1": [
    0.7169075745944653,
    0.7896476805000722,
    0.8135234629116435,
    0.7933340665228015,
    0.7870582026010223,
    0.8006355139912228,
    0.8093912018924004,
    0.8094369998497765
  ],
  "train_acc": [
    0.3758650519031142,
    0.709666955017301,
    0.8664576124567474,
    0.9390138408304498,
    0.9705882352941176,
    0.9795631487889274,
    0.9820501730103807,
    0.986159169550173
  ],
  "val_acc": [
    0.7199798183652876,
    0.7891019172552977,
    0.8102926337033299,
    0.7911200807265388,
    0.7830474268415741,
    0.7976791120080726,
    0.8077699293642785,
    0.8072653884964682
  ]
}