{
  "train_loss": [
    1.6255442185591662,
    0.9076468135169015,
    0.6080577882412808,
    0.41051282233536035,
    0.31255164475641034,
    0.251829467443137,
    0.21179957195446153,
    0.18510225364957714,
    0.16026156409853057,
    0.14545689995004232,
    0.1494891520808725,
    0.13948726425894817,
    0.11599945921489524
  ],
  "val_loss": [
    0.9891545616172999,
    0.7731996137126302,
    0.7539160971564554,
    0.885191922652132,
    0.99202691221574,
    1.0517848238093341,
    1.0763739709536555,
    1.0202895437191521,
    1.1192255410488872,
    1.2540377020595292,
    1.2883919438969356,
    1.2721813378252247,
    1.2944046522365689
  ],
  "val_macro_f1": [
    0.6517597298507123,
    0.7540970908977862,
    0.7647833194566843,
    0.7574826763771293,
    0.7701772946313169,
    0.7658329896301268,
    0.761877358253748,
    0.7752226866360775,
    0.7498364623763806,
    0.7478863550368438,
    0.7633353389539436,
    0.7578133138914788,
    0.7436317126097902
  ],
  "train_acc": [
    0.4781574394463668,
    0.7271842560553633,
    0.8252595155709342,
    0.8852724913494809,
    0.9129541522491349,
    0.9314446366782007,
    0.9444204152249135,
    0.9511245674740484,
    0.9603157439446367,
    0.96280276816609,
    0.9607482698961938,
    0.9662629757785467,
    0.9714532871972318
  ],
  "val_acc": [
    0.6594349142280524,
    0.7537840565085772,
    0.7613521695257316,
    0.7593340060544904,
    0.7694248234106963,
    0.7623612512613521,
    0.7643794147325933,
    0.7749747729566094,
    0.7502522704339052,
    0.7467204843592331,
    0.760343087790111,
    0.7578203834510595,
    0.7457114026236125
  ]
}