{
  "experiment_id": "seed_14",
  "seed_value": 14,
  "seed_index": 1,
  "fusion": "concat_mlp",
  "seed_batch": "remaining_25",
  "timestamp": "2026-05-12T17:05:23.768444",
  "configuration": {
    "learning_rate": 5e-05,
    "batch_size": 32,
    "early_stopping_patience": 5,
    "dropout": 0.5,
    "weight_decay": 0.0001,
    "max_epochs": 20,
    "model_init_seed": 42,
    "data_split_seed": 14,
    "dataset_size": "100% (full dataset)"
  },
  "training_info": {
    "total_epochs": 20,
    "best_epoch": 20,
    "early_stopped": false,
    "total_time_minutes": 4.215233230590821
  },
  "validation_metrics": {
    "best_val_macro_f1": 0.24495666923047618,
    "best_val_accuracy": 28.679435483870968,
    "best_val_loss": 2.011177787857671,
    "final_val_macro_f1": 0.24495666923047618,
    "final_val_accuracy": 28.679435483870968,
    "final_val_loss": 2.011177787857671
  },
  "test_metrics": {
    "test_macro_f1": 0.23815643913806958,
    "test_accuracy": 27.858942065491185,
    "test_loss": 2.0107899374432034
  },
  "overfitting_analysis": {
    "overfitting_detected": false,
    "best_val_loss": 2.011177787857671,
    "val_loss_after_best": 2.011177787857671,
    "increase_percentage": 0.0,
    "train_val_gap": 0.10997559062896212
  },
  "training_curves": {
    "train_losses": [
      2.639660146318633,
      2.629781411434042,
      2.5511354216213884,
      2.464675812885679,
      2.41344059500201,
      2.3326840610339725,
      2.2784101675296653,
      2.254717532930703,
      2.22707686588682,
      2.2112081770239205,
      2.1902561019206868,
      2.185186171120611,
      2.1791051987943977,
      2.165384830277542,
      2.1496004334811505,
      2.1459301656690135,
      2.1386777261207843,
      2.12706737107244,
      2.1307927485170035,
      2.121153378486633
    ],
    "val_losses": [
      2.6365593748707927,
      2.5985560917085215,
      2.450168832655876,
      2.3823759863453526,
      2.3131710521636473,
      2.211094562084444,
      2.1612362996224435,
      2.1353385909911125,
      2.111622541181503,
      2.0984673019378417,
      2.0889289340665265,
      2.083406084968198,
      2.0770762870388646,
      2.0498329170288576,
      2.046079191469377,
      2.066428232577539,
      2.032904830671126,
      2.0462244556796167,
      2.0253266999798436,
      2.011177787857671
    ],
    "train_accs": [
      7.429003347370695,
      9.437425763956377,
      13.162725407623366,
      15.570672713529856,
      17.125580390886512,
      19.7062952164993,
      21.74711154302991,
      22.762120721304395,
      22.75132275132275,
      23.647554259799158,
      23.53957455998272,
      24.25224057877119,
      24.371018248569268,
      25.321239606953892,
      25.429219306770328,
      26.023107655760718,
      25.85034013605442,
      26.59540006478782,
      25.70996652629306,
      26.303854875283445
    ],
    "val_accs": [
      8.366935483870968,
      14.919354838709678,
      15.272177419354838,
      18.14516129032258,
      20.866935483870968,
      23.941532258064516,
      25.302419354838708,
      25.60483870967742,
      25.504032258064516,
      26.663306451612904,
      27.016129032258064,
      26.5625,
      26.411290322580644,
      27.973790322580644,
      28.276209677419356,
      26.864919354838708,
      28.276209677419356,
      27.671370967741936,
      28.225806451612904,
      28.679435483870968
    ],
    "val_macro_f1s": [
      0.011029900332225912,
      0.06213497418852643,
      0.06774960124361658,
      0.13334290067319726,
      0.1433098427436004,
      0.17579797729405683,
      0.18764591830404845,
      0.19555567700615334,
      0.19745655511344976,
      0.20682342541729692,
      0.2152256112962801,
      0.21326871919720833,
      0.21507176192340463,
      0.22481844531493575,
      0.2344976862258637,
      0.22210298600011114,
      0.22924908352733264,
      0.23099999219673295,
      0.23169738755192668,
      0.24495666923047618
    ],
    "learning_rates": [
      4.995066821070679e-05,
      4.980286753286195e-05,
      4.955718126821722e-05,
      4.9214579028215776e-05,
      4.877641290737884e-05,
      4.8244412147206284e-05,
      4.762067631165049e-05,
      4.6907667001096584e-05,
      4.610819813755037e-05,
      4.5225424859373677e-05,
      4.426283106939472e-05,
      4.322421568553528e-05,
      4.211367764821721e-05,
      4.0935599743717234e-05,
      3.969463130731183e-05,
      3.839566987447491e-05,
      3.7043841852542874e-05,
      3.564448228912681e-05,
      3.420311381711694e-05,
      3.272542485937368e-05
    ]
  },
  "data_split_info": {
    "train_size": 9261,
    "val_size": 1984,
    "test_size": 1985
  }
}