{
  "train_loss": [
    1.9016072444849774,
    0.9364209216358752,
    0.48174496381753046,
    0.23199194531797537,
    0.13490822506507788,
    0.08207203380789312,
    0.07096237722771391,
    0.055691018081866335,
    0.06685855070767106,
    0.03560841007473972,
    0.0528553022155506,
    0.0188488352876221,
    0.03756675291742008
  ],
  "val_loss": [
    1.0288133674144264,
    0.6724113927840224,
    0.6525935887929529,
    0.8836638050531643,
    0.876832700100484,
    0.9547104272544084,
    1.037614042054031,
    0.9602632651295359,
    1.200613273380984,
    1.3206215511056416,
    1.0722799624732717,
    1.2856892550629155,
    1.1865602273392508
  ],
  "val_macro_f1": [
    0.7133691694215294,
    0.7812623491228757,
    0.8020672201780288,
    0.7759326962937332,
    0.8032561925454669,
    0.8015520082226278,
    0.7977884453093786,
    0.81055930386659,
    0.78041778736488,
    0.7810655783777063,
    0.8066232983204334,
    0.7983352954702975,
    0.7974254817436413
  ],
  "train_acc": [
    0.38657006920415227,
    0.7158304498269896,
    0.8644031141868512,
    0.9435553633217993,
    0.9708044982698962,
    0.9841046712802768,
    0.9845371972318339,
    0.9890787197231834,
    0.9858347750865052,
    0.992106401384083,
    0.9876730103806228,
    0.9971885813148789,
    0.9912413494809689
  ],
  "val_acc": [
    0.7129162462159435,
    0.7820383451059536,
    0.8007063572149344,
    0.772452068617558,
    0.8012108980827447,
    0.8012108980827447,
    0.7966700302724521,
    0.8097880928355197,
    0.781029263370333,
    0.7780020181634713,
    0.8022199798183652,
    0.8002018163471241,
    0.7951564076690212
  ]
}