metric,mean,std
clip_iqa_win_rate,0.9375378405650857,0.007295691188360177
clip_iqa_margin_mean,0.09421792791682058,0.0006953979027608574
