metric,mean,std
clip_similarity_mean,0.2999662846326828,0.0005238058946815729
