{
  "caption_condition": "shuffled",
  "test_macro_f1": {
    "metric": "Test Macro F1",
    "mean": 0.8283597897221315,
    "std": 0.007113933864180795,
    "min": 0.8090473336322831,
    "max": 0.8418691430797011,
    "median": 0.8300846560912027,
    "q25": 0.8241249558357322,
    "q75": 0.8334739441951917,
    "cv_percent": 0.8587975843886776,
    "ci_95_lower": 0.8256579915539644,
    "ci_95_upper": 0.8310615878902987,
    "n": 30
  },
  "test_accuracy": {
    "metric": "Test Accuracy",
    "mean": 0.8283032509889523,
    "std": 0.007078299734744061,
    "min": 0.8084891359272359,
    "max": 0.8418393127842345,
    "median": 0.829545025553541,
    "q25": 0.8238858167745093,
    "q75": 0.8330381675728676,
    "cv_percent": 0.8545541414081049,
    "ci_95_lower": 0.8256149862929082,
    "ci_95_upper": 0.8309915156849964,
    "n": 30
  },
  "n_seeds": 30
}