{
  "train_loss": [
    1.9058434744607207,
    0.9512218989715444,
    0.4878656805902204,
    0.2434452863919281,
    0.14306999963408523,
    0.078348258697141,
    0.06318106722718292,
    0.059588887467722576
  ],
  "val_loss": [
    1.0565708898511592,
    0.6980793368443471,
    0.635862060139326,
    0.7420446751216345,
    0.8317813888928964,
    1.0040345211803732,
    0.997241249719614,
    1.089989708482798
  ],
  "val_macro_f1": [
    0.6993721080968784,
    0.7632318326758459,
    0.8048985601858333,
    0.7973531963371302,
    0.7926610888608048,
    0.7863118467807226,
    0.7966817815227092,
    0.7852152086063239
  ],
  "train_acc": [
    0.38483996539792387,
    0.7079368512110726,
    0.8627811418685121,
    0.9367430795847751,
    0.967128027681661,
    0.9847534602076125,
    0.9874567474048442,
    0.9870242214532872
  ],
  "val_acc": [
    0.7043390514631686,
    0.763874873864783,
    0.8012108980827447,
    0.7961654894046418,
    0.7891019172552977,
    0.7850655903128153,
    0.7916246215943491,
    0.7830474268415741
  ]
}