{
  "train_loss": [
    1.929518184034882,
    0.9332330708478974,
    0.46977803425599135,
    0.2310181796602312,
    0.12332948271481636,
    0.09195817991524007,
    0.06452575677870466,
    0.051873998722918715,
    0.05109838119169832,
    0.03869379258949864,
    0.046242417245587676,
    0.03798276918157162,
    0.03664076453313283
  ],
  "val_loss": [
    1.0277409406771694,
    0.7154371616939001,
    0.6240141590235813,
    0.6949018573183585,
    0.8038689335347665,
    1.0129076885407196,
    1.1525130081850392,
    1.034158259780568,
    1.1062885610054047,
    1.195928898396574,
    1.170997929140008,
    1.2173226656754972,
    1.1682137687559926
  ],
  "val_macro_f1": [
    0.7043341293736819,
    0.7602741812870849,
    0.8092765982792841,
    0.8096705326413808,
    0.8118063366524085,
    0.7880695359274108,
    0.7809939853652439,
    0.815533299948879,
    0.8069567877202061,
    0.7701583154109864,
    0.7826294470122314,
    0.802492378869032,
    0.8063813523463906
  ],
  "train_acc": [
    0.3834342560553633,
    0.7159385813148789,
    0.8691608996539792,
    0.9451773356401384,
    0.9724264705882353,
    0.9799956747404844,
    0.9866998269896193,
    0.9894031141868512,
    0.9895112456747405,
    0.9918901384083045,
    0.9899437716262975,
    0.9919982698961938,
    0.9917820069204152
  ],
  "val_acc": [
    0.7058526740665994,
    0.7608476286579213,
    0.806760847628658,
    0.8072653884964682,
    0.8097880928355197,
    0.7870837537840565,
    0.7749747729566094,
    0.8128153380423815,
    0.8032290615539859,
    0.7714429868819375,
    0.7815338042381433,
    0.8002018163471241,
    0.8042381432896064
  ]
}