{
  "train_loss": [
    1.911157503672537,
    0.9258494627723232,
    0.46507749631743117,
    0.22511712234841086,
    0.12200586613796162,
    0.08700215290574466,
    0.05203337499478697,
    0.06542648607059333,
    0.06142400839337016,
    0.04531311587942925,
    0.053438210067142666,
    0.05117848158449863,
    0.03583503258011745,
    0.027610106361469183,
    0.026555067733909844
  ],
  "val_loss": [
    1.0460632665366627,
    0.6512655312370219,
    0.6505464607723787,
    0.7887402268278851,
    0.8368822218310821,
    0.967866715160316,
    1.10665479894844,
    1.0950498074503647,
    1.074349849544067,
    1.1113712124819712,
    1.3448741905143113,
    1.331589980515173,
    1.3013255428955124,
    1.3323815263484489,
    1.3488954364591843
  ],
  "val_macro_f1": [
    0.6900630994151566,
    0.7988426293900653,
    0.7973534395752088,
    0.794844217711879,
    0.7989365366506359,
    0.7982974700212075,
    0.7893785895865929,
    0.7856561127721559,
    0.8019932488581059,
    0.8100722516235865,
    0.7576364301987971,
    0.7801452714486852,
    0.7848076545801277,
    0.7995704180601148,
    0.7966948331790775
  ],
  "train_acc": [
    0.3805147058823529,
    0.7181012110726643,
    0.8704584775086506,
    0.9463667820069204,
    0.9742647058823529,
    0.9818339100346021,
    0.989294982698962,
    0.9847534602076125,
    0.9858347750865052,
    0.990484429065744,
    0.9894031141868512,
    0.9897275086505191,
    0.9926470588235294,
    0.9934039792387543,
    0.9942690311418685
  ],
  "val_acc": [
    0.6962663975782039,
    0.7991927346115035,
    0.79313824419778,
    0.7906155398587286,
    0.7976791120080726,
    0.7951564076690212,
    0.7855701311806257,
    0.7840565085771948,
    0.7966700302724521,
    0.806760847628658,
    0.7578203834510595,
    0.7769929364278506,
    0.7820383451059536,
    0.7961654894046418,
    0.7936427850655903
  ]
}