{
  "train_loss": [
    1.6354102294595596,
    0.9042503009695289,
    0.5944271059416776,
    0.3889501124465754,
    0.31039825832039425,
    0.2463271645474599,
    0.1958183432223475,
    0.16931823727426645,
    0.16801228624314174,
    0.16135399204688503
  ],
  "val_loss": [
    0.9357693087080292,
    0.7763351283809612,
    0.8021862513632876,
    1.0001533890799004,
    0.888654197862712,
    1.1104297527862952,
    1.2066361303288513,
    1.2099943746232091,
    1.1535580628575626,
    1.1700176719940756
  ],
  "val_macro_f1": [
    0.687433120383842,
    0.7519493741208493,
    0.7504420617162507,
    0.7413429567139848,
    0.783670700020564,
    0.7555900955592826,
    0.7571650261497601,
    0.753569140516851,
    0.7631224827076059,
    0.7662545462209575
  ],
  "train_acc": [
    0.4683174740484429,
    0.7210207612456747,
    0.8296929065743944,
    0.8886245674740484,
    0.9154411764705882,
    0.9345804498269896,
    0.948205017301038,
    0.9546929065743944,
    0.9570717993079585,
    0.9604238754325259
  ],
  "val_acc": [
    0.6927346115035318,
    0.7507568113017155,
    0.7547931382441978,
    0.7325933400605449,
    0.7835519677093845,
    0.7558022199798183,
    0.7573158425832492,
    0.7502522704339052,
    0.7608476286579213,
    0.7648839556004037
  ]
}