{
  "train_loss": [
    1.6585858069282915,
    0.9139936252603481,
    0.5931667731784825,
    0.4165254761448781,
    0.30611036851950585,
    0.247026905726809,
    0.19818892488481676,
    0.18314197792262354,
    0.15366085564595192,
    0.1504994379324278,
    0.13063428993095164
  ],
  "val_loss": [
    0.8878088372747304,
    0.8989195696160002,
    0.8869886821742977,
    0.9065356463885572,
    0.8828410532712696,
    0.9473944281713753,
    1.1149791049067115,
    1.254165047292873,
    1.232186604580653,
    1.2174930313882144,
    1.2506566396515015
  ],
  "val_macro_f1": [
    0.7147777385167099,
    0.718897597649004,
    0.737381614500431,
    0.7542094069440949,
    0.7709213104259637,
    0.772730077353635,
    0.7505993314076148,
    0.7373767850894734,
    0.7515646831320801,
    0.7492469142346179,
    0.7481207126245125
  ],
  "train_acc": [
    0.4602076124567474,
    0.7250216262975778,
    0.8266652249134948,
    0.8832179930795848,
    0.9179282006920415,
    0.933931660899654,
    0.9488538062283737,
    0.951773356401384,
    0.959666955017301,
    0.9632352941176471,
    0.9655060553633218
  ],
  "val_acc": [
    0.7174571140262361,
    0.7179616548940464,
    0.7315842583249244,
    0.756811301715439,
    0.7674066599394551,
    0.7739656912209889,
    0.7532795156407669,
    0.7371342078708375,
    0.7497477295660948,
    0.7487386478304743,
    0.7467204843592331
  ]
}