metric,mean,std,min,max,median,q25,q75,cv_percent,ci_95_lower,ci_95_upper,n
Test CLIP Similarity,29.964184547921995,0.04185699668016787,29.90281106872713,30.033945964971373,29.96091135117689,29.954454747759495,29.968799606975097,0.13969009105929642,29.90607772114653,30.02229137469746,5
Test CLIP-IQA,9.333630209166095,0.030621589294711975,9.303243825693876,9.37696797055021,9.31702746149875,9.307131017065169,9.363780771022478,0.32807802118236945,9.291120628310756,9.376139790021435,5
Test BLIP Score,-0.002480269839278581,2.5804092827311314e-05,-0.002521613656559204,-0.0024446651166349182,-0.0024856774483728796,-0.0024861175598928855,-0.0024632754149330168,-1.0403744148586984,-0.0025160916628908098,-0.002444448015666352,5
Test Diversity,0.1227728247642517,0.0008198755620033276,0.12176603078842163,0.1236962080001831,0.12314480543136597,0.12181776762008667,0.12343931198120117,0.6677988908194074,0.12163465501875399,0.12391099450974942,5
Time (min),26.310367653369905,0.627172505545582,25.96293216943741,27.563825162251792,26.00165979464849,25.987555158138274,26.035865982373554,2.3837466424200726,25.43971263680157,27.18102266993824,5
