{"n": 1982, "i2t_recall@1": 0.25025227043390513, "t2i_recall@1": 0.1917255297679112, "i2t_recall@5": 0.48486377396569125, "t2i_recall@5": 0.4011099899091826, "i2t_recall@10": 0.6039354187689203, "t2i_recall@10": 0.5090817356205852}