{"n": 1982, "i2t_recall@1": 0.23057517658930374, "t2i_recall@1": 0.198284561049445, "i2t_recall@5": 0.479313824419778, "t2i_recall@5": 0.4101917255297679, "i2t_recall@10": 0.5938446014127144, "t2i_recall@10": 0.5}