{"n": 9248, "i2t_recall@1": 0.12489186851211073, "t2i_recall@1": 0.10175173010380623, "i2t_recall@5": 0.2884948096885813, "t2i_recall@5": 0.23118512110726644, "i2t_recall@10": 0.38462370242214533, "t2i_recall@10": 0.30330882352941174}