{"n": 1982, "i2t_recall@1": 0.2462159434914228, "t2i_recall@1": 0.21039354187689202, "i2t_recall@5": 0.48385469223007066, "t2i_recall@5": 0.4011099899091826, "i2t_recall@10": 0.5978809283551968, "t2i_recall@10": 0.5010090817356205}