{"n": 9248, "i2t_recall@1": 0.12964965397923875, "t2i_recall@1": 0.10434688581314878, "i2t_recall@5": 0.29336072664359863, "t2i_recall@5": 0.23378027681660898, "i2t_recall@10": 0.38613754325259514, "t2i_recall@10": 0.3107698961937716}