{"n": 1982, "i2t_recall@1": 0.23814328960645811, "t2i_recall@1": 0.18213925327951563, "i2t_recall@5": 0.46871846619576185, "t2i_recall@5": 0.3920282542885974, "i2t_recall@10": 0.5822401614530777, "t2i_recall@10": 0.4873864783047427}