{"n": 1982, "i2t_recall@1": 0.2658930373360242, "t2i_recall@1": 0.21089808274470231, "i2t_recall@5": 0.5151362260343088, "t2i_recall@5": 0.41422805247225025, "i2t_recall@10": 0.6261352169525731, "t2i_recall@10": 0.5287588294651867}