{"n": 1982, "i2t_recall@1": 0.2558022199798184, "t2i_recall@1": 0.20787083753784055, "i2t_recall@5": 0.49596367305751765, "t2i_recall@5": 0.40514631685166497, "i2t_recall@10": 0.6064581231079718, "t2i_recall@10": 0.515640766902119}