{"n": 9248, "i2t_recall@1": 0.12791955017301038, "t2i_recall@1": 0.10413062283737025, "i2t_recall@5": 0.28914359861591693, "t2i_recall@5": 0.23107698961937717, "i2t_recall@10": 0.3838667820069204, "t2i_recall@10": 0.3048226643598616}