{"n": 9248, "i2t_recall@1": 0.12770328719723184, "t2i_recall@1": 0.1039143598615917, "i2t_recall@5": 0.28319636678200694, "t2i_recall@5": 0.22988754325259517, "i2t_recall@10": 0.37932525951557095, "t2i_recall@10": 0.3027681660899654}