{"n": 1982, "i2t_recall@1": 0.2477295660948537, "t2i_recall@1": 0.21644803229061554, "i2t_recall@5": 0.5080726538849647, "t2i_recall@5": 0.41523713420787084, "i2t_recall@10": 0.6089808274470232, "t2i_recall@10": 0.520686175580222}