{"n": 1982, "i2t_recall@1": 0.2542885973763875, "t2i_recall@1": 0.2058526740665994, "i2t_recall@5": 0.4934409687184662, "t2i_recall@5": 0.40968718466195764, "i2t_recall@10": 0.6029263370332997, "t2i_recall@10": 0.5166498486377397}