{"n": 9248, "i2t_recall@1": 0.12510813148788927, "t2i_recall@1": 0.1034818339100346, "i2t_recall@5": 0.28860294117647056, "t2i_recall@5": 0.2320501730103806, "i2t_recall@10": 0.3827854671280277, "t2i_recall@10": 0.30914792387543255}