{"n": 9248, "i2t_recall@1": 0.1278114186851211, "t2i_recall@1": 0.10315743944636678, "i2t_recall@5": 0.28644031141868515, "t2i_recall@5": 0.23421280276816608, "i2t_recall@10": 0.3820285467128028, "t2i_recall@10": 0.30903979238754326}