{"n": 1982, "i2t_recall@1": 0.25529767911200807, "t2i_recall@1": 0.21442986881937437, "i2t_recall@5": 0.5035317860746721, "t2i_recall@5": 0.4162462159434914, "i2t_recall@10": 0.6145307769929365, "t2i_recall@10": 0.5257315842583249}