{"n": 9248, "i2t_recall@1": 0.12521626297577854, "t2i_recall@1": 0.10056228373702422, "i2t_recall@5": 0.2841695501730104, "t2i_recall@5": 0.23464532871972318, "i2t_recall@10": 0.38256920415224915, "t2i_recall@10": 0.3086072664359862}