{"n": 1982, "i2t_recall@1": 0.24117053481331988, "t2i_recall@1": 0.1917255297679112, "i2t_recall@5": 0.4828456104944501, "t2i_recall@5": 0.40766902119071646, "i2t_recall@10": 0.606962663975782, "t2i_recall@10": 0.5257315842583249}