{"n": 9248, "i2t_recall@1": 0.12759515570934257, "t2i_recall@1": 0.10283304498269896, "i2t_recall@5": 0.291522491349481, "t2i_recall@5": 0.2292387543252595, "i2t_recall@10": 0.38462370242214533, "t2i_recall@10": 0.30752595155709345}