{"n": 1982, "i2t_recall@1": 0.25529767911200807, "t2i_recall@1": 0.1992936427850656, "i2t_recall@5": 0.4863773965691221, "t2i_recall@5": 0.4101917255297679, "i2t_recall@10": 0.612008072653885, "t2i_recall@10": 0.5151362260343088}