{"n": 1982, "i2t_recall@1": 0.2588294651866801, "t2i_recall@1": 0.20686175580222, "i2t_recall@5": 0.5110998990918264, "t2i_recall@5": 0.40817356205852673, "i2t_recall@10": 0.6220988900100908, "t2i_recall@10": 0.5171543895055499}