{"n": 1982, "i2t_recall@1": 0.2401614530776993, "t2i_recall@1": 0.2063572149344097, "i2t_recall@5": 0.496468213925328, "t2i_recall@5": 0.4112008072653885, "i2t_recall@10": 0.6039354187689203, "t2i_recall@10": 0.5211907164480323}