{"n": 9248, "i2t_recall@1": 0.12975778546712802, "t2i_recall@1": 0.10661764705882353, "i2t_recall@5": 0.29108996539792387, "t2i_recall@5": 0.23140138408304498, "i2t_recall@10": 0.3847318339100346, "t2i_recall@10": 0.3068771626297578}