{"n": 1982, "i2t_recall@1": 0.23158425832492432, "t2i_recall@1": 0.18062563067608475, "i2t_recall@5": 0.4722502522704339, "t2i_recall@5": 0.37235116044399597, "i2t_recall@10": 0.5968718466195762, "t2i_recall@10": 0.47325933400605447}