{"n": 1982, "i2t_recall@1": 0.248234106962664, "t2i_recall@1": 0.2124117053481332, "i2t_recall@5": 0.49596367305751765, "t2i_recall@5": 0.4046417759838547, "i2t_recall@10": 0.5963673057517659, "t2i_recall@10": 0.5141271442986882}