{"n": 9248, "i2t_recall@1": 0.123810553633218, "t2i_recall@1": 0.10607698961937716, "i2t_recall@5": 0.2850346020761246, "t2i_recall@5": 0.23259083044982698, "i2t_recall@10": 0.3791089965397924, "t2i_recall@10": 0.3088235294117647}