{"n": 1982, "i2t_recall@1": 0.25075681130171545, "t2i_recall@1": 0.18869828456104945, "i2t_recall@5": 0.4843592330978809, "t2i_recall@5": 0.3849646821392533, "i2t_recall@10": 0.6029263370332997, "t2i_recall@10": 0.49848637739656915}