{"n": 1982, "i2t_recall@1": 0.2537840565085772, "t2i_recall@1": 0.20938446014127143, "i2t_recall@5": 0.4944500504540868, "t2i_recall@5": 0.40766902119071646, "i2t_recall@10": 0.6210898082744702, "t2i_recall@10": 0.513622603430878}