{"n": 1982, "i2t_recall@1": 0.24924318869828457, "t2i_recall@1": 0.20332996972754794, "i2t_recall@5": 0.48234106962663975, "t2i_recall@5": 0.4041372351160444, "i2t_recall@10": 0.591321897073663, "t2i_recall@10": 0.5100908173562059}