{"n": 1982, "i2t_recall@1": 0.2522704339051463, "t2i_recall@1": 0.1856710393541877, "i2t_recall@5": 0.5110998990918264, "t2i_recall@5": 0.3905146316851665, "i2t_recall@10": 0.6140262361251262, "t2i_recall@10": 0.5040363269424823}