{"n": 9248, "i2t_recall@1": 0.12975778546712802, "t2i_recall@1": 0.10737456747404844, "i2t_recall@5": 0.2884948096885813, "t2i_recall@5": 0.23496972318339102, "i2t_recall@10": 0.3830017301038062, "t2i_recall@10": 0.30752595155709345}