{"n": 1982, "i2t_recall@1": 0.256811301715439, "t2i_recall@1": 0.20131180625630676, "i2t_recall@5": 0.4929364278506559, "t2i_recall@5": 0.39656912209889, "i2t_recall@10": 0.5958627648839556, "t2i_recall@10": 0.5161453077699294}