{"n": 9248, "i2t_recall@1": 0.12359429065743945, "t2i_recall@1": 0.09915657439446367, "i2t_recall@5": 0.2877378892733564, "t2i_recall@5": 0.2252378892733564, "i2t_recall@10": 0.3836505190311419, "t2i_recall@10": 0.30190311418685123}