{"n": 1982, "i2t_recall@1": 0.2542885973763875, "t2i_recall@1": 0.19071644803229063, "i2t_recall@5": 0.4899091826437941, "t2i_recall@5": 0.3955600403632694, "i2t_recall@10": 0.6074672048435923, "t2i_recall@10": 0.5131180625630676}