{"n": 1982, "i2t_recall@1": 0.25731584258324924, "t2i_recall@1": 0.2063572149344097, "i2t_recall@5": 0.5035317860746721, "t2i_recall@5": 0.42785065590312815, "i2t_recall@10": 0.6185671039354188, "t2i_recall@10": 0.5232088799192735}