{"n": 1982, "i2t_recall@1": 0.25176589303733604, "t2i_recall@1": 0.2129162462159435, "i2t_recall@5": 0.5171543895055499, "t2i_recall@5": 0.41977800201816345, "i2t_recall@10": 0.627648839556004, "t2i_recall@10": 0.5247225025227044}