{"n": 1982, "i2t_recall@1": 0.25731584258324924, "t2i_recall@1": 0.20282542885973764, "i2t_recall@5": 0.5, "t2i_recall@5": 0.4106962663975782, "i2t_recall@10": 0.6160443995963673, "t2i_recall@10": 0.5131180625630676}