{"n": 1982, "i2t_recall@1": 0.22754793138244198, "t2i_recall@1": 0.19475277497477295, "i2t_recall@5": 0.4858728557013118, "t2i_recall@5": 0.38647830474268413, "i2t_recall@10": 0.5958627648839556, "t2i_recall@10": 0.5025227043390514}