{"n": 1982, "i2t_recall@1": 0.2522704339051463, "t2i_recall@1": 0.19424823410696265, "i2t_recall@5": 0.4929364278506559, "t2i_recall@5": 0.40161453077699294, "i2t_recall@10": 0.6039354187689203, "t2i_recall@10": 0.512108980827447}