{"n": 1982, "i2t_recall@1": 0.2462159434914228, "t2i_recall@1": 0.1992936427850656, "i2t_recall@5": 0.4934409687184662, "t2i_recall@5": 0.40010090817356203, "i2t_recall@10": 0.5918264379414733, "t2i_recall@10": 0.5075681130171544}