{"n": 1982, "i2t_recall@1": 0.2467204843592331, "t2i_recall@1": 0.20837537840565085, "i2t_recall@5": 0.5020181634712412, "t2i_recall@5": 0.42078708375378404, "i2t_recall@10": 0.6170534813319879, "t2i_recall@10": 0.512108980827447}