{"n": 9248, "i2t_recall@1": 0.12445934256055363, "t2i_recall@1": 0.10218425605536333, "i2t_recall@5": 0.2835207612456747, "t2i_recall@5": 0.22858996539792387, "i2t_recall@10": 0.3804065743944637, "t2i_recall@10": 0.3054714532871972}