{"n": 1982, "i2t_recall@1": 0.2467204843592331, "t2i_recall@1": 0.19727547931382441, "i2t_recall@5": 0.4939455095862765, "t2i_recall@5": 0.3955600403632694, "i2t_recall@10": 0.6009081735620585, "t2i_recall@10": 0.4989909182643794}