{"n": 9248, "i2t_recall@1": 0.12748702422145328, "t2i_recall@1": 0.1039143598615917, "i2t_recall@5": 0.286007785467128, "t2i_recall@5": 0.23280709342560554, "i2t_recall@10": 0.3807309688581315, "t2i_recall@10": 0.30666089965397925}