{"n": 9248, "i2t_recall@1": 0.12640570934256054, "t2i_recall@1": 0.10596885813148789, "i2t_recall@5": 0.2867647058823529, "t2i_recall@5": 0.23107698961937717, "i2t_recall@10": 0.3805147058823529, "t2i_recall@10": 0.3062283737024221}