{"n": 1982, "i2t_recall@1": 0.2467204843592331, "t2i_recall@1": 0.19727547931382441, "i2t_recall@5": 0.5010090817356205, "t2i_recall@5": 0.41372351160444, "i2t_recall@10": 0.6231079717457114, "t2i_recall@10": 0.5287588294651867}