{"n": 1982, "i2t_recall@1": 0.24268415741675076, "t2i_recall@1": 0.20332996972754794, "i2t_recall@5": 0.4944500504540868, "t2i_recall@5": 0.4253279515640767, "i2t_recall@10": 0.6084762865792129, "t2i_recall@10": 0.5252270433905146}