{"n": 1982, "i2t_recall@1": 0.24066599394550958, "t2i_recall@1": 0.20383451059535823, "i2t_recall@5": 0.49697275479313824, "t2i_recall@5": 0.40161453077699294, "i2t_recall@10": 0.6140262361251262, "t2i_recall@10": 0.512108980827447}