{"n": 1982, "i2t_recall@1": 0.2462159434914228, "t2i_recall@1": 0.19323915237134207, "i2t_recall@5": 0.5010090817356205, "t2i_recall@5": 0.39606458123107974, "i2t_recall@10": 0.6185671039354188, "t2i_recall@10": 0.5161453077699294}