{"n": 1982, "i2t_recall@1": 0.2477295660948537, "t2i_recall@1": 0.19071644803229063, "i2t_recall@5": 0.49041372351160445, "t2i_recall@5": 0.40060544904137235, "i2t_recall@10": 0.6074672048435923, "t2i_recall@10": 0.5176589303733602}