{"n": 1982, "i2t_recall@1": 0.2598385469223007, "t2i_recall@1": 0.1917255297679112, "i2t_recall@5": 0.49949545913218973, "t2i_recall@5": 0.4056508577194753, "i2t_recall@10": 0.6079717457114027, "t2i_recall@10": 0.5090817356205852}