{"n": 1982, "i2t_recall@1": 0.248234106962664, "t2i_recall@1": 0.1987891019172553, "i2t_recall@5": 0.4808274470232089, "t2i_recall@5": 0.3975782038345106, "i2t_recall@10": 0.5973763874873865, "t2i_recall@10": 0.513622603430878}