{"n": 1982, "i2t_recall@1": 0.23612512613521694, "t2i_recall@1": 0.18668012108980828, "i2t_recall@5": 0.4989909182643794, "t2i_recall@5": 0.39606458123107974, "i2t_recall@10": 0.6145307769929365, "t2i_recall@10": 0.508577194752775}