{"n": 1982, "i2t_recall@1": 0.26084762865792127, "t2i_recall@1": 0.19475277497477295, "i2t_recall@5": 0.4979818365287588, "t2i_recall@5": 0.425832492431887, "i2t_recall@10": 0.6115035317860746, "t2i_recall@10": 0.5327951564076691}