{"n": 9248, "i2t_recall@1": 0.12478373702422145, "t2i_recall@1": 0.1046712802768166, "i2t_recall@5": 0.2868728373702422, "t2i_recall@5": 0.23237456747404844, "i2t_recall@10": 0.3798659169550173, "t2i_recall@10": 0.3079584775086505}