{"n": 1982, "i2t_recall@1": 0.24419778002018164, "t2i_recall@1": 0.20131180625630676, "i2t_recall@5": 0.5126135216952573, "t2i_recall@5": 0.41422805247225025, "i2t_recall@10": 0.6160443995963673, "t2i_recall@10": 0.515640766902119}