{"n": 1982, "i2t_recall@1": 0.26185671039354186, "t2i_recall@1": 0.2119071644803229, "i2t_recall@5": 0.5035317860746721, "t2i_recall@5": 0.4162462159434914, "i2t_recall@10": 0.6004036326942482, "t2i_recall@10": 0.5272452068617558}