{"n": 1982, "i2t_recall@1": 0.22855701311806256, "t2i_recall@1": 0.18264379414732593, "i2t_recall@5": 0.4772956609485368, "t2i_recall@5": 0.39455095862764883, "i2t_recall@10": 0.5953582240161454, "t2i_recall@10": 0.5030272452068617}