{"n": 9248, "i2t_recall@1": 0.127378892733564, "t2i_recall@1": 0.10521193771626297, "i2t_recall@5": 0.2905493079584775, "t2i_recall@5": 0.2309688581314879, "i2t_recall@10": 0.385272491349481, "t2i_recall@10": 0.30590397923875434}