{"n": 1982, "i2t_recall@1": 0.2477295660948537, "t2i_recall@1": 0.1841574167507568, "i2t_recall@5": 0.4934409687184662, "t2i_recall@5": 0.4011099899091826, "i2t_recall@10": 0.6014127144298688, "t2i_recall@10": 0.5247225025227044}