{"n": 9248, "i2t_recall@1": 0.126189446366782, "t2i_recall@1": 0.10240051903114186, "i2t_recall@5": 0.28189878892733566, "t2i_recall@5": 0.22740051903114186, "i2t_recall@10": 0.38019031141868515, "t2i_recall@10": 0.30298442906574397}