{"n": 1982, "i2t_recall@1": 0.23562058526740667, "t2i_recall@1": 0.1992936427850656, "i2t_recall@5": 0.4939455095862765, "t2i_recall@5": 0.4026236125126135, "i2t_recall@10": 0.6175580221997982, "t2i_recall@10": 0.5216952573158425}