{"n": 9248, "i2t_recall@1": 0.12748702422145328, "t2i_recall@1": 0.10488754325259515, "i2t_recall@5": 0.2943339100346021, "t2i_recall@5": 0.23767301038062283, "i2t_recall@10": 0.38819204152249137, "t2i_recall@10": 0.31390570934256057}