{"n": 1982, "i2t_recall@1": 0.2477295660948537, "t2i_recall@1": 0.20686175580222, "i2t_recall@5": 0.5025227043390514, "t2i_recall@5": 0.40968718466195764, "i2t_recall@10": 0.6125126135216953, "t2i_recall@10": 0.5166498486377397}