{"n": 1982, "i2t_recall@1": 0.2391523713420787, "t2i_recall@1": 0.17608476286579214, "i2t_recall@5": 0.4747729566094854, "t2i_recall@5": 0.3819374369323915, "i2t_recall@10": 0.6019172552976791, "t2i_recall@10": 0.5005045408678103}