{"n": 9248, "i2t_recall@1": 0.12673010380622837, "t2i_recall@1": 0.10661764705882353, "i2t_recall@5": 0.2866565743944637, "t2i_recall@5": 0.23464532871972318, "i2t_recall@10": 0.3794333910034602, "t2i_recall@10": 0.3092560553633218}