{"n": 1982, "i2t_recall@1": 0.24318869828456105, "t2i_recall@1": 0.19727547931382441, "i2t_recall@5": 0.48789101917255295, "t2i_recall@5": 0.41372351160444, "i2t_recall@10": 0.6039354187689203, "t2i_recall@10": 0.5126135216952573}