{"n": 9248, "i2t_recall@1": 0.12435121107266436, "t2i_recall@1": 0.1027249134948097, "i2t_recall@5": 0.28871107266435986, "t2i_recall@5": 0.23118512110726644, "i2t_recall@10": 0.3806228373702422, "t2i_recall@10": 0.3048226643598616}