{"n": 9248, "i2t_recall@1": 0.12478373702422145, "t2i_recall@1": 0.1034818339100346, "i2t_recall@5": 0.28881920415224915, "t2i_recall@5": 0.22902249134948097, "i2t_recall@10": 0.38570501730103807, "t2i_recall@10": 0.3052551903114187}