{"n": 1982, "i2t_recall@1": 0.25630676084762866, "t2i_recall@1": 0.21442986881937437, "i2t_recall@5": 0.508577194752775, "t2i_recall@5": 0.4177598385469223, "i2t_recall@10": 0.6266397578203835, "t2i_recall@10": 0.5408678102926338}