{"n": 9248, "i2t_recall@1": 0.12748702422145328, "t2i_recall@1": 0.10294117647058823, "i2t_recall@5": 0.28719723183391005, "t2i_recall@5": 0.2329152249134948, "i2t_recall@10": 0.3830017301038062, "t2i_recall@10": 0.3094723183391003}