{"n": 1982, "i2t_recall@1": 0.23562058526740667, "t2i_recall@1": 0.19122098890010092, "i2t_recall@5": 0.4979818365287588, "t2i_recall@5": 0.40817356205852673, "i2t_recall@10": 0.5988900100908173, "t2i_recall@10": 0.5166498486377397}