{"n": 1982, "i2t_recall@1": 0.24318869828456105, "t2i_recall@1": 0.19122098890010092, "i2t_recall@5": 0.4873864783047427, "t2i_recall@5": 0.40060544904137235, "i2t_recall@10": 0.6089808274470232, "t2i_recall@10": 0.4939455095862765}