{"n": 9248, "i2t_recall@1": 0.12272923875432526, "t2i_recall@1": 0.09894031141868512, "i2t_recall@5": 0.27984429065743943, "t2i_recall@5": 0.22426470588235295, "i2t_recall@10": 0.3751081314878893, "t2i_recall@10": 0.2977941176470588}