{"n": 9248, "i2t_recall@1": 0.12759515570934257, "t2i_recall@1": 0.09969723183391004, "i2t_recall@5": 0.2876297577854671, "t2i_recall@5": 0.22675173010380623, "i2t_recall@10": 0.38019031141868515, "t2i_recall@10": 0.3047145328719723}