{"n": 9248, "i2t_recall@1": 0.12478373702422145, "t2i_recall@1": 0.1051038062283737, "i2t_recall@5": 0.2866565743944637, "t2i_recall@5": 0.23356401384083045, "i2t_recall@10": 0.3766219723183391, "t2i_recall@10": 0.3068771626297578}