{"n": 1982, "i2t_recall@1": 0.26437941473259335, "t2i_recall@1": 0.2260343087790111, "i2t_recall@5": 0.49596367305751765, "t2i_recall@5": 0.43693239152371344, "i2t_recall@10": 0.612008072653885, "t2i_recall@10": 0.5237134207870837}