{"n": 1982, "i2t_recall@1": 0.24470232088799193, "t2i_recall@1": 0.19525731584258324, "i2t_recall@5": 0.49848637739656915, "t2i_recall@5": 0.40867810292633705, "i2t_recall@10": 0.5938446014127144, "t2i_recall@10": 0.507063572149344}