{"n": 9248, "i2t_recall@1": 0.12510813148788927, "t2i_recall@1": 0.10542820069204152, "i2t_recall@5": 0.2843858131487889, "t2i_recall@5": 0.23269896193771628, "i2t_recall@10": 0.37759515570934254, "t2i_recall@10": 0.30428200692041524}