{"n": 1982, "i2t_recall@1": 0.2532795156407669, "t2i_recall@1": 0.20131180625630676, "i2t_recall@5": 0.479313824419778, "t2i_recall@5": 0.39455095862764883, "i2t_recall@10": 0.6059535822401615, "t2i_recall@10": 0.5141271442986882}