{"n": 9248, "i2t_recall@1": 0.12608131487889274, "t2i_recall@1": 0.10445501730103807, "i2t_recall@5": 0.28189878892733566, "t2i_recall@5": 0.23734861591695502, "i2t_recall@10": 0.3819204152249135, "t2i_recall@10": 0.3123918685121107}