{"n": 1982, "i2t_recall@1": 0.2391523713420787, "t2i_recall@1": 0.19576185671039353, "i2t_recall@5": 0.48688193743693237, "t2i_recall@5": 0.39959636730575177, "i2t_recall@10": 0.6079717457114027, "t2i_recall@10": 0.5181634712411706}