{"n": 9248, "i2t_recall@1": 0.12997404844290658, "t2i_recall@1": 0.10532006920415225, "i2t_recall@5": 0.2929282006920415, "t2i_recall@5": 0.23507785467128028, "i2t_recall@10": 0.3851643598615917, "t2i_recall@10": 0.3087153979238754}