{"n": 1982, "i2t_recall@1": 0.2522704339051463, "t2i_recall@1": 0.18869828456104945, "i2t_recall@5": 0.5, "t2i_recall@5": 0.3874873864783047, "i2t_recall@10": 0.6115035317860746, "t2i_recall@10": 0.49041372351160445}