{"n": 1982, "i2t_recall@1": 0.2532795156407669, "t2i_recall@1": 0.1987891019172553, "i2t_recall@5": 0.49697275479313824, "t2i_recall@5": 0.39959636730575177, "i2t_recall@10": 0.6099899091826438, "t2i_recall@10": 0.5065590312815338}