{"n": 1982, "i2t_recall@1": 0.2613521695257316, "t2i_recall@1": 0.1987891019172553, "i2t_recall@5": 0.49142280524722504, "t2i_recall@5": 0.40161453077699294, "i2t_recall@10": 0.6024217961654894, "t2i_recall@10": 0.5075681130171544}