{"n": 1982, "i2t_recall@1": 0.24974772956609487, "t2i_recall@1": 0.20887991927346114, "i2t_recall@5": 0.49747729566094856, "t2i_recall@5": 0.4162462159434914, "i2t_recall@10": 0.6089808274470232, "t2i_recall@10": 0.5166498486377397}