{"n": 1982, "i2t_recall@1": 0.2391523713420787, "t2i_recall@1": 0.17911200807265387, "i2t_recall@5": 0.49041372351160445, "t2i_recall@5": 0.4112008072653885, "i2t_recall@10": 0.6024217961654894, "t2i_recall@10": 0.5075681130171544}