{"n": 9248, "i2t_recall@1": 0.13202854671280276, "t2i_recall@1": 0.11083477508650519, "i2t_recall@5": 0.29271193771626297, "t2i_recall@5": 0.2377811418685121, "i2t_recall@10": 0.3850562283737024, "t2i_recall@10": 0.31131055363321797}