{"n": 1982, "i2t_recall@1": 0.239656912209889, "t2i_recall@1": 0.19525731584258324, "i2t_recall@5": 0.49041372351160445, "t2i_recall@5": 0.4041372351160444, "i2t_recall@10": 0.6044399596367306, "t2i_recall@10": 0.5075681130171544}