{"n": 1982, "i2t_recall@1": 0.2467204843592331, "t2i_recall@1": 0.20736629667003026, "i2t_recall@5": 0.48486377396569125, "t2i_recall@5": 0.41977800201816345, "i2t_recall@10": 0.5978809283551968, "t2i_recall@10": 0.5141271442986882}