{
  "experiment_id": "seed_215",
  "seed_value": 215,
  "seed_index": 6,
  "timestamp": "2026-05-22T23:50:03.796869",
  "configuration": {
    "learning_rate": 5e-05,
    "batch_size": 32,
    "early_stopping_patience": 5,
    "dropout": 0.5,
    "weight_decay": 0.0001,
    "max_epochs": 20,
    "model_init_seed": 42,
    "data_split_seed": 215,
    "dataset_size": "100% (full dataset)"
  },
  "training_info": {
    "total_epochs": 20,
    "best_epoch": 20,
    "early_stopped": false,
    "total_time_minutes": 17.963645100593567
  },
  "validation_metrics": {
    "best_val_macro_f1": 0.814642508914519,
    "best_val_accuracy": 81.5524193548387,
    "best_val_loss": 0.5684131282952524,
    "final_val_macro_f1": 0.814642508914519,
    "final_val_accuracy": 81.5524193548387,
    "final_val_loss": 0.5684131282952524
  },
  "test_metrics": {
    "test_macro_f1": 0.8172066026594276,
    "test_accuracy": 81.81360201511335,
    "test_loss": 0.5606570854073479,
    "report": {
      "conservative": {
        "precision": 0.7364864864864865,
        "recall": 0.7841726618705036,
        "f1-score": 0.759581881533101,
        "support": 139.0
      },
      "dressy": {
        "precision": 0.9285714285714286,
        "recall": 0.9629629629629629,
        "f1-score": 0.9454545454545454,
        "support": 135.0
      },
      "ethnic": {
        "precision": 0.860655737704918,
        "recall": 0.813953488372093,
        "f1-score": 0.8366533864541833,
        "support": 129.0
      },
      "fairy": {
        "precision": 0.8888888888888888,
        "recall": 0.9444444444444444,
        "f1-score": 0.9158249158249159,
        "support": 144.0
      },
      "feminine": {
        "precision": 0.7013888888888888,
        "recall": 0.8278688524590164,
        "f1-score": 0.7593984962406015,
        "support": 122.0
      },
      "gal": {
        "precision": 0.8794326241134752,
        "recall": 0.8671328671328671,
        "f1-score": 0.8732394366197183,
        "support": 143.0
      },
      "girlish": {
        "precision": 0.75,
        "recall": 0.6144578313253012,
        "f1-score": 0.6754966887417219,
        "support": 166.0
      },
      "kireime-casual": {
        "precision": 0.7291666666666666,
        "recall": 0.6645569620253164,
        "f1-score": 0.695364238410596,
        "support": 158.0
      },
      "lolita": {
        "precision": 0.95,
        "recall": 0.95,
        "f1-score": 0.95,
        "support": 160.0
      },
      "mode": {
        "precision": 0.7866666666666666,
        "recall": 0.7421383647798742,
        "f1-score": 0.7637540453074434,
        "support": 159.0
      },
      "natural": {
        "precision": 0.7697368421052632,
        "recall": 0.9069767441860465,
        "f1-score": 0.8327402135231317,
        "support": 129.0
      },
      "retro": {
        "precision": 0.8260869565217391,
        "recall": 0.7480314960629921,
        "f1-score": 0.7851239669421488,
        "support": 127.0
      },
      "rock": {
        "precision": 0.7704918032786885,
        "recall": 0.7768595041322314,
        "f1-score": 0.7736625514403292,
        "support": 121.0
      },
      "street": {
        "precision": 0.8607594936708861,
        "recall": 0.8888888888888888,
        "f1-score": 0.8745980707395499,
        "support": 153.0
      },
      "accuracy": 0.8181360201511335,
      "macro avg": {
        "precision": 0.8170237488259996,
        "recall": 0.820888933474467,
        "f1-score": 0.8172066026594276,
        "support": 1985.0
      },
      "weighted avg": {
        "precision": 0.8181384405576374,
        "recall": 0.8181360201511335,
        "f1-score": 0.816394445328094,
        "support": 1985.0
      }
    }
  },
  "overfitting_analysis": {
    "overfitting_detected": false,
    "best_val_loss": 0.5684131282952524,
    "val_loss_after_best": 0.5684131282952524,
    "increase_percentage": 0.0,
    "train_val_gap": 0.13982183668385362
  },
  "training_curves": {
    "train_losses": [
      2.593637384217361,
      2.241293333727738,
      1.7891322045490659,
      1.5145014964301011,
      1.348713900714085,
      1.2171450573822549,
      1.1335676495371194,
      1.0537358610794463,
      0.9956287883479019,
      0.9510179088033479,
      0.9060733269000876,
      0.8761825415594825,
      0.8490010950072059,
      0.8160011433321854,
      0.7948199559902323,
      0.7814820046054906,
      0.7492420095821907,
      0.7427582328689509,
      0.736316986947224,
      0.708234964979106
    ],
    "val_losses": [
      2.463274682721784,
      1.844215456516512,
      1.4432318076010673,
      1.218416666792285,
      1.05605082646493,
      0.9495357207713588,
      0.8650486507723408,
      0.8066768713535801,
      0.762795816506109,
      0.7269146817345773,
      0.6958591668836532,
      0.672827202946909,
      0.6548271140744609,
      0.635552316904068,
      0.6206928270478402,
      0.6051361382968964,
      0.5910645213819319,
      0.5839686244726181,
      0.5752279566180322,
      0.5684131282952524
    ],
    "train_accs": [
      14.42608789547565,
      33.11737393370046,
      43.245869776482024,
      51.30115538278804,
      55.166828636216394,
      58.74095670014037,
      61.54842889536767,
      64.66904222006262,
      66.202353957456,
      67.64928193499622,
      69.10700788251809,
      70.24079473059065,
      71.13702623906705,
      72.86470143613,
      73.15624662563438,
      73.48018572508369,
      74.51679084332146,
      75.11067919231185,
      75.30504265198142,
      76.03930461073318
    ],
    "val_accs": [
      45.564516129032256,
      53.881048387096776,
      63.457661290322584,
      68.95161290322581,
      72.53024193548387,
      74.49596774193549,
      76.2600806451613,
      76.81451612903226,
      76.8649193548387,
      77.8225806451613,
      78.52822580645162,
      78.88104838709677,
      79.08266129032258,
      79.28427419354838,
      79.5866935483871,
      80.39314516129032,
      80.59475806451613,
      80.34274193548387,
      81.1491935483871,
      81.5524193548387
    ],
    "val_macro_f1s": [
      0.4115775068302967,
      0.4853866611439544,
      0.6081316326734701,
      0.6762098268279224,
      0.7151006704996209,
      0.7388377921796007,
      0.7577740664976326,
      0.7640386672148498,
      0.763699361934116,
      0.7744850059743119,
      0.7825804426694879,
      0.7863432539164086,
      0.7886475868384126,
      0.7908753750477608,
      0.7937852424673925,
      0.80265912000021,
      0.8053679567302076,
      0.8024689908608832,
      0.8104826226955976,
      0.814642508914519
    ],
    "learning_rates": [
      4.995066821070679e-05,
      4.980286753286195e-05,
      4.955718126821722e-05,
      4.9214579028215776e-05,
      4.877641290737884e-05,
      4.8244412147206284e-05,
      4.762067631165049e-05,
      4.6907667001096584e-05,
      4.610819813755037e-05,
      4.5225424859373677e-05,
      4.426283106939472e-05,
      4.322421568553528e-05,
      4.211367764821721e-05,
      4.0935599743717234e-05,
      3.969463130731183e-05,
      3.839566987447491e-05,
      3.7043841852542874e-05,
      3.564448228912681e-05,
      3.420311381711694e-05,
      3.272542485937368e-05
    ]
  },
  "data_split_info": {
    "train_size": 9261,
    "val_size": 1984,
    "test_size": 1985
  }
}