{
  "experiment_id": "seed_303",
  "seed_value": 303,
  "seed_index": 1,
  "timestamp": "2026-05-22T22:18:24.822015",
  "configuration": {
    "learning_rate": 5e-05,
    "batch_size": 32,
    "early_stopping_patience": 5,
    "dropout": 0.5,
    "weight_decay": 0.0001,
    "max_epochs": 20,
    "model_init_seed": 42,
    "data_split_seed": 303,
    "dataset_size": "100% (full dataset)"
  },
  "training_info": {
    "total_epochs": 20,
    "best_epoch": 19,
    "early_stopped": false,
    "total_time_minutes": 83.9268022855123
  },
  "validation_metrics": {
    "best_val_macro_f1": 0.8083671590460157,
    "best_val_accuracy": 80.79637096774194,
    "best_val_loss": 0.5620528824867741,
    "final_val_macro_f1": 0.8082898384277467,
    "final_val_accuracy": 80.84677419354838,
    "final_val_loss": 0.5620528824867741
  },
  "test_metrics": {
    "test_macro_f1": 0.8161116416130528,
    "test_accuracy": 81.61209068010075,
    "test_loss": 0.562846250950344,
    "report": {
      "conservative": {
        "precision": 0.7333333333333333,
        "recall": 0.7913669064748201,
        "f1-score": 0.7612456747404844,
        "support": 139.0
      },
      "dressy": {
        "precision": 0.9485294117647058,
        "recall": 0.9555555555555556,
        "f1-score": 0.9520295202952029,
        "support": 135.0
      },
      "ethnic": {
        "precision": 0.8706896551724138,
        "recall": 0.7829457364341085,
        "f1-score": 0.8244897959183674,
        "support": 129.0
      },
      "fairy": {
        "precision": 0.9115646258503401,
        "recall": 0.9305555555555556,
        "f1-score": 0.9209621993127147,
        "support": 144.0
      },
      "feminine": {
        "precision": 0.7936507936507936,
        "recall": 0.819672131147541,
        "f1-score": 0.8064516129032258,
        "support": 122.0
      },
      "gal": {
        "precision": 0.8181818181818182,
        "recall": 0.8811188811188811,
        "f1-score": 0.8484848484848485,
        "support": 143.0
      },
      "girlish": {
        "precision": 0.7285714285714285,
        "recall": 0.6144578313253012,
        "f1-score": 0.6666666666666666,
        "support": 166.0
      },
      "kireime-casual": {
        "precision": 0.697986577181208,
        "recall": 0.6582278481012658,
        "f1-score": 0.6775244299674267,
        "support": 158.0
      },
      "lolita": {
        "precision": 0.9245283018867925,
        "recall": 0.91875,
        "f1-score": 0.9216300940438872,
        "support": 160.0
      },
      "mode": {
        "precision": 0.8378378378378378,
        "recall": 0.779874213836478,
        "f1-score": 0.8078175895765473,
        "support": 159.0
      },
      "natural": {
        "precision": 0.7124183006535948,
        "recall": 0.8449612403100775,
        "f1-score": 0.7730496453900709,
        "support": 129.0
      },
      "retro": {
        "precision": 0.7723577235772358,
        "recall": 0.7480314960629921,
        "f1-score": 0.76,
        "support": 127.0
      },
      "rock": {
        "precision": 0.7573529411764706,
        "recall": 0.8512396694214877,
        "f1-score": 0.8015564202334631,
        "support": 121.0
      },
      "street": {
        "precision": 0.918918918918919,
        "recall": 0.8888888888888888,
        "f1-score": 0.9036544850498339,
        "support": 153.0
      },
      "accuracy": 0.8161209068010076,
      "macro avg": {
        "precision": 0.816137261982635,
        "recall": 0.8189747110166395,
        "f1-score": 0.8161116416130528,
        "support": 1985.0
      },
      "weighted avg": {
        "precision": 0.8171212319384469,
        "recall": 0.8161209068010076,
        "f1-score": 0.8151866550217696,
        "support": 1985.0
      }
    }
  },
  "overfitting_analysis": {
    "overfitting_detected": false,
    "best_val_loss": 0.5620528824867741,
    "val_loss_after_best": 0.5620528824867741,
    "increase_percentage": 0.0,
    "train_val_gap": 0.17423464363157015
  },
  "training_curves": {
    "train_losses": [
      2.585248480994126,
      2.228329154951819,
      1.7826242915515242,
      1.5160515386482765,
      1.3478579829479087,
      1.2249391335865547,
      1.1249917677764234,
      1.0523379253930059,
      0.9901515582512165,
      0.9574829999742837,
      0.9219732300988559,
      0.8760358214378356,
      0.8441003609320213,
      0.8300183814147423,
      0.8067623825936482,
      0.7848164899595853,
      0.7653671216348122,
      0.7509431132982517,
      0.7362875261183442,
      0.7247472205038729
    ],
    "val_losses": [
      2.4470771512677594,
      1.851348227070224,
      1.4604919187484249,
      1.2200439389674895,
      1.0592815972143603,
      0.952093530085779,
      0.8677933408368018,
      0.8047093152999878,
      0.7587723770449238,
      0.7247905630257822,
      0.69672044342564,
      0.6699222744472565,
      0.6453495809147435,
      0.6289882049445183,
      0.6145219903799796,
      0.6042351876535723,
      0.5898898224676808,
      0.5791015072214988,
      0.5689854929524083,
      0.5620528824867741
    ],
    "train_accs": [
      15.721844293272865,
      33.18216175359032,
      43.191879926573804,
      50.95562034337544,
      55.5663535255372,
      58.7733506100853,
      62.39067055393586,
      64.32350718065004,
      66.96900982615269,
      67.36853471547349,
      69.16099773242631,
      70.62952164992981,
      71.57974300831444,
      71.93607601770867,
      73.15624662563438,
      73.62055933484505,
      74.11726595400064,
      74.46280099341324,
      75.20786092214664,
      75.96371882086167
    ],
    "val_accs": [
      46.270161290322584,
      52.318548387096776,
      63.50806451612903,
      68.90120967741936,
      71.72379032258064,
      74.29435483870968,
      75.20161290322581,
      76.5625,
      76.76411290322581,
      77.52016129032258,
      78.27620967741936,
      78.57862903225806,
      79.33467741935483,
      79.33467741935483,
      80.09072580645162,
      79.88911290322581,
      80.54435483870968,
      80.54435483870968,
      80.79637096774194,
      80.84677419354838
    ],
    "val_macro_f1s": [
      0.4030764605194034,
      0.4787967606342642,
      0.6189862614862893,
      0.6814191162772729,
      0.711377954399526,
      0.7376186304425153,
      0.7483497347869364,
      0.7643090555317045,
      0.7660517860030491,
      0.7733538598950397,
      0.7812360488740211,
      0.7852078847499612,
      0.792165633956629,
      0.7933573640229777,
      0.8005231365937536,
      0.7983513372166527,
      0.8051542508332424,
      0.8054390136706511,
      0.8083671590460157,
      0.8082898384277467
    ],
    "learning_rates": [
      4.995066821070679e-05,
      4.980286753286195e-05,
      4.955718126821722e-05,
      4.9214579028215776e-05,
      4.877641290737884e-05,
      4.8244412147206284e-05,
      4.762067631165049e-05,
      4.6907667001096584e-05,
      4.610819813755037e-05,
      4.5225424859373677e-05,
      4.426283106939472e-05,
      4.322421568553528e-05,
      4.211367764821721e-05,
      4.0935599743717234e-05,
      3.969463130731183e-05,
      3.839566987447491e-05,
      3.7043841852542874e-05,
      3.564448228912681e-05,
      3.420311381711694e-05,
      3.272542485937368e-05
    ]
  },
  "data_split_info": {
    "train_size": 9261,
    "val_size": 1984,
    "test_size": 1985
  }
}