{
  "experiment_id": "seed_333",
  "seed_value": 333,
  "seed_index": 4,
  "timestamp": "2026-05-22T23:12:20.936786",
  "configuration": {
    "learning_rate": 5e-05,
    "batch_size": 32,
    "early_stopping_patience": 5,
    "dropout": 0.5,
    "weight_decay": 0.0001,
    "max_epochs": 20,
    "model_init_seed": 42,
    "data_split_seed": 333,
    "dataset_size": "100% (full dataset)"
  },
  "training_info": {
    "total_epochs": 20,
    "best_epoch": 20,
    "early_stopped": false,
    "total_time_minutes": 17.657919172445933
  },
  "validation_metrics": {
    "best_val_macro_f1": 0.8021755651998291,
    "best_val_accuracy": 80.24193548387096,
    "best_val_loss": 0.5889476672295602,
    "final_val_macro_f1": 0.8021755651998291,
    "final_val_accuracy": 80.24193548387096,
    "final_val_loss": 0.5889476672295602
  },
  "test_metrics": {
    "test_macro_f1": 0.8060402651454902,
    "test_accuracy": 80.65491183879094,
    "test_loss": 0.5974162722390796,
    "report": {
      "conservative": {
        "precision": 0.6744186046511628,
        "recall": 0.8345323741007195,
        "f1-score": 0.7459807073954984,
        "support": 139.0
      },
      "dressy": {
        "precision": 0.968503937007874,
        "recall": 0.9111111111111111,
        "f1-score": 0.9389312977099237,
        "support": 135.0
      },
      "ethnic": {
        "precision": 0.85,
        "recall": 0.7906976744186046,
        "f1-score": 0.8192771084337349,
        "support": 129.0
      },
      "fairy": {
        "precision": 0.8986486486486487,
        "recall": 0.9236111111111112,
        "f1-score": 0.910958904109589,
        "support": 144.0
      },
      "feminine": {
        "precision": 0.7131147540983607,
        "recall": 0.7131147540983607,
        "f1-score": 0.7131147540983607,
        "support": 122.0
      },
      "gal": {
        "precision": 0.851063829787234,
        "recall": 0.8391608391608392,
        "f1-score": 0.8450704225352113,
        "support": 143.0
      },
      "girlish": {
        "precision": 0.7210884353741497,
        "recall": 0.6385542168674698,
        "f1-score": 0.6773162939297125,
        "support": 166.0
      },
      "kireime-casual": {
        "precision": 0.7251908396946565,
        "recall": 0.6012658227848101,
        "f1-score": 0.657439446366782,
        "support": 158.0
      },
      "lolita": {
        "precision": 0.9135802469135802,
        "recall": 0.925,
        "f1-score": 0.9192546583850931,
        "support": 160.0
      },
      "mode": {
        "precision": 0.7884615384615384,
        "recall": 0.7735849056603774,
        "f1-score": 0.780952380952381,
        "support": 159.0
      },
      "natural": {
        "precision": 0.7414965986394558,
        "recall": 0.8449612403100775,
        "f1-score": 0.7898550724637681,
        "support": 129.0
      },
      "retro": {
        "precision": 0.7518248175182481,
        "recall": 0.8110236220472441,
        "f1-score": 0.7803030303030303,
        "support": 127.0
      },
      "rock": {
        "precision": 0.776,
        "recall": 0.8016528925619835,
        "f1-score": 0.7886178861788617,
        "support": 121.0
      },
      "street": {
        "precision": 0.9266666666666666,
        "recall": 0.9084967320261438,
        "f1-score": 0.9174917491749175,
        "support": 153.0
      },
      "accuracy": 0.8065491183879093,
      "macro avg": {
        "precision": 0.8071470655329697,
        "recall": 0.8083405211613467,
        "f1-score": 0.8060402651454902,
        "support": 1985.0
      },
      "weighted avg": {
        "precision": 0.8085035872656342,
        "recall": 0.8065491183879093,
        "f1-score": 0.8057974032242441,
        "support": 1985.0
      }
    }
  },
  "overfitting_analysis": {
    "overfitting_detected": false,
    "best_val_loss": 0.5889476672295602,
    "val_loss_after_best": 0.5889476672295602,
    "increase_percentage": 0.0,
    "train_val_gap": 0.11701326082824193
  },
  "training_curves": {
    "train_losses": [
      2.589238301638899,
      2.238767084993165,
      1.7747983961269773,
      1.5061110200553105,
      1.3319530429511235,
      1.2045491465206803,
      1.1085047360124258,
      1.0460939890351788,
      0.9717981091861068,
      0.9317163765430451,
      0.8998377775323803,
      0.8724164367749774,
      0.8354376592512789,
      0.8058955864659672,
      0.7928184141372813,
      0.7698428241343334,
      0.7411435288601909,
      0.7330777180605921,
      0.7130338427321664,
      0.7059609280578021
    ],
    "val_losses": [
      2.4572263879160725,
      1.8556466544828107,
      1.4529980920976209,
      1.2214487521879134,
      1.067983162979926,
      0.9618761606754795,
      0.8862065855533846,
      0.8268693973941188,
      0.7824796284398725,
      0.746627801848996,
      0.7188098276815107,
      0.69646791200484,
      0.6807709850611225,
      0.6566429056467549,
      0.6427287271907253,
      0.6293983089347039,
      0.61496372040241,
      0.6073179817007434,
      0.597443463821565,
      0.5889476672295602
    ],
    "train_accs": [
      15.559874743548212,
      33.49530288305799,
      43.07310225677573,
      50.923226433430514,
      56.05226217471115,
      59.1944714393694,
      63.28690206241227,
      65.17654680919988,
      67.71406975488608,
      68.56710938343592,
      69.8088759313249,
      70.64031961991145,
      72.1412374473599,
      72.60555015657056,
      73.44779181513876,
      73.62055933484505,
      75.348234531908,
      74.93791167260555,
      75.5965878414858,
      75.82334521110032
    ],
    "val_accs": [
      46.16935483870968,
      54.63709677419355,
      64.66733870967742,
      69.10282258064517,
      70.96774193548387,
      73.89112903225806,
      74.24395161290323,
      75.95766129032258,
      76.41129032258064,
      77.57056451612904,
      77.62096774193549,
      77.77217741935483,
      77.8225806451613,
      78.57862903225806,
      79.48588709677419,
      79.23387096774194,
      79.5866935483871,
      79.83870967741936,
      80.09072580645162,
      80.24193548387096
    ],
    "val_macro_f1s": [
      0.40374746152808016,
      0.5049018307367434,
      0.6245181553924216,
      0.6792354422782811,
      0.6987975608519381,
      0.7329375640830254,
      0.7369451650142861,
      0.7551657507608079,
      0.760677890579041,
      0.7718035409510237,
      0.7736251943361843,
      0.7764432606995484,
      0.7749646081354625,
      0.7845744192380837,
      0.7937217042422322,
      0.7911756998171816,
      0.7949814469227819,
      0.7975951228374196,
      0.8003993462005463,
      0.8021755651998291
    ],
    "learning_rates": [
      4.995066821070679e-05,
      4.980286753286195e-05,
      4.955718126821722e-05,
      4.9214579028215776e-05,
      4.877641290737884e-05,
      4.8244412147206284e-05,
      4.762067631165049e-05,
      4.6907667001096584e-05,
      4.610819813755037e-05,
      4.5225424859373677e-05,
      4.426283106939472e-05,
      4.322421568553528e-05,
      4.211367764821721e-05,
      4.0935599743717234e-05,
      3.969463130731183e-05,
      3.839566987447491e-05,
      3.7043841852542874e-05,
      3.564448228912681e-05,
      3.420311381711694e-05,
      3.272542485937368e-05
    ]
  },
  "data_split_info": {
    "train_size": 9261,
    "val_size": 1984,
    "test_size": 1985
  }
}