{
  "experiment_id": "seed_58",
  "seed_value": 58,
  "seed_index": 8,
  "timestamp": "2026-05-22T12:22:53.766838",
  "configuration": {
    "learning_rate": 5e-05,
    "batch_size": 32,
    "early_stopping_patience": 5,
    "dropout": 0.5,
    "weight_decay": 0.0001,
    "max_epochs": 20,
    "model_init_seed": 42,
    "data_split_seed": 58,
    "dataset_size": "100% (full dataset)"
  },
  "training_info": {
    "total_epochs": 20,
    "best_epoch": 20,
    "early_stopped": false,
    "total_time_minutes": 17.726054298877717
  },
  "validation_metrics": {
    "best_val_macro_f1": 0.7970874324531715,
    "best_val_accuracy": 79.73790322580645,
    "best_val_loss": 0.5926259602269819,
    "final_val_macro_f1": 0.7970874324531715,
    "final_val_accuracy": 79.73790322580645,
    "final_val_loss": 0.5926259602269819
  },
  "test_metrics": {
    "test_macro_f1": 0.8190014466284096,
    "test_accuracy": 81.9647355163728,
    "test_loss": 0.559361457824707,
    "report": {
      "conservative": {
        "precision": 0.7571428571428571,
        "recall": 0.762589928057554,
        "f1-score": 0.7598566308243727,
        "support": 139.0
      },
      "dressy": {
        "precision": 0.9708029197080292,
        "recall": 0.9851851851851852,
        "f1-score": 0.9779411764705882,
        "support": 135.0
      },
      "ethnic": {
        "precision": 0.8702290076335878,
        "recall": 0.8837209302325582,
        "f1-score": 0.8769230769230769,
        "support": 129.0
      },
      "fairy": {
        "precision": 0.896551724137931,
        "recall": 0.9027777777777778,
        "f1-score": 0.8996539792387543,
        "support": 144.0
      },
      "feminine": {
        "precision": 0.6906474820143885,
        "recall": 0.7868852459016393,
        "f1-score": 0.735632183908046,
        "support": 122.0
      },
      "gal": {
        "precision": 0.8513513513513513,
        "recall": 0.8811188811188811,
        "f1-score": 0.865979381443299,
        "support": 143.0
      },
      "girlish": {
        "precision": 0.7563025210084033,
        "recall": 0.5421686746987951,
        "f1-score": 0.631578947368421,
        "support": 166.0
      },
      "kireime-casual": {
        "precision": 0.7096774193548387,
        "recall": 0.6962025316455697,
        "f1-score": 0.7028753993610224,
        "support": 158.0
      },
      "lolita": {
        "precision": 0.9074074074074074,
        "recall": 0.91875,
        "f1-score": 0.9130434782608695,
        "support": 160.0
      },
      "mode": {
        "precision": 0.8299319727891157,
        "recall": 0.7672955974842768,
        "f1-score": 0.7973856209150327,
        "support": 159.0
      },
      "natural": {
        "precision": 0.7032258064516129,
        "recall": 0.8449612403100775,
        "f1-score": 0.7676056338028169,
        "support": 129.0
      },
      "retro": {
        "precision": 0.8064516129032258,
        "recall": 0.7874015748031497,
        "f1-score": 0.796812749003984,
        "support": 127.0
      },
      "rock": {
        "precision": 0.8264462809917356,
        "recall": 0.8264462809917356,
        "f1-score": 0.8264462809917356,
        "support": 121.0
      },
      "street": {
        "precision": 0.8888888888888888,
        "recall": 0.9411764705882353,
        "f1-score": 0.9142857142857143,
        "support": 153.0
      },
      "accuracy": 0.819647355163728,
      "macro avg": {
        "precision": 0.8189326608416696,
        "recall": 0.8233343084853882,
        "f1-score": 0.8190014466284096,
        "support": 1985.0
      },
      "weighted avg": {
        "precision": 0.8199604942509403,
        "recall": 0.819647355163728,
        "f1-score": 0.8175150162236577,
        "support": 1985.0
      }
    }
  },
  "overfitting_analysis": {
    "overfitting_detected": false,
    "best_val_loss": 0.5926259602269819,
    "val_loss_after_best": 0.5926259602269819,
    "increase_percentage": 0.0,
    "train_val_gap": 0.11696620086939369
  },
  "training_curves": {
    "train_losses": [
      2.589149841768988,
      2.236686572124218,
      1.7731448448937515,
      1.5032185538061733,
      1.3375288883159901,
      1.226693170440608,
      1.1287084875435665,
      1.0407644288293247,
      0.9888868177759236,
      0.9441007976901943,
      0.9030226083665058,
      0.8672763019800186,
      0.8534213455586598,
      0.8242916737137169,
      0.7914248349337742,
      0.775059412265646,
      0.7511691610360968,
      0.7393466422270084,
      0.7253904548184625,
      0.7095921610963756
    ],
    "val_losses": [
      2.4514275520078597,
      1.845031113393845,
      1.4449382155172286,
      1.20968345576717,
      1.063605752683455,
      0.9638478381018485,
      0.8813127096622221,
      0.8225251090142035,
      0.7766707462649192,
      0.7386028406120115,
      0.7124619801198283,
      0.6929683358438553,
      0.6698183970105264,
      0.6572167950291787,
      0.6393508935166944,
      0.627271173461791,
      0.6209663037330874,
      0.6068268591357816,
      0.6020179458202854,
      0.5926259602269819
    ],
    "train_accs": [
      15.052370154410971,
      33.678868372745924,
      43.720980455674336,
      50.84764064355901,
      55.74991901522514,
      59.73436993845157,
      62.50944822373394,
      65.2089407191448,
      66.88262606629954,
      68.1891804340784,
      70.1544109707375,
      71.06144044919556,
      71.18021811899364,
      72.77831767627686,
      73.27502429543246,
      74.44120505344995,
      75.22945686210993,
      75.18626498218335,
      76.12568837058633,
      76.8383543893748
    ],
    "val_accs": [
      44.707661290322584,
      53.225806451612904,
      64.96975806451613,
      69.70766129032258,
      71.67338709677419,
      73.79032258064517,
      75.35282258064517,
      75.75604838709677,
      76.8649193548387,
      77.31854838709677,
      77.36895161290323,
      77.67137096774194,
      77.97379032258064,
      78.32661290322581,
      78.93145161290323,
      78.88104838709677,
      78.52822580645162,
      79.43548387096774,
      79.28427419354838,
      79.73790322580645
    ],
    "val_macro_f1s": [
      0.4070699417120197,
      0.48072233797035524,
      0.6324999958352427,
      0.6860014802371037,
      0.7092165517443341,
      0.7327102951707437,
      0.7507881187836346,
      0.7544868892225555,
      0.7664426461229134,
      0.7706488062605145,
      0.7716055321281695,
      0.7746739145706856,
      0.7789814885603513,
      0.7816179541078215,
      0.7885906289710487,
      0.787604540412925,
      0.7848359595034539,
      0.7939661497629016,
      0.792388648392196,
      0.7970874324531715
    ],
    "learning_rates": [
      4.995066821070679e-05,
      4.980286753286195e-05,
      4.955718126821722e-05,
      4.9214579028215776e-05,
      4.877641290737884e-05,
      4.8244412147206284e-05,
      4.762067631165049e-05,
      4.6907667001096584e-05,
      4.610819813755037e-05,
      4.5225424859373677e-05,
      4.426283106939472e-05,
      4.322421568553528e-05,
      4.211367764821721e-05,
      4.0935599743717234e-05,
      3.969463130731183e-05,
      3.839566987447491e-05,
      3.7043841852542874e-05,
      3.564448228912681e-05,
      3.420311381711694e-05,
      3.272542485937368e-05
    ]
  },
  "data_split_info": {
    "train_size": 9261,
    "val_size": 1984,
    "test_size": 1985
  }
}