{
  "experiment_id": "seed_14",
  "seed_value": 14,
  "seed_index": 2,
  "timestamp": "2026-05-22T10:35:10.234705",
  "configuration": {
    "learning_rate": 5e-05,
    "batch_size": 32,
    "early_stopping_patience": 5,
    "dropout": 0.5,
    "weight_decay": 0.0001,
    "max_epochs": 20,
    "model_init_seed": 42,
    "data_split_seed": 14,
    "dataset_size": "100% (full dataset)"
  },
  "training_info": {
    "total_epochs": 20,
    "best_epoch": 20,
    "early_stopped": false,
    "total_time_minutes": 17.59517631530762
  },
  "validation_metrics": {
    "best_val_macro_f1": 0.8208158776244622,
    "best_val_accuracy": 82.15725806451613,
    "best_val_loss": 0.5396600716537044,
    "final_val_macro_f1": 0.8208158776244622,
    "final_val_accuracy": 82.15725806451613,
    "final_val_loss": 0.5396600716537044
  },
  "test_metrics": {
    "test_macro_f1": 0.8044546622474036,
    "test_accuracy": 80.60453400503778,
    "test_loss": 0.5836144099159847,
    "report": {
      "conservative": {
        "precision": 0.7086092715231788,
        "recall": 0.7697841726618705,
        "f1-score": 0.7379310344827587,
        "support": 139.0
      },
      "dressy": {
        "precision": 0.9420289855072463,
        "recall": 0.9629629629629629,
        "f1-score": 0.9523809523809523,
        "support": 135.0
      },
      "ethnic": {
        "precision": 0.8442622950819673,
        "recall": 0.7984496124031008,
        "f1-score": 0.8207171314741036,
        "support": 129.0
      },
      "fairy": {
        "precision": 0.896551724137931,
        "recall": 0.9027777777777778,
        "f1-score": 0.8996539792387543,
        "support": 144.0
      },
      "feminine": {
        "precision": 0.7014925373134329,
        "recall": 0.7704918032786885,
        "f1-score": 0.734375,
        "support": 122.0
      },
      "gal": {
        "precision": 0.8712121212121212,
        "recall": 0.8041958041958042,
        "f1-score": 0.8363636363636363,
        "support": 143.0
      },
      "girlish": {
        "precision": 0.784,
        "recall": 0.5903614457831325,
        "f1-score": 0.6735395189003437,
        "support": 166.0
      },
      "kireime-casual": {
        "precision": 0.689873417721519,
        "recall": 0.689873417721519,
        "f1-score": 0.689873417721519,
        "support": 158.0
      },
      "lolita": {
        "precision": 0.8875739644970414,
        "recall": 0.9375,
        "f1-score": 0.9118541033434651,
        "support": 160.0
      },
      "mode": {
        "precision": 0.8064516129032258,
        "recall": 0.7861635220125787,
        "f1-score": 0.7961783439490446,
        "support": 159.0
      },
      "natural": {
        "precision": 0.7435897435897436,
        "recall": 0.8992248062015504,
        "f1-score": 0.8140350877192982,
        "support": 129.0
      },
      "retro": {
        "precision": 0.8070175438596491,
        "recall": 0.7244094488188977,
        "f1-score": 0.7634854771784232,
        "support": 127.0
      },
      "rock": {
        "precision": 0.7398373983739838,
        "recall": 0.7520661157024794,
        "f1-score": 0.7459016393442623,
        "support": 121.0
      },
      "street": {
        "precision": 0.8588957055214724,
        "recall": 0.9150326797385621,
        "f1-score": 0.8860759493670886,
        "support": 153.0
      },
      "accuracy": 0.8060453400503779,
      "macro avg": {
        "precision": 0.8058140229458937,
        "recall": 0.8073781120899232,
        "f1-score": 0.8044546622474036,
        "support": 1985.0
      },
      "weighted avg": {
        "precision": 0.807343386863797,
        "recall": 0.8060453400503779,
        "f1-score": 0.8044603270663229,
        "support": 1985.0
      }
    }
  },
  "overfitting_analysis": {
    "overfitting_detected": false,
    "best_val_loss": 0.5396600716537044,
    "val_loss_after_best": 0.5396600716537044,
    "increase_percentage": 0.0,
    "train_val_gap": 0.1772509103754869
  },
  "training_curves": {
    "train_losses": [
      2.590936247233687,
      2.2324110142115887,
      1.783241027799146,
      1.5112116476585125,
      1.342450097717088,
      1.2240207867375736,
      1.1117219014414426,
      1.0506099818081691,
      0.9852024386669027,
      0.9406458659418698,
      0.9064926340662199,
      0.867605682077079,
      0.8360046412410407,
      0.8224240100589292,
      0.7901041937285456,
      0.7746119889719733,
      0.748770231727896,
      0.7359200369695137,
      0.7211714451682979,
      0.7169109820291913
    ],
    "val_losses": [
      2.451927584986533,
      1.8345163483773508,
      1.4378250164370383,
      1.1980784323907667,
      1.0453749443254163,
      0.9328272217704404,
      0.8467091600741109,
      0.786460038154356,
      0.7420399198609013,
      0.6993701174374549,
      0.6740152696447987,
      0.6459670196617803,
      0.6247478906185396,
      0.6088779313910392,
      0.5896380346628928,
      0.5813982741486642,
      0.5640569949342359,
      0.5587350211797222,
      0.5475462713549214,
      0.5396600716537044
    ],
    "train_accs": [
      15.376309253860274,
      33.49530288305799,
      42.78155706727135,
      50.36173199438505,
      55.49076773566569,
      58.74095670014037,
      63.02775078285283,
      64.7878198898607,
      66.7746463664831,
      68.42673577367455,
      70.31638052046215,
      71.0506424792139,
      72.28161105712127,
      72.08724759745168,
      73.33981211532232,
      74.31162941367023,
      75.07828528236692,
      75.197062952165,
      75.68297160133895,
      76.00691070078825
    ],
    "val_accs": [
      50.0,
      54.83870967741935,
      65.02016129032258,
      72.47983870967742,
      73.5383064516129,
      75.35282258064517,
      76.51209677419355,
      77.77217741935483,
      77.97379032258064,
      79.08266129032258,
      79.13306451612904,
      80.14112903225806,
      80.24193548387096,
      80.59475806451613,
      80.64516129032258,
      80.74596774193549,
      81.45161290322581,
      81.09879032258064,
      81.30040322580645,
      82.15725806451613
    ],
    "val_macro_f1s": [
      0.44888659974290995,
      0.49278207004463687,
      0.6261035474222142,
      0.7185998373797694,
      0.7280883201924261,
      0.7479711719964849,
      0.7617668457218824,
      0.7764110121162611,
      0.777742141266713,
      0.7890536711991517,
      0.7891721526651194,
      0.8002029102163293,
      0.8016937447781938,
      0.8053065649918005,
      0.8048068645567705,
      0.8066872655944523,
      0.8132302565329244,
      0.8101804279524429,
      0.8122777950887546,
      0.8208158776244622
    ],
    "learning_rates": [
      4.995066821070679e-05,
      4.980286753286195e-05,
      4.955718126821722e-05,
      4.9214579028215776e-05,
      4.877641290737884e-05,
      4.8244412147206284e-05,
      4.762067631165049e-05,
      4.6907667001096584e-05,
      4.610819813755037e-05,
      4.5225424859373677e-05,
      4.426283106939472e-05,
      4.322421568553528e-05,
      4.211367764821721e-05,
      4.0935599743717234e-05,
      3.969463130731183e-05,
      3.839566987447491e-05,
      3.7043841852542874e-05,
      3.564448228912681e-05,
      3.420311381711694e-05,
      3.272542485937368e-05
    ]
  },
  "data_split_info": {
    "train_size": 9261,
    "val_size": 1984,
    "test_size": 1985
  }
}