{
  "experiment_id": "seed_347",
  "seed_value": 347,
  "seed_index": 5,
  "timestamp": "2026-05-22T23:30:24.179408",
  "configuration": {
    "learning_rate": 5e-05,
    "batch_size": 32,
    "early_stopping_patience": 5,
    "dropout": 0.5,
    "weight_decay": 0.0001,
    "max_epochs": 20,
    "model_init_seed": 42,
    "data_split_seed": 347,
    "dataset_size": "100% (full dataset)"
  },
  "training_info": {
    "total_epochs": 20,
    "best_epoch": 20,
    "early_stopped": false,
    "total_time_minutes": 17.75973036289215
  },
  "validation_metrics": {
    "best_val_macro_f1": 0.812662534942689,
    "best_val_accuracy": 81.25,
    "best_val_loss": 0.5585221850102947,
    "final_val_macro_f1": 0.812662534942689,
    "final_val_accuracy": 81.25,
    "final_val_loss": 0.5585221850102947
  },
  "test_metrics": {
    "test_macro_f1": 0.8126004274299765,
    "test_accuracy": 81.30982367758186,
    "test_loss": 0.5767924137531765,
    "report": {
      "conservative": {
        "precision": 0.7088607594936709,
        "recall": 0.8057553956834532,
        "f1-score": 0.7542087542087542,
        "support": 139.0
      },
      "dressy": {
        "precision": 0.9416058394160584,
        "recall": 0.9555555555555556,
        "f1-score": 0.9485294117647058,
        "support": 135.0
      },
      "ethnic": {
        "precision": 0.8699186991869918,
        "recall": 0.8294573643410853,
        "f1-score": 0.8492063492063492,
        "support": 129.0
      },
      "fairy": {
        "precision": 0.9436619718309859,
        "recall": 0.9305555555555556,
        "f1-score": 0.9370629370629371,
        "support": 144.0
      },
      "feminine": {
        "precision": 0.7407407407407407,
        "recall": 0.819672131147541,
        "f1-score": 0.7782101167315175,
        "support": 122.0
      },
      "gal": {
        "precision": 0.8456375838926175,
        "recall": 0.8811188811188811,
        "f1-score": 0.863013698630137,
        "support": 143.0
      },
      "girlish": {
        "precision": 0.76,
        "recall": 0.572289156626506,
        "f1-score": 0.6529209621993127,
        "support": 166.0
      },
      "kireime-casual": {
        "precision": 0.6912751677852349,
        "recall": 0.6518987341772152,
        "f1-score": 0.6710097719869706,
        "support": 158.0
      },
      "lolita": {
        "precision": 0.8764705882352941,
        "recall": 0.93125,
        "f1-score": 0.9030303030303031,
        "support": 160.0
      },
      "mode": {
        "precision": 0.7986577181208053,
        "recall": 0.7484276729559748,
        "f1-score": 0.7727272727272727,
        "support": 159.0
      },
      "natural": {
        "precision": 0.7333333333333333,
        "recall": 0.8527131782945736,
        "f1-score": 0.7885304659498208,
        "support": 129.0
      },
      "retro": {
        "precision": 0.7758620689655172,
        "recall": 0.7086614173228346,
        "f1-score": 0.7407407407407407,
        "support": 127.0
      },
      "rock": {
        "precision": 0.7727272727272727,
        "recall": 0.8429752066115702,
        "f1-score": 0.8063241106719368,
        "support": 121.0
      },
      "street": {
        "precision": 0.92,
        "recall": 0.9019607843137255,
        "f1-score": 0.9108910891089109,
        "support": 153.0
      },
      "accuracy": 0.8130982367758186,
      "macro avg": {
        "precision": 0.8127679816948945,
        "recall": 0.8165922166931765,
        "f1-score": 0.8126004274299765,
        "support": 1985.0
      },
      "weighted avg": {
        "precision": 0.8136270254227352,
        "recall": 0.8130982367758186,
        "f1-score": 0.8111852540591282,
        "support": 1985.0
      }
    }
  },
  "overfitting_analysis": {
    "overfitting_detected": false,
    "best_val_loss": 0.5585221850102947,
    "val_loss_after_best": 0.5585221850102947,
    "increase_percentage": 0.0,
    "train_val_gap": 0.15724455812351334
  },
  "training_curves": {
    "train_losses": [
      2.5871004499238115,
      2.224071964313244,
      1.7776644875263345,
      1.5085995686465297,
      1.3413911700248717,
      1.209611783150969,
      1.118669949728867,
      1.0488816731962665,
      0.9987774832495327,
      0.9372065102231913,
      0.9060646343847801,
      0.8700234277495023,
      0.8455896235745529,
      0.8026946498402234,
      0.7845228626810271,
      0.7709012578273642,
      0.7555133766141431,
      0.7404376036134259,
      0.7299114204686263,
      0.7157667431338081
    ],
    "val_losses": [
      2.4461309179182975,
      1.8421937477204107,
      1.452966861186489,
      1.2150086068337964,
      1.0549076247599818,
      0.9460999417689538,
      0.861725591844128,
      0.802320925458785,
      0.7566025160974071,
      0.7144788109487102,
      0.6865593026722631,
      0.6598557877925134,
      0.6410305543291953,
      0.6262736628132481,
      0.6049950896732269,
      0.5928582318367497,
      0.5874680391242427,
      0.5735625730406854,
      0.5658922382900792,
      0.5585221850102947
    ],
    "train_accs": [
      14.998380304502753,
      33.98121153223194,
      43.753374365619266,
      50.890832523485585,
      55.50156570564734,
      59.62639023863514,
      62.36907461397257,
      64.72303206997084,
      66.51549508692366,
      68.65349314328907,
      69.63610841161862,
      71.16942014901198,
      71.65532879818593,
      72.85390346614837,
      73.59896339488176,
      73.57736745491847,
      74.7003563330094,
      75.38062844185293,
      75.348234531908,
      75.81254724111866
    ],
    "val_accs": [
      46.67338709677419,
      53.42741935483871,
      65.625,
      70.66532258064517,
      72.68145161290323,
      74.94959677419355,
      76.00806451612904,
      77.36895161290323,
      77.46975806451613,
      78.2258064516129,
      78.37701612903226,
      79.48588709677419,
      79.83870967741936,
      79.53629032258064,
      80.19153225806451,
      80.64516129032258,
      80.64516129032258,
      80.9475806451613,
      80.89717741935483,
      81.25
    ],
    "val_macro_f1s": [
      0.41699055114264916,
      0.47930832769219167,
      0.6405346965465715,
      0.6975882777266171,
      0.7186409198819618,
      0.7465308016860874,
      0.757519445002311,
      0.7717970936334396,
      0.771832754167624,
      0.7806804573608636,
      0.7825268614810998,
      0.7943204931022833,
      0.7977696656918613,
      0.7948236824373105,
      0.8015968471920293,
      0.8060734000409677,
      0.8073327291081112,
      0.8091648504429678,
      0.8084732627077885,
      0.812662534942689
    ],
    "learning_rates": [
      4.995066821070679e-05,
      4.980286753286195e-05,
      4.955718126821722e-05,
      4.9214579028215776e-05,
      4.877641290737884e-05,
      4.8244412147206284e-05,
      4.762067631165049e-05,
      4.6907667001096584e-05,
      4.610819813755037e-05,
      4.5225424859373677e-05,
      4.426283106939472e-05,
      4.322421568553528e-05,
      4.211367764821721e-05,
      4.0935599743717234e-05,
      3.969463130731183e-05,
      3.839566987447491e-05,
      3.7043841852542874e-05,
      3.564448228912681e-05,
      3.420311381711694e-05,
      3.272542485937368e-05
    ]
  },
  "data_split_info": {
    "train_size": 9261,
    "val_size": 1984,
    "test_size": 1985
  }
}