{
  "experiment_id": "seed_259",
  "seed_value": 259,
  "seed_index": 8,
  "timestamp": "2026-05-23T00:26:53.182032",
  "configuration": {
    "learning_rate": 5e-05,
    "batch_size": 32,
    "early_stopping_patience": 5,
    "dropout": 0.5,
    "weight_decay": 0.0001,
    "max_epochs": 20,
    "model_init_seed": 42,
    "data_split_seed": 259,
    "dataset_size": "100% (full dataset)"
  },
  "training_info": {
    "total_epochs": 20,
    "best_epoch": 20,
    "early_stopped": false,
    "total_time_minutes": 18.12181463241577
  },
  "validation_metrics": {
    "best_val_macro_f1": 0.8259389927861118,
    "best_val_accuracy": 82.61088709677419,
    "best_val_loss": 0.54317810698863,
    "final_val_macro_f1": 0.8259389927861118,
    "final_val_accuracy": 82.61088709677419,
    "final_val_loss": 0.54317810698863
  },
  "test_metrics": {
    "test_macro_f1": 0.8052457772201238,
    "test_accuracy": 80.70528967254408,
    "test_loss": 0.6210983759827085,
    "report": {
      "conservative": {
        "precision": 0.6951219512195121,
        "recall": 0.8201438848920863,
        "f1-score": 0.7524752475247525,
        "support": 139.0
      },
      "dressy": {
        "precision": 0.9416058394160584,
        "recall": 0.9555555555555556,
        "f1-score": 0.9485294117647058,
        "support": 135.0
      },
      "ethnic": {
        "precision": 0.8538461538461538,
        "recall": 0.8604651162790697,
        "f1-score": 0.8571428571428571,
        "support": 129.0
      },
      "fairy": {
        "precision": 0.896774193548387,
        "recall": 0.9652777777777778,
        "f1-score": 0.9297658862876255,
        "support": 144.0
      },
      "feminine": {
        "precision": 0.711864406779661,
        "recall": 0.6885245901639344,
        "f1-score": 0.7,
        "support": 122.0
      },
      "gal": {
        "precision": 0.8698630136986302,
        "recall": 0.8881118881118881,
        "f1-score": 0.8788927335640139,
        "support": 143.0
      },
      "girlish": {
        "precision": 0.7153284671532847,
        "recall": 0.5903614457831325,
        "f1-score": 0.6468646864686468,
        "support": 166.0
      },
      "kireime-casual": {
        "precision": 0.6862745098039216,
        "recall": 0.6645569620253164,
        "f1-score": 0.6752411575562701,
        "support": 158.0
      },
      "lolita": {
        "precision": 0.9281045751633987,
        "recall": 0.8875,
        "f1-score": 0.9073482428115016,
        "support": 160.0
      },
      "mode": {
        "precision": 0.8273381294964028,
        "recall": 0.7232704402515723,
        "f1-score": 0.7718120805369127,
        "support": 159.0
      },
      "natural": {
        "precision": 0.7450980392156863,
        "recall": 0.8837209302325582,
        "f1-score": 0.8085106382978723,
        "support": 129.0
      },
      "retro": {
        "precision": 0.8777777777777778,
        "recall": 0.6220472440944882,
        "f1-score": 0.728110599078341,
        "support": 127.0
      },
      "rock": {
        "precision": 0.7172413793103448,
        "recall": 0.859504132231405,
        "f1-score": 0.7819548872180451,
        "support": 121.0
      },
      "street": {
        "precision": 0.8545454545454545,
        "recall": 0.9215686274509803,
        "f1-score": 0.8867924528301887,
        "support": 153.0
      },
      "accuracy": 0.8070528967254408,
      "macro avg": {
        "precision": 0.8086274207839053,
        "recall": 0.8093291853464119,
        "f1-score": 0.8052457772201238,
        "support": 1985.0
      },
      "weighted avg": {
        "precision": 0.8093726573475911,
        "recall": 0.8070528967254408,
        "f1-score": 0.8046398451654151,
        "support": 1985.0
      }
    }
  },
  "overfitting_analysis": {
    "overfitting_detected": false,
    "best_val_loss": 0.54317810698863,
    "val_loss_after_best": 0.54317810698863,
    "increase_percentage": 0.0,
    "train_val_gap": 0.1779566695049687
  },
  "training_curves": {
    "train_losses": [
      2.5881931609120863,
      2.2399935163300615,
      1.793193699984715,
      1.5232139143450507,
      1.3427855101124995,
      1.2100315827747872,
      1.1272666413208534,
      1.059915782459851,
      1.0055604320147942,
      0.9504725524063768,
      0.9020182778095377,
      0.8835418974531108,
      0.8490716054521757,
      0.822527843816527,
      0.79647423727759,
      0.7841106914240739,
      0.767124904692173,
      0.7519207589585205,
      0.73192825707896,
      0.7211347764935987
    ],
    "val_losses": [
      2.4543901720354633,
      1.8493785127516715,
      1.4491910511447537,
      1.2066722396881349,
      1.043507033778775,
      0.9262500366856975,
      0.850234950742414,
      0.7878817473688433,
      0.7452861580156511,
      0.701766854813022,
      0.6691487864140542,
      0.645389786170375,
      0.6270211800452201,
      0.6089011752797712,
      0.5940170071778759,
      0.5780405464672274,
      0.5690038819466868,
      0.5594859627946731,
      0.5519703069040852,
      0.54317810698863
    ],
    "train_accs": [
      15.289925494007127,
      33.18216175359032,
      42.97592052694093,
      49.703055825504805,
      55.307202245977756,
      60.177086707698955,
      62.466256343807366,
      64.5394665802829,
      65.75963718820861,
      67.89763524457402,
      69.29057337220603,
      70.16520894071914,
      71.471763308498,
      72.69193391642371,
      72.86470143613,
      73.80412482453299,
      74.00928625418422,
      74.93791167260555,
      75.36983047187128,
      75.96371882086167
    ],
    "val_accs": [
      49.14314516129032,
      54.63709677419355,
      65.17137096774194,
      71.21975806451613,
      74.14314516129032,
      75.50403225806451,
      77.11693548387096,
      77.77217741935483,
      78.72983870967742,
      79.73790322580645,
      80.09072580645162,
      79.9899193548387,
      80.49395161290323,
      80.69556451612904,
      81.04838709677419,
      81.45161290322581,
      81.5524193548387,
      81.90524193548387,
      82.10685483870968,
      82.61088709677419
    ],
    "val_macro_f1s": [
      0.4359327323236499,
      0.5031510562939303,
      0.6239478283649103,
      0.7009999742811849,
      0.7340260329949054,
      0.7493862515937301,
      0.7673858708354497,
      0.7733409963726402,
      0.7853147187859213,
      0.7963854779252433,
      0.7995583989073225,
      0.7989364552588815,
      0.8033773327488182,
      0.8066179410429849,
      0.8095893197807722,
      0.8144317535847215,
      0.8152441530935404,
      0.8189396550831595,
      0.8207072841252202,
      0.8259389927861118
    ],
    "learning_rates": [
      4.995066821070679e-05,
      4.980286753286195e-05,
      4.955718126821722e-05,
      4.9214579028215776e-05,
      4.877641290737884e-05,
      4.8244412147206284e-05,
      4.762067631165049e-05,
      4.6907667001096584e-05,
      4.610819813755037e-05,
      4.5225424859373677e-05,
      4.426283106939472e-05,
      4.322421568553528e-05,
      4.211367764821721e-05,
      4.0935599743717234e-05,
      3.969463130731183e-05,
      3.839566987447491e-05,
      3.7043841852542874e-05,
      3.564448228912681e-05,
      3.420311381711694e-05,
      3.272542485937368e-05
    ]
  },
  "data_split_info": {
    "train_size": 9261,
    "val_size": 1984,
    "test_size": 1985
  }
}