{
  "experiment_id": "seed_328",
  "seed_value": 328,
  "seed_index": 3,
  "timestamp": "2026-05-22T22:54:24.215816",
  "configuration": {
    "learning_rate": 5e-05,
    "batch_size": 32,
    "early_stopping_patience": 5,
    "dropout": 0.5,
    "weight_decay": 0.0001,
    "max_epochs": 20,
    "model_init_seed": 42,
    "data_split_seed": 328,
    "dataset_size": "100% (full dataset)"
  },
  "training_info": {
    "total_epochs": 20,
    "best_epoch": 20,
    "early_stopped": false,
    "total_time_minutes": 17.765984276930492
  },
  "validation_metrics": {
    "best_val_macro_f1": 0.822979437333713,
    "best_val_accuracy": 82.25806451612904,
    "best_val_loss": 0.5571492333565989,
    "final_val_macro_f1": 0.822979437333713,
    "final_val_accuracy": 82.25806451612904,
    "final_val_loss": 0.5571492333565989
  },
  "test_metrics": {
    "test_macro_f1": 0.8136147991278534,
    "test_accuracy": 81.46095717884131,
    "test_loss": 0.5519638534576173,
    "report": {
      "conservative": {
        "precision": 0.6686746987951807,
        "recall": 0.7985611510791367,
        "f1-score": 0.7278688524590164,
        "support": 139.0
      },
      "dressy": {
        "precision": 0.9357142857142857,
        "recall": 0.9703703703703703,
        "f1-score": 0.9527272727272728,
        "support": 135.0
      },
      "ethnic": {
        "precision": 0.875968992248062,
        "recall": 0.875968992248062,
        "f1-score": 0.875968992248062,
        "support": 129.0
      },
      "fairy": {
        "precision": 0.910958904109589,
        "recall": 0.9236111111111112,
        "f1-score": 0.9172413793103448,
        "support": 144.0
      },
      "feminine": {
        "precision": 0.6691176470588235,
        "recall": 0.7459016393442623,
        "f1-score": 0.7054263565891473,
        "support": 122.0
      },
      "gal": {
        "precision": 0.8389261744966443,
        "recall": 0.8741258741258742,
        "f1-score": 0.8561643835616438,
        "support": 143.0
      },
      "girlish": {
        "precision": 0.7807017543859649,
        "recall": 0.536144578313253,
        "f1-score": 0.6357142857142857,
        "support": 166.0
      },
      "kireime-casual": {
        "precision": 0.7050359712230215,
        "recall": 0.620253164556962,
        "f1-score": 0.6599326599326599,
        "support": 158.0
      },
      "lolita": {
        "precision": 0.9477124183006536,
        "recall": 0.90625,
        "f1-score": 0.9265175718849841,
        "support": 160.0
      },
      "mode": {
        "precision": 0.8523489932885906,
        "recall": 0.7987421383647799,
        "f1-score": 0.8246753246753247,
        "support": 159.0
      },
      "natural": {
        "precision": 0.6890243902439024,
        "recall": 0.875968992248062,
        "f1-score": 0.7713310580204779,
        "support": 129.0
      },
      "retro": {
        "precision": 0.7768595041322314,
        "recall": 0.7401574803149606,
        "f1-score": 0.7580645161290323,
        "support": 127.0
      },
      "rock": {
        "precision": 0.8045112781954887,
        "recall": 0.8842975206611571,
        "f1-score": 0.84251968503937,
        "support": 121.0
      },
      "street": {
        "precision": 0.958904109589041,
        "recall": 0.9150326797385621,
        "f1-score": 0.9364548494983278,
        "support": 153.0
      },
      "accuracy": 0.8146095717884131,
      "macro avg": {
        "precision": 0.8153185086986772,
        "recall": 0.8189561208911824,
        "f1-score": 0.8136147991278534,
        "support": 1985.0
      },
      "weighted avg": {
        "precision": 0.8185376514495055,
        "recall": 0.8146095717884131,
        "f1-score": 0.8128618272054449,
        "support": 1985.0
      }
    }
  },
  "overfitting_analysis": {
    "overfitting_detected": false,
    "best_val_loss": 0.5571492333565989,
    "val_loss_after_best": 0.5571492333565989,
    "increase_percentage": 0.0,
    "train_val_gap": 0.15442650053936058
  },
  "training_curves": {
    "train_losses": [
      2.590551530903783,
      2.243130459045542,
      1.7832332290452102,
      1.5129341166594932,
      1.3414538924036354,
      1.2164454388207402,
      1.1159375390102124,
      1.0630085834141436,
      0.9988504360462057,
      0.9602038234472274,
      0.9117798930612103,
      0.8749656230211258,
      0.8545079798533999,
      0.8193726694789426,
      0.8014132253054915,
      0.7811439546017811,
      0.7650031842034438,
      0.7432832934733095,
      0.7264227318352666,
      0.7115757338959595
    ],
    "val_losses": [
      2.4587840957026326,
      1.8507719655190744,
      1.4535209748052782,
      1.2137291489108917,
      1.05104027640435,
      0.9438917473439248,
      0.8629424966150715,
      0.8089454693178977,
      0.7574908752595225,
      0.7228720736119055,
      0.6925460306867477,
      0.6661592202801858,
      0.6445584090486649,
      0.6251347213983536,
      0.609692019800986,
      0.5968702935403393,
      0.5860757399951259,
      0.5774001584899041,
      0.564625088245638,
      0.5571492333565989
    ],
    "train_accs": [
      15.20354173415398,
      33.614080552856066,
      43.02991037684915,
      50.750458913724216,
      55.339596155922685,
      59.475218658892125,
      62.844185293164884,
      64.51787064031961,
      66.68826260662995,
      67.80045351473923,
      68.64269517330742,
      71.2234099989202,
      71.88208616780045,
      72.42198466688262,
      72.83230752618508,
      73.29662023539575,
      74.46280099341324,
      75.07828528236692,
      75.24025483209157,
      76.24446604038441
    ],
    "val_accs": [
      42.23790322580645,
      55.04032258064516,
      64.91935483870968,
      70.6149193548387,
      73.48790322580645,
      75.70564516129032,
      77.11693548387096,
      77.52016129032258,
      78.47782258064517,
      79.33467741935483,
      79.63709677419355,
      80.09072580645162,
      80.74596774193549,
      80.49395161290323,
      80.74596774193549,
      80.84677419354838,
      81.40120967741936,
      81.5524193548387,
      82.05645161290323,
      82.25806451612904
    ],
    "val_macro_f1s": [
      0.3745685651467387,
      0.5120576922732208,
      0.6303551334051412,
      0.6975130846338837,
      0.7272956023144328,
      0.7551553992116753,
      0.7694389415527407,
      0.7739888192997536,
      0.7837606056977381,
      0.792766140473067,
      0.796066333771237,
      0.8009438860443125,
      0.8073225520000478,
      0.8047736018480492,
      0.807672828632688,
      0.8088737250881006,
      0.81467429858594,
      0.8161875012781321,
      0.8210614474633122,
      0.822979437333713
    ],
    "learning_rates": [
      4.995066821070679e-05,
      4.980286753286195e-05,
      4.955718126821722e-05,
      4.9214579028215776e-05,
      4.877641290737884e-05,
      4.8244412147206284e-05,
      4.762067631165049e-05,
      4.6907667001096584e-05,
      4.610819813755037e-05,
      4.5225424859373677e-05,
      4.426283106939472e-05,
      4.322421568553528e-05,
      4.211367764821721e-05,
      4.0935599743717234e-05,
      3.969463130731183e-05,
      3.839566987447491e-05,
      3.7043841852542874e-05,
      3.564448228912681e-05,
      3.420311381711694e-05,
      3.272542485937368e-05
    ]
  },
  "data_split_info": {
    "train_size": 9261,
    "val_size": 1984,
    "test_size": 1985
  }
}