{
  "experiment_id": "seed_53",
  "seed_value": 53,
  "seed_index": 7,
  "timestamp": "2026-05-22T12:04:52.778900",
  "configuration": {
    "learning_rate": 5e-05,
    "batch_size": 32,
    "early_stopping_patience": 5,
    "dropout": 0.5,
    "weight_decay": 0.0001,
    "max_epochs": 20,
    "model_init_seed": 42,
    "data_split_seed": 53,
    "dataset_size": "100% (full dataset)"
  },
  "training_info": {
    "total_epochs": 20,
    "best_epoch": 20,
    "early_stopped": false,
    "total_time_minutes": 17.498522361119587
  },
  "validation_metrics": {
    "best_val_macro_f1": 0.8073188557935146,
    "best_val_accuracy": 80.89717741935483,
    "best_val_loss": 0.571304916374145,
    "final_val_macro_f1": 0.8073188557935146,
    "final_val_accuracy": 80.89717741935483,
    "final_val_loss": 0.571304916374145
  },
  "test_metrics": {
    "test_macro_f1": 0.8077770129486491,
    "test_accuracy": 80.80604534005037,
    "test_loss": 0.5704102615515391,
    "report": {
      "conservative": {
        "precision": 0.7448275862068966,
        "recall": 0.7769784172661871,
        "f1-score": 0.7605633802816901,
        "support": 139.0
      },
      "dressy": {
        "precision": 0.9626865671641791,
        "recall": 0.9555555555555556,
        "f1-score": 0.9591078066914498,
        "support": 135.0
      },
      "ethnic": {
        "precision": 0.8739495798319328,
        "recall": 0.8062015503875969,
        "f1-score": 0.8387096774193549,
        "support": 129.0
      },
      "fairy": {
        "precision": 0.9103448275862069,
        "recall": 0.9166666666666666,
        "f1-score": 0.9134948096885813,
        "support": 144.0
      },
      "feminine": {
        "precision": 0.7142857142857143,
        "recall": 0.819672131147541,
        "f1-score": 0.7633587786259542,
        "support": 122.0
      },
      "gal": {
        "precision": 0.82,
        "recall": 0.8601398601398601,
        "f1-score": 0.8395904436860068,
        "support": 143.0
      },
      "girlish": {
        "precision": 0.7045454545454546,
        "recall": 0.5602409638554217,
        "f1-score": 0.6241610738255033,
        "support": 166.0
      },
      "kireime-casual": {
        "precision": 0.6449704142011834,
        "recall": 0.689873417721519,
        "f1-score": 0.6666666666666666,
        "support": 158.0
      },
      "lolita": {
        "precision": 0.9316770186335404,
        "recall": 0.9375,
        "f1-score": 0.9345794392523364,
        "support": 160.0
      },
      "mode": {
        "precision": 0.7914110429447853,
        "recall": 0.8113207547169812,
        "f1-score": 0.8012422360248447,
        "support": 159.0
      },
      "natural": {
        "precision": 0.8014705882352942,
        "recall": 0.8449612403100775,
        "f1-score": 0.8226415094339623,
        "support": 129.0
      },
      "retro": {
        "precision": 0.8090909090909091,
        "recall": 0.7007874015748031,
        "f1-score": 0.7510548523206751,
        "support": 127.0
      },
      "rock": {
        "precision": 0.7758620689655172,
        "recall": 0.743801652892562,
        "f1-score": 0.759493670886076,
        "support": 121.0
      },
      "street": {
        "precision": 0.8424242424242424,
        "recall": 0.9084967320261438,
        "f1-score": 0.8742138364779874,
        "support": 153.0
      },
      "accuracy": 0.8080604534005038,
      "macro avg": {
        "precision": 0.8091104295797039,
        "recall": 0.8094425960186369,
        "f1-score": 0.8077770129486491,
        "support": 1985.0
      },
      "weighted avg": {
        "precision": 0.8082633499466338,
        "recall": 0.8080604534005038,
        "f1-score": 0.8066288859954477,
        "support": 1985.0
      }
    }
  },
  "overfitting_analysis": {
    "overfitting_detected": false,
    "best_val_loss": 0.571304916374145,
    "val_loss_after_best": 0.571304916374145,
    "increase_percentage": 0.0,
    "train_val_gap": 0.14049166968720106
  },
  "training_curves": {
    "train_losses": [
      2.5907441517402385,
      2.2366087276360083,
      1.7928323827940842,
      1.5200221554986362,
      1.3540548190988344,
      1.228711588629361,
      1.132940516800716,
      1.0523635233270712,
      0.9992451355375093,
      0.9451307261812276,
      0.9146090768534562,
      0.8696252240189191,
      0.8371734301591741,
      0.8138808151771282,
      0.7931912151903941,
      0.7860404421543253,
      0.751943591853668,
      0.750438484652289,
      0.7253015077319639,
      0.7117965860613461
    ],
    "val_losses": [
      2.45776427561237,
      1.828699396502587,
      1.4462877127432054,
      1.2027504117258134,
      1.0508107043081714,
      0.9387095301382004,
      0.8592994001603895,
      0.8006817679251393,
      0.7581430260212191,
      0.7215756677812145,
      0.691937780187976,
      0.6698050715269581,
      0.652928862360216,
      0.6316558257226021,
      0.617549255490303,
      0.6083154740833467,
      0.5964955788466239,
      0.5886633352887246,
      0.5810290200095023,
      0.571304916374145
    ],
    "train_accs": [
      14.976784364539467,
      33.365727243278265,
      42.30644638807904,
      50.11337868480726,
      54.70251592700572,
      58.848936399956806,
      61.72119641507397,
      64.5610625202462,
      66.81783824640968,
      68.43753374365619,
      69.19339164237124,
      70.97505668934241,
      71.59054097829608,
      72.40038872691935,
      73.32901414534068,
      73.67454918475326,
      74.78674009286254,
      74.3548212935968,
      76.05010258071482,
      76.4928193499622
    ],
    "val_accs": [
      46.068548387096776,
      51.71370967741935,
      63.55846774193548,
      70.06048387096774,
      72.37903225806451,
      74.09274193548387,
      75.85685483870968,
      77.31854838709677,
      77.77217741935483,
      78.4274193548387,
      79.08266129032258,
      78.98185483870968,
      79.03225806451613,
      79.63709677419355,
      80.04032258064517,
      79.93951612903226,
      80.54435483870968,
      80.49395161290323,
      80.74596774193549,
      80.89717741935483
    ],
    "val_macro_f1s": [
      0.405250947705304,
      0.46512246007249075,
      0.6045608490305409,
      0.6877159072001771,
      0.7157429136726046,
      0.7337050430857508,
      0.7529116546179057,
      0.7696665272787708,
      0.7750486351366771,
      0.781806145211039,
      0.7892282847003929,
      0.7873567098285488,
      0.7888459767343715,
      0.7940211695863573,
      0.7985123870497401,
      0.7973253777151366,
      0.8040360478275038,
      0.8032644235383418,
      0.8055805624164584,
      0.8073188557935146
    ],
    "learning_rates": [
      4.995066821070679e-05,
      4.980286753286195e-05,
      4.955718126821722e-05,
      4.9214579028215776e-05,
      4.877641290737884e-05,
      4.8244412147206284e-05,
      4.762067631165049e-05,
      4.6907667001096584e-05,
      4.610819813755037e-05,
      4.5225424859373677e-05,
      4.426283106939472e-05,
      4.322421568553528e-05,
      4.211367764821721e-05,
      4.0935599743717234e-05,
      3.969463130731183e-05,
      3.839566987447491e-05,
      3.7043841852542874e-05,
      3.564448228912681e-05,
      3.420311381711694e-05,
      3.272542485937368e-05
    ]
  },
  "data_split_info": {
    "train_size": 9261,
    "val_size": 1984,
    "test_size": 1985
  }
}