{
  "experiment_id": "seed_13",
  "seed_value": 13,
  "seed_index": 1,
  "timestamp": "2026-05-22T10:17:16.602658",
  "configuration": {
    "learning_rate": 5e-05,
    "batch_size": 32,
    "early_stopping_patience": 5,
    "dropout": 0.5,
    "weight_decay": 0.0001,
    "max_epochs": 20,
    "model_init_seed": 42,
    "data_split_seed": 13,
    "dataset_size": "100% (full dataset)"
  },
  "training_info": {
    "total_epochs": 20,
    "best_epoch": 20,
    "early_stopped": false,
    "total_time_minutes": 98.29949218829474
  },
  "validation_metrics": {
    "best_val_macro_f1": 0.808630127839629,
    "best_val_accuracy": 80.9475806451613,
    "best_val_loss": 0.5707770710991275,
    "final_val_macro_f1": 0.808630127839629,
    "final_val_accuracy": 80.9475806451613,
    "final_val_loss": 0.5707770710991275
  },
  "test_metrics": {
    "test_macro_f1": 0.8101584636420706,
    "test_accuracy": 81.10831234256926,
    "test_loss": 0.6189356332733518,
    "report": {
      "conservative": {
        "precision": 0.676829268292683,
        "recall": 0.7985611510791367,
        "f1-score": 0.7326732673267327,
        "support": 139.0
      },
      "dressy": {
        "precision": 0.9485294117647058,
        "recall": 0.9555555555555556,
        "f1-score": 0.9520295202952029,
        "support": 135.0
      },
      "ethnic": {
        "precision": 0.8347107438016529,
        "recall": 0.7829457364341085,
        "f1-score": 0.808,
        "support": 129.0
      },
      "fairy": {
        "precision": 0.8717948717948718,
        "recall": 0.9444444444444444,
        "f1-score": 0.9066666666666666,
        "support": 144.0
      },
      "feminine": {
        "precision": 0.7317073170731707,
        "recall": 0.7377049180327869,
        "f1-score": 0.7346938775510204,
        "support": 122.0
      },
      "gal": {
        "precision": 0.8333333333333334,
        "recall": 0.8741258741258742,
        "f1-score": 0.8532423208191127,
        "support": 143.0
      },
      "girlish": {
        "precision": 0.7461538461538462,
        "recall": 0.5843373493975904,
        "f1-score": 0.6554054054054054,
        "support": 166.0
      },
      "kireime-casual": {
        "precision": 0.7194244604316546,
        "recall": 0.6329113924050633,
        "f1-score": 0.6734006734006734,
        "support": 158.0
      },
      "lolita": {
        "precision": 0.9056603773584906,
        "recall": 0.9,
        "f1-score": 0.9028213166144201,
        "support": 160.0
      },
      "mode": {
        "precision": 0.8333333333333334,
        "recall": 0.7861635220125787,
        "f1-score": 0.8090614886731392,
        "support": 159.0
      },
      "natural": {
        "precision": 0.6904761904761905,
        "recall": 0.8992248062015504,
        "f1-score": 0.7811447811447811,
        "support": 129.0
      },
      "retro": {
        "precision": 0.8571428571428571,
        "recall": 0.7559055118110236,
        "f1-score": 0.803347280334728,
        "support": 127.0
      },
      "rock": {
        "precision": 0.7983870967741935,
        "recall": 0.8181818181818182,
        "f1-score": 0.8081632653061225,
        "support": 121.0
      },
      "street": {
        "precision": 0.9215686274509803,
        "recall": 0.9215686274509803,
        "f1-score": 0.9215686274509803,
        "support": 153.0
      },
      "accuracy": 0.8110831234256927,
      "macro avg": {
        "precision": 0.8120751239415689,
        "recall": 0.8136879076523222,
        "f1-score": 0.8101584636420706,
        "support": 1985.0
      },
      "weighted avg": {
        "precision": 0.8132249468235434,
        "recall": 0.8110831234256927,
        "f1-score": 0.8094061470331455,
        "support": 1985.0
      }
    }
  },
  "overfitting_analysis": {
    "overfitting_detected": false,
    "best_val_loss": 0.5707770710991275,
    "val_loss_after_best": 0.5707770710991275,
    "increase_percentage": 0.0,
    "train_val_gap": 0.15581853126524825
  },
  "training_curves": {
    "train_losses": [
      2.590391826629639,
      2.23029913984496,
      1.7887265147833988,
      1.5425359750616139,
      1.3629087686538697,
      1.235822284221649,
      1.1354495841881325,
      1.058682453837888,
      1.0033489650693432,
      0.9514184729806308,
      0.9103928203212803,
      0.8790446429417051,
      0.8473288543265441,
      0.8264260010472659,
      0.7977897144597152,
      0.776294856441432,
      0.7650739747902443,
      0.7372542728637826,
      0.7309896929510709,
      0.7265956023643757
    ],
    "val_losses": [
      2.451728255518021,
      1.8520457763825693,
      1.4686392718745815,
      1.2344002829444023,
      1.071464576067463,
      0.9546767194424907,
      0.8762215222081831,
      0.8126077228976835,
      0.7654948705627073,
      0.7292353280128971,
      0.6972389648998937,
      0.670771336363208,
      0.6504425766967958,
      0.6352843103870269,
      0.619502745328411,
      0.6044311013913923,
      0.5945807450240658,
      0.5834112422120187,
      0.5764498676984541,
      0.5707770710991275
    ],
    "train_accs": [
      15.26832955404384,
      31.94039520570133,
      42.34963826800561,
      49.29273296620235,
      54.64852607709751,
      58.40621963070943,
      61.883165964798614,
      64.09674981103552,
      66.36432350718064,
      68.19997840406003,
      69.47413886189396,
      70.44595616024188,
      71.43936939855307,
      72.2924090271029,
      73.13465068567109,
      73.76093294460641,
      74.25763956376201,
      75.14307310225678,
      75.40222438181623,
      75.01349746247705
    ],
    "val_accs": [
      45.81653225806452,
      53.729838709677416,
      63.810483870967744,
      68.59879032258064,
      72.22782258064517,
      73.23588709677419,
      74.49596774193549,
      76.4616935483871,
      76.5625,
      77.06653225806451,
      78.4274193548387,
      79.28427419354838,
      78.88104838709677,
      79.28427419354838,
      80.04032258064517,
      79.7883064516129,
      80.54435483870968,
      80.14112903225806,
      80.74596774193549,
      80.9475806451613
    ],
    "val_macro_f1s": [
      0.40966369616319925,
      0.4939798033926749,
      0.6049787817798817,
      0.6705075406826176,
      0.71239524244956,
      0.7230480381433031,
      0.7390314466973381,
      0.7608760272341836,
      0.7621964243515352,
      0.7664623539946465,
      0.7819779099816856,
      0.7918772184282652,
      0.7864933790440526,
      0.7917036636188722,
      0.7993306805505868,
      0.7962657409230262,
      0.8045426745854932,
      0.8004933445744997,
      0.8064896579819492,
      0.808630127839629
    ],
    "learning_rates": [
      4.995066821070679e-05,
      4.980286753286195e-05,
      4.955718126821722e-05,
      4.9214579028215776e-05,
      4.877641290737884e-05,
      4.8244412147206284e-05,
      4.762067631165049e-05,
      4.6907667001096584e-05,
      4.610819813755037e-05,
      4.5225424859373677e-05,
      4.426283106939472e-05,
      4.322421568553528e-05,
      4.211367764821721e-05,
      4.0935599743717234e-05,
      3.969463130731183e-05,
      3.839566987447491e-05,
      3.7043841852542874e-05,
      3.564448228912681e-05,
      3.420311381711694e-05,
      3.272542485937368e-05
    ]
  },
  "data_split_info": {
    "train_size": 9261,
    "val_size": 1984,
    "test_size": 1985
  }
}