{
  "experiment_id": "seed_360",
  "seed_value": 360,
  "seed_index": 6,
  "timestamp": "2026-05-22T23:48:10.339955",
  "configuration": {
    "learning_rate": 5e-05,
    "batch_size": 32,
    "early_stopping_patience": 5,
    "dropout": 0.5,
    "weight_decay": 0.0001,
    "max_epochs": 20,
    "model_init_seed": 42,
    "data_split_seed": 360,
    "dataset_size": "100% (full dataset)"
  },
  "training_info": {
    "total_epochs": 20,
    "best_epoch": 19,
    "early_stopped": false,
    "total_time_minutes": 17.584120766321817
  },
  "validation_metrics": {
    "best_val_macro_f1": 0.8187892557420964,
    "best_val_accuracy": 81.80443548387096,
    "best_val_loss": 0.5559421224940208,
    "final_val_macro_f1": 0.8150779839862915,
    "final_val_accuracy": 81.45161290322581,
    "final_val_loss": 0.5559421224940208
  },
  "test_metrics": {
    "test_macro_f1": 0.8050049573042904,
    "test_accuracy": 80.60453400503778,
    "test_loss": 0.5954888150805518,
    "report": {
      "conservative": {
        "precision": 0.6809815950920245,
        "recall": 0.7985611510791367,
        "f1-score": 0.7350993377483444,
        "support": 139.0
      },
      "dressy": {
        "precision": 0.9705882352941176,
        "recall": 0.9777777777777777,
        "f1-score": 0.974169741697417,
        "support": 135.0
      },
      "ethnic": {
        "precision": 0.868421052631579,
        "recall": 0.7674418604651163,
        "f1-score": 0.8148148148148148,
        "support": 129.0
      },
      "fairy": {
        "precision": 0.881578947368421,
        "recall": 0.9305555555555556,
        "f1-score": 0.9054054054054054,
        "support": 144.0
      },
      "feminine": {
        "precision": 0.7155172413793104,
        "recall": 0.680327868852459,
        "f1-score": 0.6974789915966386,
        "support": 122.0
      },
      "gal": {
        "precision": 0.8333333333333334,
        "recall": 0.9090909090909091,
        "f1-score": 0.8695652173913043,
        "support": 143.0
      },
      "girlish": {
        "precision": 0.6857142857142857,
        "recall": 0.5783132530120482,
        "f1-score": 0.6274509803921569,
        "support": 166.0
      },
      "kireime-casual": {
        "precision": 0.7,
        "recall": 0.6645569620253164,
        "f1-score": 0.6818181818181818,
        "support": 158.0
      },
      "lolita": {
        "precision": 0.9736842105263158,
        "recall": 0.925,
        "f1-score": 0.9487179487179487,
        "support": 160.0
      },
      "mode": {
        "precision": 0.821917808219178,
        "recall": 0.7547169811320755,
        "f1-score": 0.7868852459016393,
        "support": 159.0
      },
      "natural": {
        "precision": 0.7290322580645161,
        "recall": 0.875968992248062,
        "f1-score": 0.795774647887324,
        "support": 129.0
      },
      "retro": {
        "precision": 0.7804878048780488,
        "recall": 0.7559055118110236,
        "f1-score": 0.768,
        "support": 127.0
      },
      "rock": {
        "precision": 0.751937984496124,
        "recall": 0.8016528925619835,
        "f1-score": 0.776,
        "support": 121.0
      },
      "street": {
        "precision": 0.8888888888888888,
        "recall": 0.8888888888888888,
        "f1-score": 0.8888888888888888,
        "support": 153.0
      },
      "accuracy": 0.8060453400503779,
      "macro avg": {
        "precision": 0.8058631175632961,
        "recall": 0.8077684717500253,
        "f1-score": 0.8050049573042904,
        "support": 1985.0
      },
      "weighted avg": {
        "precision": 0.8071405002828531,
        "recall": 0.8060453400503779,
        "f1-score": 0.8047869856778213,
        "support": 1985.0
      }
    }
  },
  "overfitting_analysis": {
    "overfitting_detected": false,
    "best_val_loss": 0.5559421224940208,
    "val_loss_after_best": 0.5559421224940208,
    "increase_percentage": 0.0,
    "train_val_gap": 0.17408603048563276
  },
  "training_curves": {
    "train_losses": [
      2.59560334518038,
      2.241851754846244,
      1.7684143637788707,
      1.501603630493427,
      1.3361074001624667,
      1.2179939625592067,
      1.1239866040903947,
      1.0550949304268278,
      1.002867758068545,
      0.9427031140902947,
      0.901297591266961,
      0.8725441001612565,
      0.8423567087485873,
      0.8222441951776372,
      0.7925917058155454,
      0.7700037722957546,
      0.7710749111298857,
      0.7354426586422427,
      0.7300281529796535,
      0.7186227822098239
    ],
    "val_losses": [
      2.4717984930161507,
      1.845600058955531,
      1.4389892893452798,
      1.2053169117819877,
      1.0491546200167747,
      0.9474261691493373,
      0.8652648127848103,
      0.8030518139562299,
      0.7553055353703038,
      0.7177806900393578,
      0.6839460744973151,
      0.6601391872090678,
      0.6394336752353176,
      0.6225503433135248,
      0.6065308735255273,
      0.5926200785944539,
      0.5867490393500174,
      0.5729268971950777,
      0.5640064650966276,
      0.5559421224940208
    ],
    "train_accs": [
      14.534067595292084,
      33.873231832415506,
      43.127092106683946,
      50.95562034337544,
      55.3180002159594,
      58.848936399956806,
      62.185509124284636,
      65.03617319943851,
      66.46150523701544,
      68.38354389374797,
      69.13940179246302,
      70.8238851095994,
      72.03325774754346,
      72.2924090271029,
      73.68534715473491,
      74.02008422416586,
      74.04168016412915,
      75.04589137242199,
      75.44541626174279,
      76.36324371018249
    ],
    "val_accs": [
      49.899193548387096,
      54.18346774193548,
      65.3225806451613,
      70.6149193548387,
      72.73185483870968,
      74.19354838709677,
      76.15927419354838,
      77.26814516129032,
      78.4274193548387,
      78.17540322580645,
      79.13306451612904,
      79.13306451612904,
      80.39314516129032,
      80.74596774193549,
      80.79637096774194,
      81.1491935483871,
      80.69556451612904,
      81.19959677419355,
      81.80443548387096,
      81.45161290322581
    ],
    "val_macro_f1s": [
      0.4404229744545896,
      0.4962101883880084,
      0.638926975418842,
      0.6961215680779056,
      0.7216841717812839,
      0.7363297673090825,
      0.7593994415540408,
      0.7715385848562485,
      0.7830962651643673,
      0.7801038630897319,
      0.790828864446098,
      0.7903964749466924,
      0.8036542581983583,
      0.8073638048045712,
      0.8077701726304369,
      0.8114960745740932,
      0.8063144557480627,
      0.8120783494527816,
      0.8187892557420964,
      0.8150779839862915
    ],
    "learning_rates": [
      4.995066821070679e-05,
      4.980286753286195e-05,
      4.955718126821722e-05,
      4.9214579028215776e-05,
      4.877641290737884e-05,
      4.8244412147206284e-05,
      4.762067631165049e-05,
      4.6907667001096584e-05,
      4.610819813755037e-05,
      4.5225424859373677e-05,
      4.426283106939472e-05,
      4.322421568553528e-05,
      4.211367764821721e-05,
      4.0935599743717234e-05,
      3.969463130731183e-05,
      3.839566987447491e-05,
      3.7043841852542874e-05,
      3.564448228912681e-05,
      3.420311381711694e-05,
      3.272542485937368e-05
    ]
  },
  "data_split_info": {
    "train_size": 9261,
    "val_size": 1984,
    "test_size": 1985
  }
}