{
  "experiment_id": "seed_141",
  "seed_value": 141,
  "seed_index": 5,
  "timestamp": "2026-05-22T23:31:54.056180",
  "configuration": {
    "learning_rate": 5e-05,
    "batch_size": 32,
    "early_stopping_patience": 5,
    "dropout": 0.5,
    "weight_decay": 0.0001,
    "max_epochs": 20,
    "model_init_seed": 42,
    "data_split_seed": 141,
    "dataset_size": "100% (full dataset)"
  },
  "training_info": {
    "total_epochs": 20,
    "best_epoch": 19,
    "early_stopped": false,
    "total_time_minutes": 17.949471783638
  },
  "validation_metrics": {
    "best_val_macro_f1": 0.8143819462243587,
    "best_val_accuracy": 81.45161290322581,
    "best_val_loss": 0.5673165508816319,
    "final_val_macro_f1": 0.8092988828148787,
    "final_val_accuracy": 80.9475806451613,
    "final_val_loss": 0.5673165508816319
  },
  "test_metrics": {
    "test_macro_f1": 0.7960940389514534,
    "test_accuracy": 79.74811083123426,
    "test_loss": 0.6049583857021634,
    "report": {
      "conservative": {
        "precision": 0.7161290322580646,
        "recall": 0.7985611510791367,
        "f1-score": 0.7551020408163265,
        "support": 139.0
      },
      "dressy": {
        "precision": 0.9626865671641791,
        "recall": 0.9555555555555556,
        "f1-score": 0.9591078066914498,
        "support": 135.0
      },
      "ethnic": {
        "precision": 0.8378378378378378,
        "recall": 0.7209302325581395,
        "f1-score": 0.775,
        "support": 129.0
      },
      "fairy": {
        "precision": 0.8375,
        "recall": 0.9305555555555556,
        "f1-score": 0.881578947368421,
        "support": 144.0
      },
      "feminine": {
        "precision": 0.7037037037037037,
        "recall": 0.7786885245901639,
        "f1-score": 0.7392996108949417,
        "support": 122.0
      },
      "gal": {
        "precision": 0.8846153846153846,
        "recall": 0.8041958041958042,
        "f1-score": 0.8424908424908425,
        "support": 143.0
      },
      "girlish": {
        "precision": 0.7753623188405797,
        "recall": 0.6445783132530121,
        "f1-score": 0.7039473684210527,
        "support": 166.0
      },
      "kireime-casual": {
        "precision": 0.7089552238805971,
        "recall": 0.6012658227848101,
        "f1-score": 0.6506849315068494,
        "support": 158.0
      },
      "lolita": {
        "precision": 0.8452380952380952,
        "recall": 0.8875,
        "f1-score": 0.8658536585365854,
        "support": 160.0
      },
      "mode": {
        "precision": 0.8113207547169812,
        "recall": 0.8113207547169812,
        "f1-score": 0.8113207547169812,
        "support": 159.0
      },
      "natural": {
        "precision": 0.7039473684210527,
        "recall": 0.8294573643410853,
        "f1-score": 0.7615658362989324,
        "support": 129.0
      },
      "retro": {
        "precision": 0.75,
        "recall": 0.7086614173228346,
        "f1-score": 0.728744939271255,
        "support": 127.0
      },
      "rock": {
        "precision": 0.7829457364341085,
        "recall": 0.8347107438016529,
        "f1-score": 0.808,
        "support": 121.0
      },
      "street": {
        "precision": 0.84375,
        "recall": 0.8823529411764706,
        "f1-score": 0.8626198083067093,
        "support": 153.0
      },
      "accuracy": 0.7974811083123425,
      "macro avg": {
        "precision": 0.797428001650756,
        "recall": 0.7991667272093717,
        "f1-score": 0.7960940389514534,
        "support": 1985.0
      },
      "weighted avg": {
        "precision": 0.7986851965529355,
        "recall": 0.7974811083123425,
        "f1-score": 0.7958555907032795,
        "support": 1985.0
      }
    }
  },
  "overfitting_analysis": {
    "overfitting_detected": false,
    "best_val_loss": 0.5673165508816319,
    "val_loss_after_best": 0.5673165508816319,
    "increase_percentage": 0.0,
    "train_val_gap": 0.15016519998483058
  },
  "training_curves": {
    "train_losses": [
      2.589139533865041,
      2.2338042279769637,
      1.78544096864503,
      1.5072599423342739,
      1.324162980605816,
      1.2149616064696476,
      1.1214319262011299,
      1.0519509580628625,
      0.9864313816202098,
      0.931392830404742,
      0.8996520147241395,
      0.8653621364256431,
      0.8301764498496877,
      0.8087656025228829,
      0.7881085504745615,
      0.7664395803007586,
      0.7486082182875995,
      0.7377454358955909,
      0.7174817508664625,
      0.7144327112312975
    ],
    "val_losses": [
      2.459712274612919,
      1.8427994289705831,
      1.4505661399133745,
      1.207731468062247,
      1.0487881456651995,
      0.9438201688951061,
      0.8604554226321559,
      0.8082133469081694,
      0.7556148426186654,
      0.720134953337331,
      0.6905865025135779,
      0.6670347658857223,
      0.6465788531687952,
      0.6292980894927056,
      0.6167805887037708,
      0.6031934128653619,
      0.5937800926546897,
      0.5848592861044791,
      0.5738085691005953,
      0.5673165508816319
    ],
    "train_accs": [
      15.127955944282474,
      33.38732318324155,
      42.2200626282259,
      51.1931756829716,
      56.160241874527586,
      59.5184105388187,
      63.04934672281611,
      64.7122340999892,
      67.16337328582226,
      68.36194795378469,
      69.59291653169204,
      70.8994708994709,
      72.2168232372314,
      73.22103444552424,
      73.79332685455134,
      74.57078069322968,
      75.28344671201815,
      74.93791167260555,
      76.41723356009071,
      75.48860814166936
    ],
    "val_accs": [
      44.203629032258064,
      51.26008064516129,
      64.86895161290323,
      70.0100806451613,
      71.67338709677419,
      73.58870967741936,
      76.61290322580645,
      76.05846774193549,
      77.11693548387096,
      77.8225806451613,
      78.07459677419355,
      79.13306451612904,
      79.08266129032258,
      79.18346774193549,
      79.9899193548387,
      80.34274193548387,
      80.44354838709677,
      80.39314516129032,
      81.45161290322581,
      80.9475806451613
    ],
    "val_macro_f1s": [
      0.37936179528504727,
      0.4529821049929694,
      0.6251435582331908,
      0.6889447062700716,
      0.70698248977562,
      0.7288128624065439,
      0.7640699124218315,
      0.7561588565832081,
      0.7704008403479607,
      0.7772185777958616,
      0.7790624575905024,
      0.7909842088864357,
      0.7899791655410351,
      0.7910846644500492,
      0.7986514476176899,
      0.8027893582977068,
      0.8032585230028896,
      0.803470199666031,
      0.8143819462243587,
      0.8092988828148787
    ],
    "learning_rates": [
      4.995066821070679e-05,
      4.980286753286195e-05,
      4.955718126821722e-05,
      4.9214579028215776e-05,
      4.877641290737884e-05,
      4.8244412147206284e-05,
      4.762067631165049e-05,
      4.6907667001096584e-05,
      4.610819813755037e-05,
      4.5225424859373677e-05,
      4.426283106939472e-05,
      4.322421568553528e-05,
      4.211367764821721e-05,
      4.0935599743717234e-05,
      3.969463130731183e-05,
      3.839566987447491e-05,
      3.7043841852542874e-05,
      3.564448228912681e-05,
      3.420311381711694e-05,
      3.272542485937368e-05
    ]
  },
  "data_split_info": {
    "train_size": 9261,
    "val_size": 1984,
    "test_size": 1985
  }
}