{
  "experiment_id": "seed_45",
  "seed_value": 45,
  "seed_index": 5,
  "timestamp": "2026-05-22T11:29:26.790792",
  "configuration": {
    "learning_rate": 5e-05,
    "batch_size": 32,
    "early_stopping_patience": 5,
    "dropout": 0.5,
    "weight_decay": 0.0001,
    "max_epochs": 20,
    "model_init_seed": 42,
    "data_split_seed": 45,
    "dataset_size": "100% (full dataset)"
  },
  "training_info": {
    "total_epochs": 20,
    "best_epoch": 20,
    "early_stopped": false,
    "total_time_minutes": 17.846745586395265
  },
  "validation_metrics": {
    "best_val_macro_f1": 0.811154608541561,
    "best_val_accuracy": 81.1491935483871,
    "best_val_loss": 0.5623879586496661,
    "final_val_macro_f1": 0.811154608541561,
    "final_val_accuracy": 81.1491935483871,
    "final_val_loss": 0.5623879586496661
  },
  "test_metrics": {
    "test_macro_f1": 0.8071097203484318,
    "test_accuracy": 80.75566750629723,
    "test_loss": 0.5707113577259911,
    "report": {
      "conservative": {
        "precision": 0.6373626373626373,
        "recall": 0.8345323741007195,
        "f1-score": 0.7227414330218068,
        "support": 139.0
      },
      "dressy": {
        "precision": 0.9548872180451128,
        "recall": 0.9407407407407408,
        "f1-score": 0.9477611940298507,
        "support": 135.0
      },
      "ethnic": {
        "precision": 0.819672131147541,
        "recall": 0.7751937984496124,
        "f1-score": 0.796812749003984,
        "support": 129.0
      },
      "fairy": {
        "precision": 0.8979591836734694,
        "recall": 0.9166666666666666,
        "f1-score": 0.9072164948453608,
        "support": 144.0
      },
      "feminine": {
        "precision": 0.6940298507462687,
        "recall": 0.7622950819672131,
        "f1-score": 0.7265625,
        "support": 122.0
      },
      "gal": {
        "precision": 0.8486842105263158,
        "recall": 0.9020979020979021,
        "f1-score": 0.8745762711864407,
        "support": 143.0
      },
      "girlish": {
        "precision": 0.8275862068965517,
        "recall": 0.5783132530120482,
        "f1-score": 0.6808510638297872,
        "support": 166.0
      },
      "kireime-casual": {
        "precision": 0.6375838926174496,
        "recall": 0.6012658227848101,
        "f1-score": 0.6188925081433225,
        "support": 158.0
      },
      "lolita": {
        "precision": 0.9053254437869822,
        "recall": 0.95625,
        "f1-score": 0.9300911854103343,
        "support": 160.0
      },
      "mode": {
        "precision": 0.7935483870967742,
        "recall": 0.7735849056603774,
        "f1-score": 0.7834394904458599,
        "support": 159.0
      },
      "natural": {
        "precision": 0.7692307692307693,
        "recall": 0.8527131782945736,
        "f1-score": 0.8088235294117647,
        "support": 129.0
      },
      "retro": {
        "precision": 0.7936507936507936,
        "recall": 0.7874015748031497,
        "f1-score": 0.7905138339920948,
        "support": 127.0
      },
      "rock": {
        "precision": 0.9,
        "recall": 0.743801652892562,
        "f1-score": 0.8144796380090498,
        "support": 121.0
      },
      "street": {
        "precision": 0.8853503184713376,
        "recall": 0.9084967320261438,
        "f1-score": 0.896774193548387,
        "support": 153.0
      },
      "accuracy": 0.8075566750629722,
      "macro avg": {
        "precision": 0.8117765030894288,
        "recall": 0.8095252631068943,
        "f1-score": 0.8071097203484318,
        "support": 1985.0
      },
      "weighted avg": {
        "precision": 0.8121447561592146,
        "recall": 0.8075566750629722,
        "f1-score": 0.8061569841788486,
        "support": 1985.0
      }
    }
  },
  "overfitting_analysis": {
    "overfitting_detected": false,
    "best_val_loss": 0.5623879586496661,
    "val_loss_after_best": 0.5623879586496661,
    "increase_percentage": 0.0,
    "train_val_gap": 0.1558503821309868
  },
  "training_curves": {
    "train_losses": [
      2.5886700268449454,
      2.2254971537096746,
      1.7754197026121206,
      1.5203474110570447,
      1.3426501154899597,
      1.2136662923056505,
      1.121062863489677,
      1.0553274557508272,
      0.9841502830899995,
      0.9391469443666524,
      0.9067384004592896,
      0.867125658947846,
      0.8348413196103326,
      0.8052858806889632,
      0.7913445716274196,
      0.7772291009796077,
      0.7519861263447795,
      0.7476316891867539,
      0.7234367887521612,
      0.7182383407806529
    ],
    "val_losses": [
      2.451528964504119,
      1.8401448380562566,
      1.4465033777298466,
      1.2108535881965392,
      1.0523119040073887,
      0.9426439885170229,
      0.8630730644349129,
      0.8085192634213355,
      0.7519825903638717,
      0.7172236158963172,
      0.6886494001073222,
      0.6601492781792918,
      0.6417933106422424,
      0.6222198172923057,
      0.6095871978229092,
      0.600215902251582,
      0.5837811385431597,
      0.5767471006801052,
      0.5673688779915532,
      0.5623879586496661
    ],
    "train_accs": [
      15.419501133786849,
      34.585897851203974,
      43.00831443688587,
      49.89741928517439,
      55.533959615592266,
      59.31324910916748,
      63.1465284526509,
      64.31270921066839,
      66.34272756721737,
      68.41593780369291,
      69.45254292193067,
      70.91026886945254,
      72.02245977756182,
      72.91869128603823,
      73.4369938451571,
      73.90130655436778,
      74.36561926357845,
      75.31584062196308,
      75.45621423172443,
      75.82334521110032
    ],
    "val_accs": [
      49.14314516129032,
      55.090725806451616,
      66.53225806451613,
      71.16935483870968,
      73.58870967741936,
      75.55443548387096,
      75.80645161290323,
      77.01612903225806,
      77.67137096774194,
      77.97379032258064,
      78.72983870967742,
      79.3850806451613,
      78.93145161290323,
      79.9899193548387,
      79.9899193548387,
      80.19153225806451,
      80.59475806451613,
      80.69556451612904,
      80.69556451612904,
      81.1491935483871
    ],
    "val_macro_f1s": [
      0.43469856912499616,
      0.5088628938022414,
      0.6489410584466854,
      0.7004096790851226,
      0.729099090803867,
      0.7517605381623796,
      0.7537272971921297,
      0.7678810805529722,
      0.7744073886481012,
      0.7774139113876135,
      0.7862618891804665,
      0.7926073876789028,
      0.7883353422007787,
      0.7986826546623249,
      0.7994027806021229,
      0.8010527277695862,
      0.8060431544881681,
      0.8070107507965113,
      0.8063790917005351,
      0.811154608541561
    ],
    "learning_rates": [
      4.995066821070679e-05,
      4.980286753286195e-05,
      4.955718126821722e-05,
      4.9214579028215776e-05,
      4.877641290737884e-05,
      4.8244412147206284e-05,
      4.762067631165049e-05,
      4.6907667001096584e-05,
      4.610819813755037e-05,
      4.5225424859373677e-05,
      4.426283106939472e-05,
      4.322421568553528e-05,
      4.211367764821721e-05,
      4.0935599743717234e-05,
      3.969463130731183e-05,
      3.839566987447491e-05,
      3.7043841852542874e-05,
      3.564448228912681e-05,
      3.420311381711694e-05,
      3.272542485937368e-05
    ]
  },
  "data_split_info": {
    "train_size": 9261,
    "val_size": 1984,
    "test_size": 1985
  }
}