{
  "experiment_id": "seed_115",
  "seed_value": 115,
  "seed_index": 2,
  "timestamp": "2026-05-22T22:37:38.728271",
  "configuration": {
    "learning_rate": 5e-05,
    "batch_size": 32,
    "early_stopping_patience": 5,
    "dropout": 0.5,
    "weight_decay": 0.0001,
    "max_epochs": 20,
    "model_init_seed": 42,
    "data_split_seed": 115,
    "dataset_size": "100% (full dataset)"
  },
  "training_info": {
    "total_epochs": 20,
    "best_epoch": 20,
    "early_stopped": false,
    "total_time_minutes": 17.962846616903942
  },
  "validation_metrics": {
    "best_val_macro_f1": 0.8103607238074222,
    "best_val_accuracy": 81.1491935483871,
    "best_val_loss": 0.5427552730806412,
    "final_val_macro_f1": 0.8103607238074222,
    "final_val_accuracy": 81.1491935483871,
    "final_val_loss": 0.5427552730806412
  },
  "test_metrics": {
    "test_macro_f1": 0.8012282750469556,
    "test_accuracy": 80.2015113350126,
    "test_loss": 0.5754812823401557,
    "report": {
      "conservative": {
        "precision": 0.7246376811594203,
        "recall": 0.7194244604316546,
        "f1-score": 0.7220216606498195,
        "support": 139.0
      },
      "dressy": {
        "precision": 0.9078014184397163,
        "recall": 0.9481481481481482,
        "f1-score": 0.927536231884058,
        "support": 135.0
      },
      "ethnic": {
        "precision": 0.848,
        "recall": 0.8217054263565892,
        "f1-score": 0.8346456692913385,
        "support": 129.0
      },
      "fairy": {
        "precision": 0.881578947368421,
        "recall": 0.9305555555555556,
        "f1-score": 0.9054054054054054,
        "support": 144.0
      },
      "feminine": {
        "precision": 0.6643835616438356,
        "recall": 0.7950819672131147,
        "f1-score": 0.7238805970149254,
        "support": 122.0
      },
      "gal": {
        "precision": 0.8666666666666667,
        "recall": 0.8181818181818182,
        "f1-score": 0.841726618705036,
        "support": 143.0
      },
      "girlish": {
        "precision": 0.7391304347826086,
        "recall": 0.6144578313253012,
        "f1-score": 0.6710526315789473,
        "support": 166.0
      },
      "kireime-casual": {
        "precision": 0.6687898089171974,
        "recall": 0.6645569620253164,
        "f1-score": 0.6666666666666666,
        "support": 158.0
      },
      "lolita": {
        "precision": 0.8909090909090909,
        "recall": 0.91875,
        "f1-score": 0.9046153846153846,
        "support": 160.0
      },
      "mode": {
        "precision": 0.8297872340425532,
        "recall": 0.7358490566037735,
        "f1-score": 0.78,
        "support": 159.0
      },
      "natural": {
        "precision": 0.7290322580645161,
        "recall": 0.875968992248062,
        "f1-score": 0.795774647887324,
        "support": 129.0
      },
      "retro": {
        "precision": 0.8317757009345794,
        "recall": 0.7007874015748031,
        "f1-score": 0.7606837606837606,
        "support": 127.0
      },
      "rock": {
        "precision": 0.776,
        "recall": 0.8016528925619835,
        "f1-score": 0.7886178861788617,
        "support": 121.0
      },
      "street": {
        "precision": 0.875,
        "recall": 0.9150326797385621,
        "f1-score": 0.8945686900958466,
        "support": 153.0
      },
      "accuracy": 0.802015113350126,
      "macro avg": {
        "precision": 0.802392343066329,
        "recall": 0.8042966565689059,
        "f1-score": 0.8012282750469556,
        "support": 1985.0
      },
      "weighted avg": {
        "precision": 0.8034776158667606,
        "recall": 0.802015113350126,
        "f1-score": 0.8006783294069443,
        "support": 1985.0
      }
    }
  },
  "overfitting_analysis": {
    "overfitting_detected": false,
    "best_val_loss": 0.5427552730806412,
    "val_loss_after_best": 0.5427552730806412,
    "increase_percentage": 0.0,
    "train_val_gap": 0.1840163562898509
  },
  "training_curves": {
    "train_losses": [
      2.589971504540279,
      2.2298288131582327,
      1.7961025336693073,
      1.5260051131248473,
      1.3567584193986038,
      1.237594608808386,
      1.1433953402371242,
      1.0698149072712866,
      1.0044923550096052,
      0.9512975748243003,
      0.9138603068631271,
      0.8804486219225258,
      0.8523997011883505,
      0.8205734473877939,
      0.7977135294470293,
      0.7904023682249004,
      0.7657393240723117,
      0.750634288479542,
      0.7193459343293618,
      0.7267716293704921
    ],
    "val_losses": [
      2.4550461115375644,
      1.8387232422828674,
      1.4491254398899693,
      1.2130855956385214,
      1.0523653299577775,
      0.94030564062057,
      0.8536394699927299,
      0.7911647260189056,
      0.7421311851470701,
      0.7025432105987303,
      0.6729016491482335,
      0.6483365725125035,
      0.6271612461536161,
      0.6133878860742815,
      0.5915257661573349,
      0.5814815110737278,
      0.5730585489542254,
      0.5585841219271382,
      0.5467228668351327,
      0.5427552730806412
    ],
    "train_accs": [
      14.696037145016737,
      33.678868372745924,
      42.932728647014365,
      49.962207105064245,
      55.19922254616132,
      58.80574452003023,
      61.591620775294246,
      64.44228485044812,
      66.43990929705215,
      68.19997840406003,
      69.31216931216932,
      71.30979375877335,
      71.48256127847965,
      72.90789331605659,
      73.46938775510205,
      73.33981211532232,
      73.82572076449627,
      74.63556851311954,
      76.0932944606414,
      75.60738581146744
    ],
    "val_accs": [
      44.002016129032256,
      52.368951612903224,
      65.42338709677419,
      68.4475806451613,
      73.08467741935483,
      74.44556451612904,
      76.2600806451613,
      77.26814516129032,
      78.07459677419355,
      78.72983870967742,
      79.3850806451613,
      79.48588709677419,
      79.83870967741936,
      79.83870967741936,
      80.29233870967742,
      80.64516129032258,
      80.34274193548387,
      80.89717741935483,
      80.99798387096774,
      81.1491935483871
    ],
    "val_macro_f1s": [
      0.3875212341818305,
      0.4627307123282081,
      0.6332309533287291,
      0.6655670315170955,
      0.722495657682372,
      0.737114373855165,
      0.7563951878067082,
      0.769011834554342,
      0.777766175510339,
      0.7851453642530728,
      0.7914520963206567,
      0.7928676594534868,
      0.7970274910430452,
      0.7960159058584759,
      0.8014603194337239,
      0.8049551484500307,
      0.8018131040329434,
      0.8078801908264567,
      0.8090921327428481,
      0.8103607238074222
    ],
    "learning_rates": [
      4.995066821070679e-05,
      4.980286753286195e-05,
      4.955718126821722e-05,
      4.9214579028215776e-05,
      4.877641290737884e-05,
      4.8244412147206284e-05,
      4.762067631165049e-05,
      4.6907667001096584e-05,
      4.610819813755037e-05,
      4.5225424859373677e-05,
      4.426283106939472e-05,
      4.322421568553528e-05,
      4.211367764821721e-05,
      4.0935599743717234e-05,
      3.969463130731183e-05,
      3.839566987447491e-05,
      3.7043841852542874e-05,
      3.564448228912681e-05,
      3.420311381711694e-05,
      3.272542485937368e-05
    ]
  },
  "data_split_info": {
    "train_size": 9261,
    "val_size": 1984,
    "test_size": 1985
  }
}