{
  "experiment_id": "seed_288",
  "seed_value": 288,
  "seed_index": 10,
  "timestamp": "2026-05-23T01:03:13.249588",
  "configuration": {
    "learning_rate": 5e-05,
    "batch_size": 32,
    "early_stopping_patience": 5,
    "dropout": 0.5,
    "weight_decay": 0.0001,
    "max_epochs": 20,
    "model_init_seed": 42,
    "data_split_seed": 288,
    "dataset_size": "100% (full dataset)"
  },
  "training_info": {
    "total_epochs": 20,
    "best_epoch": 20,
    "early_stopped": false,
    "total_time_minutes": 17.88967737754186
  },
  "validation_metrics": {
    "best_val_macro_f1": 0.8033340845865166,
    "best_val_accuracy": 80.49395161290323,
    "best_val_loss": 0.5694692178118613,
    "final_val_macro_f1": 0.8033340845865166,
    "final_val_accuracy": 80.49395161290323,
    "final_val_loss": 0.5694692178118613
  },
  "test_metrics": {
    "test_macro_f1": 0.8077167935015055,
    "test_accuracy": 80.80604534005037,
    "test_loss": 0.5654219639679742,
    "report": {
      "conservative": {
        "precision": 0.6829268292682927,
        "recall": 0.8057553956834532,
        "f1-score": 0.7392739273927392,
        "support": 139.0
      },
      "dressy": {
        "precision": 0.9420289855072463,
        "recall": 0.9629629629629629,
        "f1-score": 0.9523809523809523,
        "support": 135.0
      },
      "ethnic": {
        "precision": 0.8372093023255814,
        "recall": 0.8372093023255814,
        "f1-score": 0.8372093023255814,
        "support": 129.0
      },
      "fairy": {
        "precision": 0.9432624113475178,
        "recall": 0.9236111111111112,
        "f1-score": 0.9333333333333333,
        "support": 144.0
      },
      "feminine": {
        "precision": 0.7322834645669292,
        "recall": 0.7622950819672131,
        "f1-score": 0.7469879518072289,
        "support": 122.0
      },
      "gal": {
        "precision": 0.8322147651006712,
        "recall": 0.8671328671328671,
        "f1-score": 0.8493150684931506,
        "support": 143.0
      },
      "girlish": {
        "precision": 0.7723577235772358,
        "recall": 0.572289156626506,
        "f1-score": 0.657439446366782,
        "support": 166.0
      },
      "kireime-casual": {
        "precision": 0.6690140845070423,
        "recall": 0.6012658227848101,
        "f1-score": 0.6333333333333333,
        "support": 158.0
      },
      "lolita": {
        "precision": 0.925,
        "recall": 0.925,
        "f1-score": 0.925,
        "support": 160.0
      },
      "mode": {
        "precision": 0.78,
        "recall": 0.7358490566037735,
        "f1-score": 0.7572815533980582,
        "support": 159.0
      },
      "natural": {
        "precision": 0.7169811320754716,
        "recall": 0.8837209302325582,
        "f1-score": 0.7916666666666666,
        "support": 129.0
      },
      "retro": {
        "precision": 0.8016528925619835,
        "recall": 0.7637795275590551,
        "f1-score": 0.782258064516129,
        "support": 127.0
      },
      "rock": {
        "precision": 0.7874015748031497,
        "recall": 0.8264462809917356,
        "f1-score": 0.8064516129032258,
        "support": 121.0
      },
      "street": {
        "precision": 0.8903225806451613,
        "recall": 0.9019607843137255,
        "f1-score": 0.8961038961038961,
        "support": 153.0
      },
      "accuracy": 0.8080604534005038,
      "macro avg": {
        "precision": 0.8080468390204488,
        "recall": 0.8120913057353824,
        "f1-score": 0.8077167935015055,
        "support": 1985.0
      },
      "weighted avg": {
        "precision": 0.8090714659351673,
        "recall": 0.8080604534005038,
        "f1-score": 0.8060860385927457,
        "support": 1985.0
      }
    }
  },
  "overfitting_analysis": {
    "overfitting_detected": false,
    "best_val_loss": 0.5694692178118613,
    "val_loss_after_best": 0.5694692178118613,
    "increase_percentage": 0.0,
    "train_val_gap": 0.1473449354442261
  },
  "training_curves": {
    "train_losses": [
      2.587738817313622,
      2.2308220505714416,
      1.7851806287107796,
      1.520602466731236,
      1.3484606792186868,
      1.2251228159871594,
      1.135223810220587,
      1.0573623003630803,
      1.0077301360409836,
      0.9518644702845607,
      0.9083665571336088,
      0.8739785348546916,
      0.8514138009013801,
      0.8188817059171611,
      0.8143984150269936,
      0.7835441347853891,
      0.7591894221716914,
      0.7409641702627313,
      0.7273588092162692,
      0.7168141532560874
    ],
    "val_losses": [
      2.4492637918841456,
      1.8475376463705493,
      1.4605991378907235,
      1.2204988502687024,
      1.0648904269741428,
      0.9497305279777896,
      0.8795392667093584,
      0.8096945026228505,
      0.7665019886147592,
      0.7257642452755282,
      0.6963212494888613,
      0.6716320370474169,
      0.6491692364215851,
      0.634109037057046,
      0.6249459573338109,
      0.6110359180358148,
      0.5941477240093292,
      0.5892096435831439,
      0.5781494436725494,
      0.5694692178118613
    ],
    "train_accs": [
      15.419501133786849,
      33.797646042544,
      42.74916315732642,
      50.17816650469712,
      55.63114134542706,
      58.956916099773245,
      61.904761904761905,
      64.0643559010906,
      66.1807580174927,
      67.50890832523486,
      69.4309469819674,
      70.79149119965446,
      71.59054097829608,
      72.4651765468092,
      72.3679948169744,
      73.94449843429435,
      74.30083144368858,
      74.97030558255048,
      75.41302235179786,
      75.97451679084332
    ],
    "val_accs": [
      48.63911290322581,
      52.318548387096776,
      64.31451612903226,
      69.95967741935483,
      74.44556451612904,
      75.1008064516129,
      75.35282258064517,
      76.71370967741936,
      77.31854838709677,
      78.125,
      77.87298387096774,
      78.57862903225806,
      79.08266129032258,
      79.43548387096774,
      78.88104838709677,
      79.5866935483871,
      80.04032258064517,
      79.93951612903226,
      80.29233870967742,
      80.49395161290323
    ],
    "val_macro_f1s": [
      0.43386605974770115,
      0.4764535548943803,
      0.6193320109814329,
      0.6857047718931657,
      0.7375943107098458,
      0.7462579536457989,
      0.7495529262186347,
      0.763187088843914,
      0.7696180229301673,
      0.7790914044891097,
      0.776121728782992,
      0.7839027882797959,
      0.7892819108510647,
      0.7928972567873274,
      0.7867127640272232,
      0.7946253500403629,
      0.7992529828397273,
      0.7972718897064864,
      0.8019018691902853,
      0.8033340845865166
    ],
    "learning_rates": [
      4.995066821070679e-05,
      4.980286753286195e-05,
      4.955718126821722e-05,
      4.9214579028215776e-05,
      4.877641290737884e-05,
      4.8244412147206284e-05,
      4.762067631165049e-05,
      4.6907667001096584e-05,
      4.610819813755037e-05,
      4.5225424859373677e-05,
      4.426283106939472e-05,
      4.322421568553528e-05,
      4.211367764821721e-05,
      4.0935599743717234e-05,
      3.969463130731183e-05,
      3.839566987447491e-05,
      3.7043841852542874e-05,
      3.564448228912681e-05,
      3.420311381711694e-05,
      3.272542485937368e-05
    ]
  },
  "data_split_info": {
    "train_size": 9261,
    "val_size": 1984,
    "test_size": 1985
  }
}