{
  "experiment_id": "seed_112",
  "seed_value": 112,
  "seed_index": 1,
  "timestamp": "2026-05-22T22:19:29.160235",
  "configuration": {
    "learning_rate": 5e-05,
    "batch_size": 32,
    "early_stopping_patience": 5,
    "dropout": 0.5,
    "weight_decay": 0.0001,
    "max_epochs": 20,
    "model_init_seed": 42,
    "data_split_seed": 112,
    "dataset_size": "100% (full dataset)"
  },
  "training_info": {
    "total_epochs": 20,
    "best_epoch": 20,
    "early_stopped": false,
    "total_time_minutes": 83.1286553700765
  },
  "validation_metrics": {
    "best_val_macro_f1": 0.8146368161971616,
    "best_val_accuracy": 81.60282258064517,
    "best_val_loss": 0.5634465222397158,
    "final_val_macro_f1": 0.8146368161971616,
    "final_val_accuracy": 81.60282258064517,
    "final_val_loss": 0.5634465222397158
  },
  "test_metrics": {
    "test_macro_f1": 0.816129492529086,
    "test_accuracy": 81.61209068010075,
    "test_loss": 0.5404435737753317,
    "report": {
      "conservative": {
        "precision": 0.72,
        "recall": 0.7769784172661871,
        "f1-score": 0.7474048442906575,
        "support": 139.0
      },
      "dressy": {
        "precision": 0.9496402877697842,
        "recall": 0.9777777777777777,
        "f1-score": 0.9635036496350365,
        "support": 135.0
      },
      "ethnic": {
        "precision": 0.8918918918918919,
        "recall": 0.7674418604651163,
        "f1-score": 0.825,
        "support": 129.0
      },
      "fairy": {
        "precision": 0.88,
        "recall": 0.9166666666666666,
        "f1-score": 0.8979591836734694,
        "support": 144.0
      },
      "feminine": {
        "precision": 0.6993464052287581,
        "recall": 0.8770491803278688,
        "f1-score": 0.7781818181818182,
        "support": 122.0
      },
      "gal": {
        "precision": 0.8888888888888888,
        "recall": 0.8951048951048951,
        "f1-score": 0.89198606271777,
        "support": 143.0
      },
      "girlish": {
        "precision": 0.7886178861788617,
        "recall": 0.5843373493975904,
        "f1-score": 0.671280276816609,
        "support": 166.0
      },
      "kireime-casual": {
        "precision": 0.66,
        "recall": 0.6265822784810127,
        "f1-score": 0.6428571428571429,
        "support": 158.0
      },
      "lolita": {
        "precision": 0.9466666666666667,
        "recall": 0.8875,
        "f1-score": 0.9161290322580645,
        "support": 160.0
      },
      "mode": {
        "precision": 0.831081081081081,
        "recall": 0.7735849056603774,
        "f1-score": 0.8013029315960912,
        "support": 159.0
      },
      "natural": {
        "precision": 0.732484076433121,
        "recall": 0.8914728682170543,
        "f1-score": 0.8041958041958042,
        "support": 129.0
      },
      "retro": {
        "precision": 0.7903225806451613,
        "recall": 0.7716535433070866,
        "f1-score": 0.7808764940239044,
        "support": 127.0
      },
      "rock": {
        "precision": 0.7890625,
        "recall": 0.8347107438016529,
        "f1-score": 0.8112449799196787,
        "support": 121.0
      },
      "street": {
        "precision": 0.879746835443038,
        "recall": 0.9084967320261438,
        "f1-score": 0.8938906752411575,
        "support": 153.0
      },
      "accuracy": 0.8161209068010076,
      "macro avg": {
        "precision": 0.8176963643019467,
        "recall": 0.8206683727499593,
        "f1-score": 0.816129492529086,
        "support": 1985.0
      },
      "weighted avg": {
        "precision": 0.8192570453606232,
        "recall": 0.8161209068010076,
        "f1-score": 0.8146175478415421,
        "support": 1985.0
      }
    }
  },
  "overfitting_analysis": {
    "overfitting_detected": false,
    "best_val_loss": 0.5634465222397158,
    "val_loss_after_best": 0.5634465222397158,
    "increase_percentage": 0.0,
    "train_val_gap": 0.16232147836711708
  },
  "training_curves": {
    "train_losses": [
      2.5911993314479957,
      2.2388680256646256,
      1.7783790596600237,
      1.514969672005752,
      1.3449257743769678,
      1.2280155578563954,
      1.129539895674278,
      1.0432650037880602,
      1.0034573665980635,
      0.9510021764656593,
      0.9101421409639819,
      0.8742935578370916,
      0.8537396759822451,
      0.821923115849495,
      0.7986322458448081,
      0.7734253997432774,
      0.7550025709744157,
      0.7501645554756297,
      0.7445975297483904,
      0.7257680006068329
    ],
    "val_losses": [
      2.465808768426218,
      1.859252235581798,
      1.4551114286145856,
      1.220159666192147,
      1.0607363052906529,
      0.9488703925763408,
      0.869962562476435,
      0.8090537209664622,
      0.7611607976498143,
      0.7225491423760692,
      0.6943943904292199,
      0.6695885691911944,
      0.6501101524599137,
      0.6307890818965051,
      0.6129020240999037,
      0.5991338803883521,
      0.5852613886517863,
      0.5778764154641859,
      0.5707201337622058,
      0.5634465222397158
    ],
    "train_accs": [
      14.523269625310443,
      33.75445416261743,
      43.05150631681244,
      49.454702515927,
      54.91847532663859,
      59.1188856494979,
      62.17471115430299,
      65.10096101932837,
      65.93240470791491,
      68.02721088435374,
      69.76568405139834,
      70.71590540978296,
      71.13702623906705,
      72.33560090702947,
      72.95108519598315,
      74.08487204405571,
      74.46280099341324,
      74.78674009286254,
      75.03509340244034,
      75.2510528020732
    ],
    "val_accs": [
      44.707661290322584,
      53.27620967741935,
      63.256048387096776,
      69.0524193548387,
      73.4375,
      74.24395161290323,
      76.36088709677419,
      77.11693548387096,
      78.37701612903226,
      79.13306451612904,
      79.08266129032258,
      79.53629032258064,
      80.09072580645162,
      80.34274193548387,
      80.9475806451613,
      80.79637096774194,
      81.3508064516129,
      80.9475806451613,
      81.30040322580645,
      81.60282258064517
    ],
    "val_macro_f1s": [
      0.3922897147486578,
      0.48336865963019343,
      0.6131823943331279,
      0.6733869259658941,
      0.730103799563839,
      0.7374744811917908,
      0.7605816148185272,
      0.7682315048085908,
      0.7815784429274908,
      0.7891334992653961,
      0.7895261350143689,
      0.7947411236337718,
      0.7996583649268382,
      0.8020360928397057,
      0.807961931453522,
      0.8062971155369353,
      0.8120226018046485,
      0.8080899093401526,
      0.8115731173972917,
      0.8146368161971616
    ],
    "learning_rates": [
      4.995066821070679e-05,
      4.980286753286195e-05,
      4.955718126821722e-05,
      4.9214579028215776e-05,
      4.877641290737884e-05,
      4.8244412147206284e-05,
      4.762067631165049e-05,
      4.6907667001096584e-05,
      4.610819813755037e-05,
      4.5225424859373677e-05,
      4.426283106939472e-05,
      4.322421568553528e-05,
      4.211367764821721e-05,
      4.0935599743717234e-05,
      3.969463130731183e-05,
      3.839566987447491e-05,
      3.7043841852542874e-05,
      3.564448228912681e-05,
      3.420311381711694e-05,
      3.272542485937368e-05
    ]
  },
  "data_split_info": {
    "train_size": 9261,
    "val_size": 1984,
    "test_size": 1985
  }
}