{
  "experiment_id": "seed_380",
  "seed_value": 380,
  "seed_index": 9,
  "timestamp": "2026-05-23T00:42:32.575614",
  "configuration": {
    "learning_rate": 5e-05,
    "batch_size": 32,
    "early_stopping_patience": 5,
    "dropout": 0.5,
    "weight_decay": 0.0001,
    "max_epochs": 20,
    "model_init_seed": 42,
    "data_split_seed": 380,
    "dataset_size": "100% (full dataset)"
  },
  "training_info": {
    "total_epochs": 20,
    "best_epoch": 20,
    "early_stopped": false,
    "total_time_minutes": 18.03218580087026
  },
  "validation_metrics": {
    "best_val_macro_f1": 0.8129985013679589,
    "best_val_accuracy": 81.30040322580645,
    "best_val_loss": 0.5882390949033922,
    "final_val_macro_f1": 0.8129985013679589,
    "final_val_accuracy": 81.30040322580645,
    "final_val_loss": 0.5882390949033922
  },
  "test_metrics": {
    "test_macro_f1": 0.8204438859577067,
    "test_accuracy": 82.11586901763224,
    "test_loss": 0.5417409231738438,
    "report": {
      "conservative": {
        "precision": 0.7302631578947368,
        "recall": 0.7985611510791367,
        "f1-score": 0.7628865979381443,
        "support": 139.0
      },
      "dressy": {
        "precision": 0.9571428571428572,
        "recall": 0.9925925925925926,
        "f1-score": 0.9745454545454545,
        "support": 135.0
      },
      "ethnic": {
        "precision": 0.8283582089552238,
        "recall": 0.8604651162790697,
        "f1-score": 0.844106463878327,
        "support": 129.0
      },
      "fairy": {
        "precision": 0.916083916083916,
        "recall": 0.9097222222222222,
        "f1-score": 0.9128919860627178,
        "support": 144.0
      },
      "feminine": {
        "precision": 0.7185185185185186,
        "recall": 0.7950819672131147,
        "f1-score": 0.754863813229572,
        "support": 122.0
      },
      "gal": {
        "precision": 0.8661971830985915,
        "recall": 0.8601398601398601,
        "f1-score": 0.8631578947368421,
        "support": 143.0
      },
      "girlish": {
        "precision": 0.8363636363636363,
        "recall": 0.5542168674698795,
        "f1-score": 0.6666666666666666,
        "support": 166.0
      },
      "kireime-casual": {
        "precision": 0.6870748299319728,
        "recall": 0.6392405063291139,
        "f1-score": 0.6622950819672131,
        "support": 158.0
      },
      "lolita": {
        "precision": 0.9036144578313253,
        "recall": 0.9375,
        "f1-score": 0.9202453987730062,
        "support": 160.0
      },
      "mode": {
        "precision": 0.8343949044585988,
        "recall": 0.8238993710691824,
        "f1-score": 0.8291139240506329,
        "support": 159.0
      },
      "natural": {
        "precision": 0.6964285714285714,
        "recall": 0.9069767441860465,
        "f1-score": 0.7878787878787878,
        "support": 129.0
      },
      "retro": {
        "precision": 0.825,
        "recall": 0.7795275590551181,
        "f1-score": 0.8016194331983806,
        "support": 127.0
      },
      "rock": {
        "precision": 0.7938931297709924,
        "recall": 0.859504132231405,
        "f1-score": 0.8253968253968254,
        "support": 121.0
      },
      "street": {
        "precision": 0.9214285714285714,
        "recall": 0.8431372549019608,
        "f1-score": 0.8805460750853242,
        "support": 153.0
      },
      "accuracy": 0.8211586901763224,
      "macro avg": {
        "precision": 0.822482995921965,
        "recall": 0.8257546674834788,
        "f1-score": 0.8204438859577067,
        "support": 1985.0
      },
      "weighted avg": {
        "precision": 0.8248442466740613,
        "recall": 0.8211586901763224,
        "f1-score": 0.8190893107458926,
        "support": 1985.0
      }
    }
  },
  "overfitting_analysis": {
    "overfitting_detected": false,
    "best_val_loss": 0.5882390949033922,
    "val_loss_after_best": 0.5882390949033922,
    "increase_percentage": 0.0,
    "train_val_gap": 0.12684836081323414
  },
  "training_curves": {
    "train_losses": [
      2.5922297477722167,
      2.2391045327844292,
      1.7723229794666684,
      1.501630438196248,
      1.3302259186218526,
      1.1997377463455858,
      1.1257462762553117,
      1.0403983543659079,
      0.9991917312145233,
      0.9418270737960421,
      0.899133124639248,
      0.8672024043469594,
      0.853077375169458,
      0.8152040446626729,
      0.783092586233698,
      0.7692151601972251,
      0.7537057867337917,
      0.745237874779208,
      0.729165198679628,
      0.7150874557166264
    ],
    "val_losses": [
      2.4614263042326896,
      1.8488631267701425,
      1.4551218190500814,
      1.2214807608435232,
      1.069208275887274,
      0.9636204906048313,
      0.8921929424808871,
      0.8277541716252604,
      0.7900257668187541,
      0.7509523889710826,
      0.7220921775987071,
      0.6925626574985443,
      0.6768101617213218,
      0.6572726027619454,
      0.6423241621063601,
      0.6253538992135755,
      0.6158341501028307,
      0.60819433485308,
      0.5951028216269708,
      0.5882390949033922
    ],
    "train_accs": [
      15.473490983695065,
      34.07839326206673,
      43.53741496598639,
      51.49551884245762,
      56.33300939423388,
      59.755965878414855,
      62.22870100421121,
      64.7338300399525,
      66.59108087679516,
      67.75726163481265,
      69.91685563114135,
      71.1478242090487,
      71.12622826908542,
      72.11964150739661,
      73.58816542490013,
      74.06327610409242,
      74.25763956376201,
      75.33743656192635,
      75.348234531908,
      76.2660619803477
    ],
    "val_accs": [
      47.278225806451616,
      52.41935483870968,
      65.22177419354838,
      70.4133064516129,
      72.58064516129032,
      74.34475806451613,
      75.50403225806451,
      76.5625,
      77.41935483870968,
      77.87298387096774,
      78.57862903225806,
      79.08266129032258,
      79.08266129032258,
      79.7883064516129,
      80.09072580645162,
      80.29233870967742,
      80.29233870967742,
      80.54435483870968,
      80.89717741935483,
      81.30040322580645
    ],
    "val_macro_f1s": [
      0.41090472721833343,
      0.4749170782590925,
      0.6325671889439136,
      0.690507186225168,
      0.7162408948795395,
      0.7367840417091418,
      0.7521441393059319,
      0.7621296198620952,
      0.7731031560816624,
      0.7761702670855779,
      0.7849463290356616,
      0.7895311984162244,
      0.790634686637076,
      0.7973113177866976,
      0.800212857857049,
      0.8026413997392218,
      0.8028622495184977,
      0.8055989056696521,
      0.8085587926058929,
      0.8129985013679589
    ],
    "learning_rates": [
      4.995066821070679e-05,
      4.980286753286195e-05,
      4.955718126821722e-05,
      4.9214579028215776e-05,
      4.877641290737884e-05,
      4.8244412147206284e-05,
      4.762067631165049e-05,
      4.6907667001096584e-05,
      4.610819813755037e-05,
      4.5225424859373677e-05,
      4.426283106939472e-05,
      4.322421568553528e-05,
      4.211367764821721e-05,
      4.0935599743717234e-05,
      3.969463130731183e-05,
      3.839566987447491e-05,
      3.7043841852542874e-05,
      3.564448228912681e-05,
      3.420311381711694e-05,
      3.272542485937368e-05
    ]
  },
  "data_split_info": {
    "train_size": 9261,
    "val_size": 1984,
    "test_size": 1985
  }
}