{
  "experiment_id": "seed_16",
  "seed_value": 16,
  "seed_index": 3,
  "timestamp": "2026-05-22T10:53:24.457764",
  "configuration": {
    "learning_rate": 5e-05,
    "batch_size": 32,
    "early_stopping_patience": 5,
    "dropout": 0.5,
    "weight_decay": 0.0001,
    "max_epochs": 20,
    "model_init_seed": 42,
    "data_split_seed": 16,
    "dataset_size": "100% (full dataset)"
  },
  "training_info": {
    "total_epochs": 20,
    "best_epoch": 19,
    "early_stopped": false,
    "total_time_minutes": 18.052030766010283
  },
  "validation_metrics": {
    "best_val_macro_f1": 0.7982432679109454,
    "best_val_accuracy": 79.83870967741936,
    "best_val_loss": 0.6033870741244285,
    "final_val_macro_f1": 0.7963819886703848,
    "final_val_accuracy": 79.6875,
    "final_val_loss": 0.6033870741244285
  },
  "test_metrics": {
    "test_macro_f1": 0.8151534214712327,
    "test_accuracy": 81.51133501259446,
    "test_loss": 0.5513379256876688,
    "report": {
      "conservative": {
        "precision": 0.7133333333333334,
        "recall": 0.7697841726618705,
        "f1-score": 0.740484429065744,
        "support": 139.0
      },
      "dressy": {
        "precision": 0.935251798561151,
        "recall": 0.9629629629629629,
        "f1-score": 0.948905109489051,
        "support": 135.0
      },
      "ethnic": {
        "precision": 0.918918918918919,
        "recall": 0.7906976744186046,
        "f1-score": 0.85,
        "support": 129.0
      },
      "fairy": {
        "precision": 0.8979591836734694,
        "recall": 0.9166666666666666,
        "f1-score": 0.9072164948453608,
        "support": 144.0
      },
      "feminine": {
        "precision": 0.7121212121212122,
        "recall": 0.7704918032786885,
        "f1-score": 0.7401574803149606,
        "support": 122.0
      },
      "gal": {
        "precision": 0.8378378378378378,
        "recall": 0.8671328671328671,
        "f1-score": 0.852233676975945,
        "support": 143.0
      },
      "girlish": {
        "precision": 0.736,
        "recall": 0.5542168674698795,
        "f1-score": 0.6323024054982818,
        "support": 166.0
      },
      "kireime-casual": {
        "precision": 0.6832298136645962,
        "recall": 0.6962025316455697,
        "f1-score": 0.6896551724137931,
        "support": 158.0
      },
      "lolita": {
        "precision": 0.8982035928143712,
        "recall": 0.9375,
        "f1-score": 0.9174311926605505,
        "support": 160.0
      },
      "mode": {
        "precision": 0.8,
        "recall": 0.8050314465408805,
        "f1-score": 0.8025078369905956,
        "support": 159.0
      },
      "natural": {
        "precision": 0.7708333333333334,
        "recall": 0.8604651162790697,
        "f1-score": 0.8131868131868132,
        "support": 129.0
      },
      "retro": {
        "precision": 0.8064516129032258,
        "recall": 0.7874015748031497,
        "f1-score": 0.796812749003984,
        "support": 127.0
      },
      "rock": {
        "precision": 0.7819548872180451,
        "recall": 0.859504132231405,
        "f1-score": 0.8188976377952756,
        "support": 121.0
      },
      "street": {
        "precision": 0.9305555555555556,
        "recall": 0.8758169934640523,
        "f1-score": 0.9023569023569024,
        "support": 153.0
      },
      "accuracy": 0.8151133501259445,
      "macro avg": {
        "precision": 0.8159036485667893,
        "recall": 0.8181339149682619,
        "f1-score": 0.8151534214712327,
        "support": 1985.0
      },
      "weighted avg": {
        "precision": 0.8160382213700788,
        "recall": 0.8151133501259445,
        "f1-score": 0.8136253505312864,
        "support": 1985.0
      }
    }
  },
  "overfitting_analysis": {
    "overfitting_detected": false,
    "best_val_loss": 0.6033870741244285,
    "val_loss_after_best": 0.6033870741244285,
    "increase_percentage": 0.0,
    "train_val_gap": 0.13513446552668584
  },
  "training_curves": {
    "train_losses": [
      2.5945437842401966,
      2.248938832611873,
      1.7882568046964449,
      1.5276499896213926,
      1.3339900491566494,
      1.2206000050594066,
      1.1208395084430431,
      1.0428178715294805,
      0.9931918575845916,
      0.9361026644706726,
      0.904540630661208,
      0.8706743920671529,
      0.8323031487136051,
      0.8163092395354962,
      0.7932972370550551,
      0.7796419548577276,
      0.7551093326560382,
      0.7372684128325561,
      0.7385215396511143,
      0.7128520119806816
    ],
    "val_losses": [
      2.471863527451792,
      1.8735110336734402,
      1.4776318957728725,
      1.2451530598825025,
      1.090868757617089,
      0.9800955018689556,
      0.9015554333886793,
      0.839626262264867,
      0.7959977945973796,
      0.7576173293975091,
      0.7312303113360559,
      0.7059515897304781,
      0.6823604159778164,
      0.6689668989950611,
      0.6501842549731655,
      0.6405556504764864,
      0.628300485111052,
      0.6195731273581905,
      0.6111467370102482,
      0.6033870741244285
    ],
    "train_accs": [
      14.350502105604146,
      33.225353633516896,
      42.58719360760177,
      49.94061116510096,
      55.69592916531692,
      58.61138106036065,
      62.585034013605444,
      65.2845265090163,
      66.70985854659324,
      68.71828096317893,
      69.12860382248137,
      70.22999676060901,
      71.69852067811252,
      72.713529856387,
      73.91210452434942,
      74.05247813411079,
      75.2510528020732,
      75.88813303099018,
      75.38062844185293,
      76.38483965014578
    ],
    "val_accs": [
      46.57258064516129,
      52.62096774193548,
      62.5,
      67.69153225806451,
      70.36290322580645,
      71.9758064516129,
      74.49596774193549,
      74.6975806451613,
      75.45362903225806,
      76.76411290322581,
      77.01612903225806,
      77.57056451612904,
      78.0241935483871,
      77.97379032258064,
      79.13306451612904,
      79.13306451612904,
      79.23387096774194,
      79.48588709677419,
      79.83870967741936,
      79.6875
    ],
    "val_macro_f1s": [
      0.4267783183608533,
      0.4790696433400558,
      0.602383772199458,
      0.6627386180592397,
      0.695410477447343,
      0.712860166017453,
      0.7409582656509277,
      0.7428935464746853,
      0.7509882080806444,
      0.7646612528983203,
      0.7668587697523129,
      0.7740391718669078,
      0.779171408543064,
      0.7786669280927488,
      0.7905805542318376,
      0.7907162909349986,
      0.7917123477986275,
      0.7942787329175296,
      0.7982432679109454,
      0.7963819886703848
    ],
    "learning_rates": [
      4.995066821070679e-05,
      4.980286753286195e-05,
      4.955718126821722e-05,
      4.9214579028215776e-05,
      4.877641290737884e-05,
      4.8244412147206284e-05,
      4.762067631165049e-05,
      4.6907667001096584e-05,
      4.610819813755037e-05,
      4.5225424859373677e-05,
      4.426283106939472e-05,
      4.322421568553528e-05,
      4.211367764821721e-05,
      4.0935599743717234e-05,
      3.969463130731183e-05,
      3.839566987447491e-05,
      3.7043841852542874e-05,
      3.564448228912681e-05,
      3.420311381711694e-05,
      3.272542485937368e-05
    ]
  },
  "data_split_info": {
    "train_size": 9261,
    "val_size": 1984,
    "test_size": 1985
  }
}