{
  "experiment_id": "seed_126",
  "seed_value": 126,
  "seed_index": 4,
  "timestamp": "2026-05-22T23:13:45.855740",
  "configuration": {
    "learning_rate": 5e-05,
    "batch_size": 32,
    "early_stopping_patience": 5,
    "dropout": 0.5,
    "weight_decay": 0.0001,
    "max_epochs": 20,
    "model_init_seed": 42,
    "data_split_seed": 126,
    "dataset_size": "100% (full dataset)"
  },
  "training_info": {
    "total_epochs": 20,
    "best_epoch": 18,
    "early_stopped": false,
    "total_time_minutes": 17.58642915884654
  },
  "validation_metrics": {
    "best_val_macro_f1": 0.8020754804386048,
    "best_val_accuracy": 80.29233870967742,
    "best_val_loss": 0.5889860905947224,
    "final_val_macro_f1": 0.7985333979396522,
    "final_val_accuracy": 79.93951612903226,
    "final_val_loss": 0.5889860905947224
  },
  "test_metrics": {
    "test_macro_f1": 0.8143420472478583,
    "test_accuracy": 81.41057934508817,
    "test_loss": 0.5666992586283457,
    "report": {
      "conservative": {
        "precision": 0.7450980392156863,
        "recall": 0.8201438848920863,
        "f1-score": 0.7808219178082192,
        "support": 139.0
      },
      "dressy": {
        "precision": 0.9624060150375939,
        "recall": 0.9481481481481482,
        "f1-score": 0.9552238805970149,
        "support": 135.0
      },
      "ethnic": {
        "precision": 0.865546218487395,
        "recall": 0.7984496124031008,
        "f1-score": 0.8306451612903226,
        "support": 129.0
      },
      "fairy": {
        "precision": 0.8954248366013072,
        "recall": 0.9513888888888888,
        "f1-score": 0.9225589225589226,
        "support": 144.0
      },
      "feminine": {
        "precision": 0.6758620689655173,
        "recall": 0.8032786885245902,
        "f1-score": 0.7340823970037453,
        "support": 122.0
      },
      "gal": {
        "precision": 0.8380281690140845,
        "recall": 0.8321678321678322,
        "f1-score": 0.8350877192982457,
        "support": 143.0
      },
      "girlish": {
        "precision": 0.7266187050359713,
        "recall": 0.608433734939759,
        "f1-score": 0.6622950819672131,
        "support": 166.0
      },
      "kireime-casual": {
        "precision": 0.7172413793103448,
        "recall": 0.6582278481012658,
        "f1-score": 0.6864686468646864,
        "support": 158.0
      },
      "lolita": {
        "precision": 0.9125,
        "recall": 0.9125,
        "f1-score": 0.9125,
        "support": 160.0
      },
      "mode": {
        "precision": 0.8055555555555556,
        "recall": 0.7295597484276729,
        "f1-score": 0.7656765676567657,
        "support": 159.0
      },
      "natural": {
        "precision": 0.7687074829931972,
        "recall": 0.875968992248062,
        "f1-score": 0.8188405797101449,
        "support": 129.0
      },
      "retro": {
        "precision": 0.8114754098360656,
        "recall": 0.7795275590551181,
        "f1-score": 0.7951807228915663,
        "support": 127.0
      },
      "rock": {
        "precision": 0.7463768115942029,
        "recall": 0.8512396694214877,
        "f1-score": 0.7953667953667953,
        "support": 121.0
      },
      "street": {
        "precision": 0.9310344827586207,
        "recall": 0.8823529411764706,
        "f1-score": 0.9060402684563759,
        "support": 153.0
      },
      "accuracy": 0.8141057934508816,
      "macro avg": {
        "precision": 0.8144196553146815,
        "recall": 0.8179562534567487,
        "f1-score": 0.8143420472478583,
        "support": 1985.0
      },
      "weighted avg": {
        "precision": 0.8158135856120574,
        "recall": 0.8141057934508816,
        "f1-score": 0.813145748804348,
        "support": 1985.0
      }
    }
  },
  "overfitting_analysis": {
    "overfitting_detected": false,
    "best_val_loss": 0.5889860905947224,
    "val_loss_after_best": 0.5958398647846714,
    "increase_percentage": 1.1636563748098891,
    "train_val_gap": 0.1487460573702155
  },
  "training_curves": {
    "train_losses": [
      2.591922870175592,
      2.2321058071892836,
      1.7808758468463504,
      1.5181372321885207,
      1.3345754101358611,
      1.2170670803250938,
      1.1112461819730957,
      1.0446392714977264,
      1.0003499222212824,
      0.9285542179798257,
      0.906230661170236,
      0.8669240850826789,
      0.8346525815026513,
      0.8106675915676972,
      0.789587704477639,
      0.7689379046703207,
      0.7585863857433713,
      0.7377321479649379,
      0.7247824200268449,
      0.7069255138265675
    ],
    "val_losses": [
      2.457832124925429,
      1.8348927017181151,
      1.4543626616078038,
      1.224143947324445,
      1.0696984539108891,
      0.9615369804443852,
      0.8817023538774059,
      0.821961768211857,
      0.7765465599875296,
      0.7384682941821313,
      0.7110017100649495,
      0.687461644411087,
      0.6666142123360788,
      0.650281610508119,
      0.63761657812903,
      0.6244937267995649,
      0.6150414602410409,
      0.6036151984045582,
      0.5958398647846714,
      0.5889860905947224
    ],
    "train_accs": [
      14.447683835438937,
      33.365727243278265,
      42.90033473706943,
      50.048590864917394,
      55.955080444876366,
      58.902926249865025,
      63.41647770219199,
      64.58265846020949,
      66.5478889968686,
      68.93424036281179,
      69.54972465176547,
      70.80228916963611,
      71.89288413778209,
      72.19522729726812,
      73.82572076449627,
      74.29003347370694,
      74.39801317352338,
      75.17546701220171,
      75.75855739121046,
      75.79095130115539
    ],
    "val_accs": [
      47.88306451612903,
      52.92338709677419,
      63.70967741935484,
      68.6491935483871,
      72.27822580645162,
      73.3366935483871,
      75.80645161290323,
      76.31048387096774,
      77.8225806451613,
      78.27620967741936,
      79.08266129032258,
      78.78024193548387,
      79.28427419354838,
      79.13306451612904,
      79.33467741935483,
      79.13306451612904,
      80.04032258064517,
      80.29233870967742,
      80.14112903225806,
      79.93951612903226
    ],
    "val_macro_f1s": [
      0.4342116680002321,
      0.4835387094382804,
      0.6078043303271455,
      0.673154917756757,
      0.7143172963059604,
      0.7267262190610536,
      0.7536869325877565,
      0.7593118569406432,
      0.7764644251854678,
      0.7805061301119492,
      0.7882992965436417,
      0.7865530432977768,
      0.7916606158800601,
      0.7904533143460081,
      0.7920560700693867,
      0.79051708021601,
      0.7995803321862096,
      0.8020754804386048,
      0.8008987943026653,
      0.7985333979396522
    ],
    "learning_rates": [
      4.995066821070679e-05,
      4.980286753286195e-05,
      4.955718126821722e-05,
      4.9214579028215776e-05,
      4.877641290737884e-05,
      4.8244412147206284e-05,
      4.762067631165049e-05,
      4.6907667001096584e-05,
      4.610819813755037e-05,
      4.5225424859373677e-05,
      4.426283106939472e-05,
      4.322421568553528e-05,
      4.211367764821721e-05,
      4.0935599743717234e-05,
      3.969463130731183e-05,
      3.839566987447491e-05,
      3.7043841852542874e-05,
      3.564448228912681e-05,
      3.420311381711694e-05,
      3.272542485937368e-05
    ]
  },
  "data_split_info": {
    "train_size": 9261,
    "val_size": 1984,
    "test_size": 1985
  }
}