{
  "experiment_id": "seed_309",
  "seed_value": 309,
  "seed_index": 2,
  "timestamp": "2026-05-22T22:36:19.830114",
  "configuration": {
    "learning_rate": 5e-05,
    "batch_size": 32,
    "early_stopping_patience": 5,
    "dropout": 0.5,
    "weight_decay": 0.0001,
    "max_epochs": 20,
    "model_init_seed": 42,
    "data_split_seed": 309,
    "dataset_size": "100% (full dataset)"
  },
  "training_info": {
    "total_epochs": 20,
    "best_epoch": 19,
    "early_stopped": false,
    "total_time_minutes": 17.736698639392852
  },
  "validation_metrics": {
    "best_val_macro_f1": 0.8099848853071501,
    "best_val_accuracy": 81.04838709677419,
    "best_val_loss": 0.5874122496574156,
    "final_val_macro_f1": 0.8088192090034819,
    "final_val_accuracy": 80.84677419354838,
    "final_val_loss": 0.5874122496574156
  },
  "test_metrics": {
    "test_macro_f1": 0.8092832112956483,
    "test_accuracy": 81.05793450881612,
    "test_loss": 0.5569955266657329,
    "report": {
      "conservative": {
        "precision": 0.7295597484276729,
        "recall": 0.8345323741007195,
        "f1-score": 0.7785234899328859,
        "support": 139.0
      },
      "dressy": {
        "precision": 0.9357142857142857,
        "recall": 0.9703703703703703,
        "f1-score": 0.9527272727272728,
        "support": 135.0
      },
      "ethnic": {
        "precision": 0.8373983739837398,
        "recall": 0.7984496124031008,
        "f1-score": 0.8174603174603174,
        "support": 129.0
      },
      "fairy": {
        "precision": 0.9285714285714286,
        "recall": 0.9027777777777778,
        "f1-score": 0.9154929577464789,
        "support": 144.0
      },
      "feminine": {
        "precision": 0.7421875,
        "recall": 0.7786885245901639,
        "f1-score": 0.76,
        "support": 122.0
      },
      "gal": {
        "precision": 0.8211920529801324,
        "recall": 0.8671328671328671,
        "f1-score": 0.8435374149659864,
        "support": 143.0
      },
      "girlish": {
        "precision": 0.7398373983739838,
        "recall": 0.5481927710843374,
        "f1-score": 0.629757785467128,
        "support": 166.0
      },
      "kireime-casual": {
        "precision": 0.6666666666666666,
        "recall": 0.6329113924050633,
        "f1-score": 0.6493506493506493,
        "support": 158.0
      },
      "lolita": {
        "precision": 0.9,
        "recall": 0.95625,
        "f1-score": 0.9272727272727272,
        "support": 160.0
      },
      "mode": {
        "precision": 0.8181818181818182,
        "recall": 0.7924528301886793,
        "f1-score": 0.805111821086262,
        "support": 159.0
      },
      "natural": {
        "precision": 0.7583892617449665,
        "recall": 0.875968992248062,
        "f1-score": 0.8129496402877698,
        "support": 129.0
      },
      "retro": {
        "precision": 0.7672413793103449,
        "recall": 0.7007874015748031,
        "f1-score": 0.7325102880658436,
        "support": 127.0
      },
      "rock": {
        "precision": 0.796875,
        "recall": 0.8429752066115702,
        "f1-score": 0.8192771084337349,
        "support": 121.0
      },
      "street": {
        "precision": 0.8831168831168831,
        "recall": 0.8888888888888888,
        "f1-score": 0.8859934853420195,
        "support": 153.0
      },
      "accuracy": 0.8105793450881612,
      "macro avg": {
        "precision": 0.8089236997908518,
        "recall": 0.813598500669743,
        "f1-score": 0.8092832112956483,
        "support": 1985.0
      },
      "weighted avg": {
        "precision": 0.8093169404261679,
        "recall": 0.8105793450881612,
        "f1-score": 0.8078411176763003,
        "support": 1985.0
      }
    }
  },
  "overfitting_analysis": {
    "overfitting_detected": false,
    "best_val_loss": 0.5874122496574156,
    "val_loss_after_best": 0.5874122496574156,
    "increase_percentage": 0.0,
    "train_val_gap": 0.1442354569909835
  },
  "training_curves": {
    "train_losses": [
      2.5941391155637543,
      2.2335941257147955,
      1.7816944673143584,
      1.5216710949766226,
      1.3386570786607677,
      1.2231456672323162,
      1.1195624526204735,
      1.0524844876651107,
      0.9997109197337052,
      0.9412572870994437,
      0.9082630332173972,
      0.8750234988229028,
      0.8519779559867136,
      0.8272205817288366,
      0.7912716651784962,
      0.7751204077539773,
      0.7530521780252457,
      0.7503976200161309,
      0.7316477066483991,
      0.7167045348677142
    ],
    "val_losses": [
      2.4670004229391775,
      1.8581326603889465,
      1.4726520776748657,
      1.2420523406997803,
      1.0867867258287245,
      0.9823508483748282,
      0.8992576204961346,
      0.8392547436298863,
      0.7881287615145406,
      0.7536569766459926,
      0.7223157046302673,
      0.6978780814716893,
      0.6759513909778287,
      0.6572240288219144,
      0.6409248214575552,
      0.6288843707692239,
      0.615918843976913,
      0.6036083236817391,
      0.5956224597269489,
      0.5874122496574156
    ],
    "train_accs": [
      14.67444120505345,
      33.21455566353526,
      43.645394665802826,
      49.86502537522946,
      54.38937479753806,
      59.20526940935104,
      62.80099341323831,
      64.39909297052154,
      66.58028290681352,
      67.97322103444553,
      69.3337652521326,
      70.58632977000325,
      71.42857142857143,
      72.15203541734154,
      72.81071158622179,
      74.0308821941475,
      74.26843753374365,
      74.66796242306447,
      75.47781017168772,
      75.78015333117374
    ],
    "val_accs": [
      44.45564516129032,
      54.83870967741935,
      64.61693548387096,
      68.75,
      72.78225806451613,
      74.6975806451613,
      75.15120967741936,
      76.31048387096774,
      78.27620967741936,
      78.32661290322581,
      78.93145161290323,
      79.33467741935483,
      79.6875,
      79.88911290322581,
      80.39314516129032,
      80.69556451612904,
      80.79637096774194,
      80.74596774193549,
      81.04838709677419,
      80.84677419354838
    ],
    "val_macro_f1s": [
      0.3899437195004604,
      0.49427773116758456,
      0.6270153952555454,
      0.6742266344697384,
      0.7213324978844451,
      0.742445338205228,
      0.7488392481025805,
      0.7609940343847211,
      0.7819414044088211,
      0.7822704149595385,
      0.7883704300554305,
      0.792488360735953,
      0.7959250233500229,
      0.7983899568764686,
      0.8034025282918823,
      0.8070384176450208,
      0.8079092534304516,
      0.807578966326781,
      0.8099848853071501,
      0.8088192090034819
    ],
    "learning_rates": [
      4.995066821070679e-05,
      4.980286753286195e-05,
      4.955718126821722e-05,
      4.9214579028215776e-05,
      4.877641290737884e-05,
      4.8244412147206284e-05,
      4.762067631165049e-05,
      4.6907667001096584e-05,
      4.610819813755037e-05,
      4.5225424859373677e-05,
      4.426283106939472e-05,
      4.322421568553528e-05,
      4.211367764821721e-05,
      4.0935599743717234e-05,
      3.969463130731183e-05,
      3.839566987447491e-05,
      3.7043841852542874e-05,
      3.564448228912681e-05,
      3.420311381711694e-05,
      3.272542485937368e-05
    ]
  },
  "data_split_info": {
    "train_size": 9261,
    "val_size": 1984,
    "test_size": 1985
  }
}