{
  "experiment_id": "seed_48",
  "seed_value": 48,
  "seed_index": 6,
  "timestamp": "2026-05-22T11:47:05.208964",
  "configuration": {
    "learning_rate": 5e-05,
    "batch_size": 32,
    "early_stopping_patience": 5,
    "dropout": 0.5,
    "weight_decay": 0.0001,
    "max_epochs": 20,
    "model_init_seed": 42,
    "data_split_seed": 48,
    "dataset_size": "100% (full dataset)"
  },
  "training_info": {
    "total_epochs": 20,
    "best_epoch": 19,
    "early_stopped": false,
    "total_time_minutes": 17.451167142391206
  },
  "validation_metrics": {
    "best_val_macro_f1": 0.814204020506347,
    "best_val_accuracy": 81.50201612903226,
    "best_val_loss": 0.554816565205974,
    "final_val_macro_f1": 0.8117210579761087,
    "final_val_accuracy": 81.25,
    "final_val_loss": 0.554816565205974
  },
  "test_metrics": {
    "test_macro_f1": 0.804681934021401,
    "test_accuracy": 80.50377833753149,
    "test_loss": 0.5691388088559347,
    "report": {
      "conservative": {
        "precision": 0.7115384615384616,
        "recall": 0.7985611510791367,
        "f1-score": 0.752542372881356,
        "support": 139.0
      },
      "dressy": {
        "precision": 0.9290780141843972,
        "recall": 0.9703703703703703,
        "f1-score": 0.9492753623188406,
        "support": 135.0
      },
      "ethnic": {
        "precision": 0.860655737704918,
        "recall": 0.813953488372093,
        "f1-score": 0.8366533864541833,
        "support": 129.0
      },
      "fairy": {
        "precision": 0.8506493506493507,
        "recall": 0.9097222222222222,
        "f1-score": 0.8791946308724832,
        "support": 144.0
      },
      "feminine": {
        "precision": 0.6821705426356589,
        "recall": 0.7213114754098361,
        "f1-score": 0.701195219123506,
        "support": 122.0
      },
      "gal": {
        "precision": 0.8413793103448276,
        "recall": 0.8531468531468531,
        "f1-score": 0.8472222222222222,
        "support": 143.0
      },
      "girlish": {
        "precision": 0.7916666666666666,
        "recall": 0.572289156626506,
        "f1-score": 0.6643356643356644,
        "support": 166.0
      },
      "kireime-casual": {
        "precision": 0.6556291390728477,
        "recall": 0.6265822784810127,
        "f1-score": 0.6407766990291263,
        "support": 158.0
      },
      "lolita": {
        "precision": 0.9411764705882353,
        "recall": 0.9,
        "f1-score": 0.9201277955271565,
        "support": 160.0
      },
      "mode": {
        "precision": 0.815068493150685,
        "recall": 0.7484276729559748,
        "f1-score": 0.780327868852459,
        "support": 159.0
      },
      "natural": {
        "precision": 0.7077922077922078,
        "recall": 0.8449612403100775,
        "f1-score": 0.7703180212014135,
        "support": 129.0
      },
      "retro": {
        "precision": 0.7573529411764706,
        "recall": 0.8110236220472441,
        "f1-score": 0.7832699619771863,
        "support": 127.0
      },
      "rock": {
        "precision": 0.8076923076923077,
        "recall": 0.8677685950413223,
        "f1-score": 0.8366533864541833,
        "support": 121.0
      },
      "street": {
        "precision": 0.918918918918919,
        "recall": 0.8888888888888888,
        "f1-score": 0.9036544850498339,
        "support": 153.0
      },
      "accuracy": 0.8050377833753148,
      "macro avg": {
        "precision": 0.8050548972939968,
        "recall": 0.8090719296393957,
        "f1-score": 0.804681934021401,
        "support": 1985.0
      },
      "weighted avg": {
        "precision": 0.8072514361774634,
        "recall": 0.8050377833753148,
        "f1-score": 0.8035979823629715,
        "support": 1985.0
      }
    }
  },
  "overfitting_analysis": {
    "overfitting_detected": false,
    "best_val_loss": 0.554816565205974,
    "val_loss_after_best": 0.554816565205974,
    "increase_percentage": 0.0,
    "train_val_gap": 0.18441072478310283
  },
  "training_curves": {
    "train_losses": [
      2.591461389640282,
      2.2333105781982683,
      1.7831429193759787,
      1.5199342620783838,
      1.3419311359010895,
      1.2145303054102536,
      1.1302012083859279,
      1.0579418215258367,
      0.9969778942650762,
      0.9367132671948137,
      0.9117323299934124,
      0.8830371075663074,
      0.8454654919690099,
      0.82194932226477,
      0.8024856948647006,
      0.791636947619504,
      0.7646548734656695,
      0.7451895220526333,
      0.7392272899890768,
      0.7223645886470531
    ],
    "val_losses": [
      2.459329301311124,
      1.8446953123615635,
      1.4543542477392382,
      1.2163510168752363,
      1.052962621373515,
      0.9403661576009565,
      0.8598599981877112,
      0.800488970933422,
      0.7546957668758207,
      0.7131836337427939,
      0.685782193176208,
      0.6595376013748108,
      0.6362131675404887,
      0.621201019133291,
      0.6056797956266711,
      0.5956507868343784,
      0.580846804764963,
      0.57026657269847,
      0.5604273499019684,
      0.554816565205974
    ],
    "train_accs": [
      14.318108195659216,
      34.28355469171796,
      42.98671849692258,
      49.8758233452111,
      55.79311089515171,
      59.237663319295976,
      62.03433754454163,
      64.5610625202462,
      66.28873771730915,
      68.23237231400496,
      69.39855307202247,
      70.34877443040709,
      71.2234099989202,
      72.04405571752511,
      73.2102364755426,
      73.19943850556095,
      74.30083144368858,
      75.0242954324587,
      74.55998272324803,
      76.0932944606414
    ],
    "val_accs": [
      47.42943548387097,
      52.62096774193548,
      64.21370967741936,
      69.10282258064517,
      72.53024193548387,
      74.24395161290323,
      76.71370967741936,
      77.36895161290323,
      77.92338709677419,
      78.98185483870968,
      78.88104838709677,
      80.24193548387096,
      80.29233870967742,
      80.24193548387096,
      80.64516129032258,
      80.39314516129032,
      80.9475806451613,
      80.79637096774194,
      81.50201612903226,
      81.25
    ],
    "val_macro_f1s": [
      0.4220573563257039,
      0.4787307696380803,
      0.6118107524778839,
      0.6751911946809014,
      0.7172899958750818,
      0.7355481307865565,
      0.7619391210868268,
      0.7698785261073157,
      0.7768259844360116,
      0.787387779146628,
      0.7869870765711554,
      0.8010529752025802,
      0.8022963667784822,
      0.8012937710498156,
      0.8055044974796459,
      0.8027913931814041,
      0.8083778855149547,
      0.8072203347935509,
      0.814204020506347,
      0.8117210579761087
    ],
    "learning_rates": [
      4.995066821070679e-05,
      4.980286753286195e-05,
      4.955718126821722e-05,
      4.9214579028215776e-05,
      4.877641290737884e-05,
      4.8244412147206284e-05,
      4.762067631165049e-05,
      4.6907667001096584e-05,
      4.610819813755037e-05,
      4.5225424859373677e-05,
      4.426283106939472e-05,
      4.322421568553528e-05,
      4.211367764821721e-05,
      4.0935599743717234e-05,
      3.969463130731183e-05,
      3.839566987447491e-05,
      3.7043841852542874e-05,
      3.564448228912681e-05,
      3.420311381711694e-05,
      3.272542485937368e-05
    ]
  },
  "data_split_info": {
    "train_size": 9261,
    "val_size": 1984,
    "test_size": 1985
  }
}