{
  "experiment_id": "seed_72",
  "seed_value": 72,
  "seed_index": 9,
  "timestamp": "2026-05-22T12:41:13.987045",
  "configuration": {
    "learning_rate": 5e-05,
    "batch_size": 32,
    "early_stopping_patience": 5,
    "dropout": 0.5,
    "weight_decay": 0.0001,
    "max_epochs": 20,
    "model_init_seed": 42,
    "data_split_seed": 72,
    "dataset_size": "100% (full dataset)"
  },
  "training_info": {
    "total_epochs": 20,
    "best_epoch": 19,
    "early_stopped": false,
    "total_time_minutes": 18.14869837363561
  },
  "validation_metrics": {
    "best_val_macro_f1": 0.8136610742679055,
    "best_val_accuracy": 81.40120967741936,
    "best_val_loss": 0.5722171899772459,
    "final_val_macro_f1": 0.8125627393978553,
    "final_val_accuracy": 81.25,
    "final_val_loss": 0.5722171899772459
  },
  "test_metrics": {
    "test_macro_f1": 0.8125886727271713,
    "test_accuracy": 81.360201511335,
    "test_loss": 0.5868574820813679,
    "report": {
      "conservative": {
        "precision": 0.6529411764705882,
        "recall": 0.7985611510791367,
        "f1-score": 0.7184466019417476,
        "support": 139.0
      },
      "dressy": {
        "precision": 0.9629629629629629,
        "recall": 0.9629629629629629,
        "f1-score": 0.9629629629629629,
        "support": 135.0
      },
      "ethnic": {
        "precision": 0.8174603174603174,
        "recall": 0.7984496124031008,
        "f1-score": 0.807843137254902,
        "support": 129.0
      },
      "fairy": {
        "precision": 0.9041095890410958,
        "recall": 0.9166666666666666,
        "f1-score": 0.9103448275862069,
        "support": 144.0
      },
      "feminine": {
        "precision": 0.7021276595744681,
        "recall": 0.8114754098360656,
        "f1-score": 0.752851711026616,
        "support": 122.0
      },
      "gal": {
        "precision": 0.875,
        "recall": 0.8811188811188811,
        "f1-score": 0.8780487804878049,
        "support": 143.0
      },
      "girlish": {
        "precision": 0.7899159663865546,
        "recall": 0.5662650602409639,
        "f1-score": 0.6596491228070176,
        "support": 166.0
      },
      "kireime-casual": {
        "precision": 0.7076923076923077,
        "recall": 0.5822784810126582,
        "f1-score": 0.6388888888888888,
        "support": 158.0
      },
      "lolita": {
        "precision": 0.8928571428571429,
        "recall": 0.9375,
        "f1-score": 0.9146341463414634,
        "support": 160.0
      },
      "mode": {
        "precision": 0.8223684210526315,
        "recall": 0.7861635220125787,
        "f1-score": 0.8038585209003215,
        "support": 159.0
      },
      "natural": {
        "precision": 0.7204968944099379,
        "recall": 0.8992248062015504,
        "f1-score": 0.8,
        "support": 129.0
      },
      "retro": {
        "precision": 0.8434782608695652,
        "recall": 0.7637795275590551,
        "f1-score": 0.8016528925619835,
        "support": 127.0
      },
      "rock": {
        "precision": 0.8048780487804879,
        "recall": 0.8181818181818182,
        "f1-score": 0.8114754098360656,
        "support": 121.0
      },
      "street": {
        "precision": 0.9096774193548387,
        "recall": 0.9215686274509803,
        "f1-score": 0.9155844155844156,
        "support": 153.0
      },
      "accuracy": 0.8136020151133502,
      "macro avg": {
        "precision": 0.8147118690652071,
        "recall": 0.817442609051887,
        "f1-score": 0.8125886727271713,
        "support": 1985.0
      },
      "weighted avg": {
        "precision": 0.8163120625616654,
        "recall": 0.8136020151133502,
        "f1-score": 0.8113140586908556,
        "support": 1985.0
      }
    }
  },
  "overfitting_analysis": {
    "overfitting_detected": false,
    "best_val_loss": 0.5722171899772459,
    "val_loss_after_best": 0.5722171899772459,
    "increase_percentage": 0.0,
    "train_val_gap": 0.1580532916462064
  },
  "training_curves": {
    "train_losses": [
      2.5905733601800325,
      2.2416707338957953,
      1.7767870360407336,
      1.5170324592754758,
      1.3426086101038703,
      1.2161470026805483,
      1.1293115073236926,
      1.0489099183986927,
      1.0006662697627626,
      0.9505300285487339,
      0.906238803781312,
      0.86922842490262,
      0.8509418020988333,
      0.8247325499509943,
      0.7988651149231812,
      0.7733083368375384,
      0.7451068682917233,
      0.7473808496162809,
      0.7302704816234523,
      0.7177111195079211
    ],
    "val_losses": [
      2.4573952190337645,
      1.841453363818507,
      1.4448804682300938,
      1.2234881808680873,
      1.0669203602498578,
      0.9570875927325218,
      0.8751903349353422,
      0.8152239563003663,
      0.7702546052394375,
      0.7303422227982552,
      0.7016783510485003,
      0.6757300020225586,
      0.6546508530455251,
      0.6382418020117667,
      0.6235612438571069,
      0.6090323059789596,
      0.5966820889903653,
      0.5865915148488937,
      0.57856815043957,
      0.5722171899772459
    ],
    "train_accs": [
      15.01997624446604,
      33.3009394233884,
      43.440233236151606,
      50.50210560414642,
      56.019868264766224,
      59.583198358708565,
      62.19630709426628,
      64.3882950005399,
      66.58028290681352,
      68.24317028398661,
      69.6577043515819,
      70.81308713961775,
      71.32059172875499,
      72.62714609653385,
      73.00507504589137,
      73.91210452434942,
      74.54918475326639,
      74.89471979267897,
      75.57499190152251,
      75.68297160133895
    ],
    "val_accs": [
      47.17741935483871,
      54.33467741935484,
      65.5241935483871,
      69.50604838709677,
      72.88306451612904,
      74.59677419354838,
      76.20967741935483,
      77.41935483870968,
      77.77217741935483,
      78.78024193548387,
      79.18346774193549,
      79.18346774193549,
      79.93951612903226,
      80.09072580645162,
      80.29233870967742,
      80.54435483870968,
      80.79637096774194,
      81.1491935483871,
      81.40120967741936,
      81.25
    ],
    "val_macro_f1s": [
      0.4167828985354191,
      0.4977004547751897,
      0.6297830095919014,
      0.6780169058111253,
      0.7205231062108715,
      0.7393172676462989,
      0.7579774828055914,
      0.7715779242253403,
      0.7761051104379018,
      0.7867667489098548,
      0.7910242122468972,
      0.7912888202870655,
      0.7986468265496738,
      0.7998559785918561,
      0.8025076420949876,
      0.8057736197660047,
      0.8077273419789085,
      0.8113288185249684,
      0.8136610742679055,
      0.8125627393978553
    ],
    "learning_rates": [
      4.995066821070679e-05,
      4.980286753286195e-05,
      4.955718126821722e-05,
      4.9214579028215776e-05,
      4.877641290737884e-05,
      4.8244412147206284e-05,
      4.762067631165049e-05,
      4.6907667001096584e-05,
      4.610819813755037e-05,
      4.5225424859373677e-05,
      4.426283106939472e-05,
      4.322421568553528e-05,
      4.211367764821721e-05,
      4.0935599743717234e-05,
      3.969463130731183e-05,
      3.839566987447491e-05,
      3.7043841852542874e-05,
      3.564448228912681e-05,
      3.420311381711694e-05,
      3.272542485937368e-05
    ]
  },
  "data_split_info": {
    "train_size": 9261,
    "val_size": 1984,
    "test_size": 1985
  }
}