{
  "experiment_id": "seed_217",
  "seed_value": 217,
  "seed_index": 7,
  "timestamp": "2026-05-23T00:08:28.286011",
  "configuration": {
    "learning_rate": 5e-05,
    "batch_size": 32,
    "early_stopping_patience": 5,
    "dropout": 0.5,
    "weight_decay": 0.0001,
    "max_epochs": 20,
    "model_init_seed": 42,
    "data_split_seed": 217,
    "dataset_size": "100% (full dataset)"
  },
  "training_info": {
    "total_epochs": 20,
    "best_epoch": 20,
    "early_stopped": false,
    "total_time_minutes": 18.0146985411644
  },
  "validation_metrics": {
    "best_val_macro_f1": 0.8191615382819892,
    "best_val_accuracy": 81.90524193548387,
    "best_val_loss": 0.5630527883768082,
    "final_val_macro_f1": 0.8191615382819892,
    "final_val_accuracy": 81.90524193548387,
    "final_val_loss": 0.5630527883768082
  },
  "test_metrics": {
    "test_macro_f1": 0.8110800284758046,
    "test_accuracy": 81.20906801007557,
    "test_loss": 0.5618509508314586,
    "report": {
      "conservative": {
        "precision": 0.7236842105263158,
        "recall": 0.7913669064748201,
        "f1-score": 0.7560137457044673,
        "support": 139.0
      },
      "dressy": {
        "precision": 0.9635036496350365,
        "recall": 0.9777777777777777,
        "f1-score": 0.9705882352941176,
        "support": 135.0
      },
      "ethnic": {
        "precision": 0.8608695652173913,
        "recall": 0.7674418604651163,
        "f1-score": 0.8114754098360656,
        "support": 129.0
      },
      "fairy": {
        "precision": 0.8653846153846154,
        "recall": 0.9375,
        "f1-score": 0.9,
        "support": 144.0
      },
      "feminine": {
        "precision": 0.7037037037037037,
        "recall": 0.7786885245901639,
        "f1-score": 0.7392996108949417,
        "support": 122.0
      },
      "gal": {
        "precision": 0.8823529411764706,
        "recall": 0.8391608391608392,
        "f1-score": 0.8602150537634409,
        "support": 143.0
      },
      "girlish": {
        "precision": 0.776,
        "recall": 0.5843373493975904,
        "f1-score": 0.6666666666666666,
        "support": 166.0
      },
      "kireime-casual": {
        "precision": 0.6857142857142857,
        "recall": 0.6075949367088608,
        "f1-score": 0.6442953020134228,
        "support": 158.0
      },
      "lolita": {
        "precision": 0.9367088607594937,
        "recall": 0.925,
        "f1-score": 0.9308176100628931,
        "support": 160.0
      },
      "mode": {
        "precision": 0.8410596026490066,
        "recall": 0.7987421383647799,
        "f1-score": 0.8193548387096774,
        "support": 159.0
      },
      "natural": {
        "precision": 0.7300613496932515,
        "recall": 0.9224806201550387,
        "f1-score": 0.815068493150685,
        "support": 129.0
      },
      "retro": {
        "precision": 0.7936507936507936,
        "recall": 0.7874015748031497,
        "f1-score": 0.7905138339920948,
        "support": 127.0
      },
      "rock": {
        "precision": 0.7006802721088435,
        "recall": 0.8512396694214877,
        "f1-score": 0.7686567164179104,
        "support": 121.0
      },
      "street": {
        "precision": 0.9097222222222222,
        "recall": 0.8562091503267973,
        "f1-score": 0.8821548821548821,
        "support": 153.0
      },
      "accuracy": 0.8120906801007557,
      "macro avg": {
        "precision": 0.8123640051743878,
        "recall": 0.8160672391176015,
        "f1-score": 0.8110800284758046,
        "support": 1985.0
      },
      "weighted avg": {
        "precision": 0.8151451427945701,
        "recall": 0.8120906801007557,
        "f1-score": 0.8104739390645953,
        "support": 1985.0
      }
    }
  },
  "overfitting_analysis": {
    "overfitting_detected": false,
    "best_val_loss": 0.5630527883768082,
    "val_loss_after_best": 0.5630527883768082,
    "increase_percentage": 0.0,
    "train_val_gap": 0.15962147353024314
  },
  "training_curves": {
    "train_losses": [
      2.594600494976701,
      2.2301129538437414,
      1.7759044482790192,
      1.5172188993158011,
      1.3401635735199369,
      1.221435750147392,
      1.1191880086372639,
      1.0446129860549138,
      0.9933972362814278,
      0.9496203724680276,
      0.9054016175968894,
      0.8758174059719875,
      0.8405459179960448,
      0.8182767288438205,
      0.7957131330309243,
      0.771599521205343,
      0.74509208387342,
      0.7438124973198463,
      0.7221328437328338,
      0.7226742619070513
    ],
    "val_losses": [
      2.4601462964088685,
      1.8300806630042292,
      1.4335826866088375,
      1.1982525606309213,
      1.0426149550945527,
      0.935743450157104,
      0.8532178853788683,
      0.7947894402088658,
      0.7541094417533567,
      0.7168234149294515,
      0.6862322486216023,
      0.6623629610384664,
      0.6458832722517752,
      0.6280826661855944,
      0.6121218156430029,
      0.5992249803197,
      0.5871664636558102,
      0.5797126451807637,
      0.5694884580950583,
      0.5630527883768082
    ],
    "train_accs": [
      14.911996544649606,
      34.62908973113055,
      43.77497030558255,
      50.41572184429327,
      55.8902926249865,
      59.356440989094054,
      62.66061980347695,
      64.94978943958536,
      66.83943418637296,
      68.39434186372962,
      69.96004751106791,
      70.48914804016844,
      71.90368210776374,
      72.43278263686427,
      73.40459993521218,
      74.0308821941475,
      75.0998812223302,
      75.04589137242199,
      75.67217363135731,
      75.78015333117374
    ],
    "val_accs": [
      45.060483870967744,
      53.78024193548387,
      65.27217741935483,
      71.06854838709677,
      73.38709677419355,
      75.25201612903226,
      76.51209677419355,
      77.41935483870968,
      78.0241935483871,
      78.62903225806451,
      79.03225806451613,
      79.53629032258064,
      79.48588709677419,
      79.7883064516129,
      80.19153225806451,
      80.74596774193549,
      80.49395161290323,
      80.79637096774194,
      81.09879032258064,
      81.90524193548387
    ],
    "val_macro_f1s": [
      0.40811369257806174,
      0.49333000190375353,
      0.6286219462284631,
      0.6982314250021305,
      0.7250488779354521,
      0.7472753442042801,
      0.7619981109734942,
      0.7711371618120841,
      0.7776344275064907,
      0.7843672044987677,
      0.7887353141943365,
      0.7942235404531689,
      0.7930959432125644,
      0.7962806619204038,
      0.8011256842062133,
      0.806767218199484,
      0.8044058122536156,
      0.8075753553447311,
      0.8102236707062908,
      0.8191615382819892
    ],
    "learning_rates": [
      4.995066821070679e-05,
      4.980286753286195e-05,
      4.955718126821722e-05,
      4.9214579028215776e-05,
      4.877641290737884e-05,
      4.8244412147206284e-05,
      4.762067631165049e-05,
      4.6907667001096584e-05,
      4.610819813755037e-05,
      4.5225424859373677e-05,
      4.426283106939472e-05,
      4.322421568553528e-05,
      4.211367764821721e-05,
      4.0935599743717234e-05,
      3.969463130731183e-05,
      3.839566987447491e-05,
      3.7043841852542874e-05,
      3.564448228912681e-05,
      3.420311381711694e-05,
      3.272542485937368e-05
    ]
  },
  "data_split_info": {
    "train_size": 9261,
    "val_size": 1984,
    "test_size": 1985
  }
}