{
  "experiment_id": "seed_378",
  "seed_value": 378,
  "seed_index": 8,
  "timestamp": "2026-05-23T00:24:13.171328",
  "configuration": {
    "learning_rate": 5e-05,
    "batch_size": 32,
    "early_stopping_patience": 5,
    "dropout": 0.5,
    "weight_decay": 0.0001,
    "max_epochs": 20,
    "model_init_seed": 42,
    "data_split_seed": 378,
    "dataset_size": "100% (full dataset)"
  },
  "training_info": {
    "total_epochs": 20,
    "best_epoch": 20,
    "early_stopped": false,
    "total_time_minutes": 17.894112356503804
  },
  "validation_metrics": {
    "best_val_macro_f1": 0.8065882436094759,
    "best_val_accuracy": 80.79637096774194,
    "best_val_loss": 0.5746132592039723,
    "final_val_macro_f1": 0.8065882436094759,
    "final_val_accuracy": 80.79637096774194,
    "final_val_loss": 0.5746132592039723
  },
  "test_metrics": {
    "test_macro_f1": 0.8068888779371439,
    "test_accuracy": 80.75566750629723,
    "test_loss": 0.581491094496515,
    "report": {
      "conservative": {
        "precision": 0.7482517482517482,
        "recall": 0.7697841726618705,
        "f1-score": 0.7588652482269503,
        "support": 139.0
      },
      "dressy": {
        "precision": 0.9485294117647058,
        "recall": 0.9555555555555556,
        "f1-score": 0.9520295202952029,
        "support": 135.0
      },
      "ethnic": {
        "precision": 0.8062015503875969,
        "recall": 0.8062015503875969,
        "f1-score": 0.8062015503875969,
        "support": 129.0
      },
      "fairy": {
        "precision": 0.85,
        "recall": 0.9444444444444444,
        "f1-score": 0.8947368421052632,
        "support": 144.0
      },
      "feminine": {
        "precision": 0.7246376811594203,
        "recall": 0.819672131147541,
        "f1-score": 0.7692307692307693,
        "support": 122.0
      },
      "gal": {
        "precision": 0.8661971830985915,
        "recall": 0.8601398601398601,
        "f1-score": 0.8631578947368421,
        "support": 143.0
      },
      "girlish": {
        "precision": 0.8151260504201681,
        "recall": 0.5843373493975904,
        "f1-score": 0.6807017543859649,
        "support": 166.0
      },
      "kireime-casual": {
        "precision": 0.656441717791411,
        "recall": 0.6772151898734177,
        "f1-score": 0.6666666666666666,
        "support": 158.0
      },
      "lolita": {
        "precision": 0.9240506329113924,
        "recall": 0.9125,
        "f1-score": 0.9182389937106918,
        "support": 160.0
      },
      "mode": {
        "precision": 0.7643312101910829,
        "recall": 0.7547169811320755,
        "f1-score": 0.759493670886076,
        "support": 159.0
      },
      "natural": {
        "precision": 0.7718120805369127,
        "recall": 0.8914728682170543,
        "f1-score": 0.8273381294964028,
        "support": 129.0
      },
      "retro": {
        "precision": 0.8256880733944955,
        "recall": 0.7086614173228346,
        "f1-score": 0.7627118644067796,
        "support": 127.0
      },
      "rock": {
        "precision": 0.7384615384615385,
        "recall": 0.7933884297520661,
        "f1-score": 0.7649402390438247,
        "support": 121.0
      },
      "street": {
        "precision": 0.875,
        "recall": 0.869281045751634,
        "f1-score": 0.8721311475409836,
        "support": 153.0
      },
      "accuracy": 0.8075566750629722,
      "macro avg": {
        "precision": 0.8081949198835046,
        "recall": 0.8105264996988245,
        "f1-score": 0.8068888779371439,
        "support": 1985.0
      },
      "weighted avg": {
        "precision": 0.809466462071023,
        "recall": 0.8075566750629722,
        "f1-score": 0.8059035314906041,
        "support": 1985.0
      }
    }
  },
  "overfitting_analysis": {
    "overfitting_detected": false,
    "best_val_loss": 0.5746132592039723,
    "val_loss_after_best": 0.5746132592039723,
    "increase_percentage": 0.0,
    "train_val_gap": 0.13624032218344884
  },
  "training_curves": {
    "train_losses": [
      2.5925631851985536,
      2.2373899003555033,
      1.768361429099379,
      1.517208455348837,
      1.3382208778940399,
      1.2109559034479076,
      1.109440430484969,
      1.0503318924328378,
      0.9882465378991488,
      0.9350309454161545,
      0.9068145758119123,
      0.8590657572294104,
      0.8366193399347108,
      0.8105190545320511,
      0.7926330819212157,
      0.7702365020225788,
      0.7519727528095246,
      0.7330373390995223,
      0.723201601978006,
      0.7108535813874212
    ],
    "val_losses": [
      2.464787221723987,
      1.8568141729600969,
      1.466459007032456,
      1.2355580781736681,
      1.0752203454894405,
      0.9631535026334948,
      0.8788400792306469,
      0.8282566426261779,
      0.7790029717068518,
      0.7381803753875917,
      0.7061777720528264,
      0.6816170306936387,
      0.6589955096283266,
      0.6399045038607812,
      0.6274236632931617,
      0.6142313509218155,
      0.5998339287696346,
      0.593423601119749,
      0.5841936276805016,
      0.5746132592039723
    ],
    "train_accs": [
      14.523269625310443,
      33.311737393370045,
      43.559010905949684,
      50.39412590432999,
      55.77151495518842,
      59.561602418745274,
      63.060144692797756,
      64.08595184105388,
      67.20656516574884,
      68.08120073426196,
      69.57132059172875,
      70.84548104956268,
      71.94687398769031,
      72.64874203649714,
      73.0374689558363,
      73.90130655436778,
      74.72195227297269,
      75.5210020516143,
      75.68297160133895,
      75.83414318108196
    ],
    "val_accs": [
      43.39717741935484,
      52.872983870967744,
      63.91129032258065,
      69.10282258064517,
      71.875,
      74.14314516129032,
      76.15927419354838,
      76.4616935483871,
      77.26814516129032,
      77.72177419354838,
      78.27620967741936,
      78.125,
      78.62903225806451,
      79.43548387096774,
      79.43548387096774,
      79.83870967741936,
      79.93951612903226,
      80.34274193548387,
      80.74596774193549,
      80.79637096774194
    ],
    "val_macro_f1s": [
      0.38771679492448446,
      0.48271437903062264,
      0.6182794045900355,
      0.6787133905166944,
      0.7107909308997409,
      0.7349702806412298,
      0.7576203908729805,
      0.7612022832100231,
      0.7692924651915015,
      0.7745819235594549,
      0.7797800823714471,
      0.7787415567013554,
      0.7837726206339735,
      0.7928585935687582,
      0.7929894139872804,
      0.7964617981275961,
      0.7979528745838237,
      0.8020758413393532,
      0.8059672493178258,
      0.8065882436094759
    ],
    "learning_rates": [
      4.995066821070679e-05,
      4.980286753286195e-05,
      4.955718126821722e-05,
      4.9214579028215776e-05,
      4.877641290737884e-05,
      4.8244412147206284e-05,
      4.762067631165049e-05,
      4.6907667001096584e-05,
      4.610819813755037e-05,
      4.5225424859373677e-05,
      4.426283106939472e-05,
      4.322421568553528e-05,
      4.211367764821721e-05,
      4.0935599743717234e-05,
      3.969463130731183e-05,
      3.839566987447491e-05,
      3.7043841852542874e-05,
      3.564448228912681e-05,
      3.420311381711694e-05,
      3.272542485937368e-05
    ]
  },
  "data_split_info": {
    "train_size": 9261,
    "val_size": 1984,
    "test_size": 1985
  }
}