{
  "experiment_id": "seed_280",
  "seed_value": 280,
  "seed_index": 9,
  "timestamp": "2026-05-23T00:45:02.448891",
  "configuration": {
    "learning_rate": 5e-05,
    "batch_size": 32,
    "early_stopping_patience": 5,
    "dropout": 0.5,
    "weight_decay": 0.0001,
    "max_epochs": 20,
    "model_init_seed": 42,
    "data_split_seed": 280,
    "dataset_size": "100% (full dataset)"
  },
  "training_info": {
    "total_epochs": 20,
    "best_epoch": 20,
    "early_stopped": false,
    "total_time_minutes": 17.85169154802958
  },
  "validation_metrics": {
    "best_val_macro_f1": 0.817002397912918,
    "best_val_accuracy": 81.85483870967742,
    "best_val_loss": 0.5770833982575324,
    "final_val_macro_f1": 0.817002397912918,
    "final_val_accuracy": 81.85483870967742,
    "final_val_loss": 0.5770833982575324
  },
  "test_metrics": {
    "test_macro_f1": 0.8124004864465288,
    "test_accuracy": 81.25944584382871,
    "test_loss": 0.551940237009336,
    "report": {
      "conservative": {
        "precision": 0.7032258064516129,
        "recall": 0.7841726618705036,
        "f1-score": 0.7414965986394558,
        "support": 139.0
      },
      "dressy": {
        "precision": 0.927007299270073,
        "recall": 0.9407407407407408,
        "f1-score": 0.9338235294117647,
        "support": 135.0
      },
      "ethnic": {
        "precision": 0.9067796610169492,
        "recall": 0.8294573643410853,
        "f1-score": 0.8663967611336032,
        "support": 129.0
      },
      "fairy": {
        "precision": 0.8427672955974843,
        "recall": 0.9305555555555556,
        "f1-score": 0.8844884488448845,
        "support": 144.0
      },
      "feminine": {
        "precision": 0.7251908396946565,
        "recall": 0.7786885245901639,
        "f1-score": 0.7509881422924901,
        "support": 122.0
      },
      "gal": {
        "precision": 0.8794326241134752,
        "recall": 0.8671328671328671,
        "f1-score": 0.8732394366197183,
        "support": 143.0
      },
      "girlish": {
        "precision": 0.7563025210084033,
        "recall": 0.5421686746987951,
        "f1-score": 0.631578947368421,
        "support": 166.0
      },
      "kireime-casual": {
        "precision": 0.6756756756756757,
        "recall": 0.6329113924050633,
        "f1-score": 0.6535947712418301,
        "support": 158.0
      },
      "lolita": {
        "precision": 0.9141104294478528,
        "recall": 0.93125,
        "f1-score": 0.9226006191950464,
        "support": 160.0
      },
      "mode": {
        "precision": 0.7880794701986755,
        "recall": 0.7484276729559748,
        "f1-score": 0.7677419354838709,
        "support": 159.0
      },
      "natural": {
        "precision": 0.7300613496932515,
        "recall": 0.9224806201550387,
        "f1-score": 0.815068493150685,
        "support": 129.0
      },
      "retro": {
        "precision": 0.8235294117647058,
        "recall": 0.7716535433070866,
        "f1-score": 0.7967479674796748,
        "support": 127.0
      },
      "rock": {
        "precision": 0.7819548872180451,
        "recall": 0.859504132231405,
        "f1-score": 0.8188976377952756,
        "support": 121.0
      },
      "street": {
        "precision": 0.9324324324324325,
        "recall": 0.9019607843137255,
        "f1-score": 0.9169435215946844,
        "support": 153.0
      },
      "accuracy": 0.8125944584382871,
      "macro avg": {
        "precision": 0.8133249788273782,
        "recall": 0.8172217524498577,
        "f1-score": 0.8124004864465288,
        "support": 1985.0
      },
      "weighted avg": {
        "precision": 0.813788271870994,
        "recall": 0.8125944584382871,
        "f1-score": 0.810209804379726,
        "support": 1985.0
      }
    }
  },
  "overfitting_analysis": {
    "overfitting_detected": false,
    "best_val_loss": 0.5770833982575324,
    "val_loss_after_best": 0.5770833982575324,
    "increase_percentage": 0.0,
    "train_val_gap": 0.13017945576363865
  },
  "training_curves": {
    "train_losses": [
      2.592954993247986,
      2.2498792660647426,
      1.793584721252836,
      1.51559842578296,
      1.3451152349340505,
      1.2142580075510616,
      1.1281039646987256,
      1.0527394886674553,
      0.9861449658870697,
      0.9480934465753621,
      0.9065068384696697,
      0.8762582168496889,
      0.8463348176972619,
      0.8190396594590155,
      0.7911345245509313,
      0.7793129102937106,
      0.7602529968681007,
      0.7572505241837995,
      0.7370641940626604,
      0.7072628540211711
    ],
    "val_losses": [
      2.465622817316363,
      1.8699170351028442,
      1.4640886533644892,
      1.2255883361062696,
      1.0647128839646616,
      0.9559563648316168,
      0.8798599916119729,
      0.817690751244945,
      0.7683537477447141,
      0.7336019719800642,
      0.7045428901910782,
      0.6830246174527753,
      0.6596112967498841,
      0.6415722528772969,
      0.624397637863313,
      0.6134155988693237,
      0.6022447688925651,
      0.5951999219194535,
      0.5872994642103871,
      0.5770833982575324
    ],
    "train_accs": [
      14.620451355145233,
      33.14976784364539,
      43.80736421552748,
      50.77205485368751,
      55.46917179570241,
      59.39963286902062,
      61.624014685239175,
      64.82021379980564,
      66.82863621639132,
      68.1675844941151,
      69.37695713205918,
      70.61872367994818,
      71.55814706835115,
      72.22762120721305,
      73.27502429543246,
      74.20364971385379,
      74.51679084332146,
      74.26843753374365,
      75.49940611165101,
      76.25526401036605
    ],
    "val_accs": [
      46.52217741935484,
      54.53629032258065,
      64.86895161290323,
      69.95967741935483,
      73.03427419354838,
      74.6975806451613,
      75.80645161290323,
      77.11693548387096,
      77.92338709677419,
      78.52822580645162,
      79.13306451612904,
      78.93145161290323,
      79.88911290322581,
      79.88911290322581,
      80.9475806451613,
      80.99798387096774,
      81.1491935483871,
      81.04838709677419,
      81.60282258064517,
      81.85483870967742
    ],
    "val_macro_f1s": [
      0.4244451203135168,
      0.5011729460321848,
      0.6291997796176443,
      0.6838098513373037,
      0.7224060093263833,
      0.7399262384595282,
      0.7532714579765781,
      0.768050498033899,
      0.77667828190769,
      0.7826749538380913,
      0.7886398257459285,
      0.7867608782285702,
      0.7967206470819853,
      0.7963533492948882,
      0.8076739356367091,
      0.8091376517995453,
      0.8102415567168404,
      0.8091727499777044,
      0.8145644979218801,
      0.817002397912918
    ],
    "learning_rates": [
      4.995066821070679e-05,
      4.980286753286195e-05,
      4.955718126821722e-05,
      4.9214579028215776e-05,
      4.877641290737884e-05,
      4.8244412147206284e-05,
      4.762067631165049e-05,
      4.6907667001096584e-05,
      4.610819813755037e-05,
      4.5225424859373677e-05,
      4.426283106939472e-05,
      4.322421568553528e-05,
      4.211367764821721e-05,
      4.0935599743717234e-05,
      3.969463130731183e-05,
      3.839566987447491e-05,
      3.7043841852542874e-05,
      3.564448228912681e-05,
      3.420311381711694e-05,
      3.272542485937368e-05
    ]
  },
  "data_split_info": {
    "train_size": 9261,
    "val_size": 1984,
    "test_size": 1985
  }
}