{
  "experiment_id": "seed_102",
  "seed_value": 102,
  "seed_index": 10,
  "timestamp": "2026-05-22T12:59:21.233538",
  "configuration": {
    "learning_rate": 5e-05,
    "batch_size": 32,
    "early_stopping_patience": 5,
    "dropout": 0.5,
    "weight_decay": 0.0001,
    "max_epochs": 20,
    "model_init_seed": 42,
    "data_split_seed": 102,
    "dataset_size": "100% (full dataset)"
  },
  "training_info": {
    "total_epochs": 20,
    "best_epoch": 20,
    "early_stopped": false,
    "total_time_minutes": 17.829974726835886
  },
  "validation_metrics": {
    "best_val_macro_f1": 0.8132148103884125,
    "best_val_accuracy": 81.3508064516129,
    "best_val_loss": 0.5637741814697942,
    "final_val_macro_f1": 0.8132148103884125,
    "final_val_accuracy": 81.3508064516129,
    "final_val_loss": 0.5637741814697942
  },
  "test_metrics": {
    "test_macro_f1": 0.8195583204859103,
    "test_accuracy": 81.9647355163728,
    "test_loss": 0.5746355955562894,
    "report": {
      "conservative": {
        "precision": 0.7375886524822695,
        "recall": 0.7482014388489209,
        "f1-score": 0.7428571428571429,
        "support": 139.0
      },
      "dressy": {
        "precision": 0.9552238805970149,
        "recall": 0.9481481481481482,
        "f1-score": 0.9516728624535316,
        "support": 135.0
      },
      "ethnic": {
        "precision": 0.873015873015873,
        "recall": 0.8527131782945736,
        "f1-score": 0.8627450980392157,
        "support": 129.0
      },
      "fairy": {
        "precision": 0.9383561643835616,
        "recall": 0.9513888888888888,
        "f1-score": 0.9448275862068966,
        "support": 144.0
      },
      "feminine": {
        "precision": 0.7013888888888888,
        "recall": 0.8278688524590164,
        "f1-score": 0.7593984962406015,
        "support": 122.0
      },
      "gal": {
        "precision": 0.8936170212765957,
        "recall": 0.8811188811188811,
        "f1-score": 0.8873239436619719,
        "support": 143.0
      },
      "girlish": {
        "precision": 0.7357142857142858,
        "recall": 0.6204819277108434,
        "f1-score": 0.673202614379085,
        "support": 166.0
      },
      "kireime-casual": {
        "precision": 0.7,
        "recall": 0.6645569620253164,
        "f1-score": 0.6818181818181818,
        "support": 158.0
      },
      "lolita": {
        "precision": 0.937888198757764,
        "recall": 0.94375,
        "f1-score": 0.940809968847352,
        "support": 160.0
      },
      "mode": {
        "precision": 0.7870967741935484,
        "recall": 0.7672955974842768,
        "f1-score": 0.7770700636942676,
        "support": 159.0
      },
      "natural": {
        "precision": 0.7681159420289855,
        "recall": 0.8217054263565892,
        "f1-score": 0.7940074906367042,
        "support": 129.0
      },
      "retro": {
        "precision": 0.8114754098360656,
        "recall": 0.7795275590551181,
        "f1-score": 0.7951807228915663,
        "support": 127.0
      },
      "rock": {
        "precision": 0.7348484848484849,
        "recall": 0.8016528925619835,
        "f1-score": 0.766798418972332,
        "support": 121.0
      },
      "street": {
        "precision": 0.8903225806451613,
        "recall": 0.9019607843137255,
        "f1-score": 0.8961038961038961,
        "support": 153.0
      },
      "accuracy": 0.819647355163728,
      "macro avg": {
        "precision": 0.8189037254763214,
        "recall": 0.8221693240904487,
        "f1-score": 0.8195583204859103,
        "support": 1985.0
      },
      "weighted avg": {
        "precision": 0.8200496149903248,
        "recall": 0.819647355163728,
        "f1-score": 0.8188817504233324,
        "support": 1985.0
      }
    }
  },
  "overfitting_analysis": {
    "overfitting_detected": false,
    "best_val_loss": 0.5637741814697942,
    "val_loss_after_best": 0.5637741814697942,
    "increase_percentage": 0.0,
    "train_val_gap": 0.15984498526615087
  },
  "training_curves": {
    "train_losses": [
      2.588321902012003,
      2.2222497882514163,
      1.7758803038761533,
      1.521262985673444,
      1.3438416863309925,
      1.207453475738394,
      1.128771252056648,
      1.0444457263782108,
      0.9922419305505423,
      0.9283779582072949,
      0.9075515849836941,
      0.867976653370364,
      0.8427159059664299,
      0.828453971702477,
      0.7912102641730473,
      0.7817844778299332,
      0.7558427498258393,
      0.748960035319986,
      0.7403567154859675,
      0.7236191667359451
    ],
    "val_losses": [
      2.4454353470956125,
      1.835374859071547,
      1.447763975589506,
      1.213011174432693,
      1.0528145528608752,
      0.9427977906119439,
      0.8656038709225193,
      0.8040031396573589,
      0.7563355815026068,
      0.7196694420230004,
      0.6938141747828452,
      0.6667690796236838,
      0.6499243743958012,
      0.6325706748231765,
      0.6145348664252989,
      0.6026420271204364,
      0.5914153884495458,
      0.5816862405307831,
      0.574659037974573,
      0.5637741814697942
    ],
    "train_accs": [
      15.289925494007127,
      34.132383111974946,
      43.56980887593132,
      50.329338084440124,
      56.019868264766224,
      59.691178058525,
      62.01274160457834,
      64.89579958967714,
      66.70985854659324,
      69.06381600259151,
      69.52812871180218,
      70.66191555987474,
      72.15203541734154,
      72.2924090271029,
      73.75013497462477,
      73.69614512471655,
      74.55998272324803,
      74.61397257315625,
      75.33743656192635,
      75.75855739121046
    ],
    "val_accs": [
      44.65725806451613,
      52.62096774193548,
      64.86895161290323,
      71.11895161290323,
      72.83266129032258,
      74.84879032258064,
      76.10887096774194,
      76.36088709677419,
      77.52016129032258,
      77.72177419354838,
      78.57862903225806,
      79.73790322580645,
      79.43548387096774,
      79.9899193548387,
      80.04032258064517,
      80.74596774193549,
      80.69556451612904,
      80.79637096774194,
      80.84677419354838,
      81.3508064516129
    ],
    "val_macro_f1s": [
      0.39278419122279257,
      0.47415508732608885,
      0.629656510577371,
      0.7035676170500198,
      0.7228175281172307,
      0.7444760549121998,
      0.7574709168262699,
      0.7610917979065194,
      0.7729380285063725,
      0.7746617236085624,
      0.7848149206212922,
      0.7963700175260463,
      0.7932539274481938,
      0.7981450358413242,
      0.7997252079298967,
      0.8067170705179377,
      0.806177695619014,
      0.8071696726304205,
      0.807213368929333,
      0.8132148103884125
    ],
    "learning_rates": [
      4.995066821070679e-05,
      4.980286753286195e-05,
      4.955718126821722e-05,
      4.9214579028215776e-05,
      4.877641290737884e-05,
      4.8244412147206284e-05,
      4.762067631165049e-05,
      4.6907667001096584e-05,
      4.610819813755037e-05,
      4.5225424859373677e-05,
      4.426283106939472e-05,
      4.322421568553528e-05,
      4.211367764821721e-05,
      4.0935599743717234e-05,
      3.969463130731183e-05,
      3.839566987447491e-05,
      3.7043841852542874e-05,
      3.564448228912681e-05,
      3.420311381711694e-05,
      3.272542485937368e-05
    ]
  },
  "data_split_info": {
    "train_size": 9261,
    "val_size": 1984,
    "test_size": 1985
  }
}