{
  "experiment_id": "seed_457",
  "seed_value": 457,
  "seed_index": 10,
  "timestamp": "2026-05-23T01:00:43.752480",
  "configuration": {
    "learning_rate": 5e-05,
    "batch_size": 32,
    "early_stopping_patience": 5,
    "dropout": 0.5,
    "weight_decay": 0.0001,
    "max_epochs": 20,
    "model_init_seed": 42,
    "data_split_seed": 457,
    "dataset_size": "100% (full dataset)"
  },
  "training_info": {
    "total_epochs": 20,
    "best_epoch": 19,
    "early_stopped": false,
    "total_time_minutes": 18.004349684715272
  },
  "validation_metrics": {
    "best_val_macro_f1": 0.8207791459183664,
    "best_val_accuracy": 82.20766129032258,
    "best_val_loss": 0.5440642386674881,
    "final_val_macro_f1": 0.8196512797342156,
    "final_val_accuracy": 82.10685483870968,
    "final_val_loss": 0.5440642386674881
  },
  "test_metrics": {
    "test_macro_f1": 0.8106327008696784,
    "test_accuracy": 81.15869017632242,
    "test_loss": 0.5634418190235183,
    "report": {
      "conservative": {
        "precision": 0.782312925170068,
        "recall": 0.8273381294964028,
        "f1-score": 0.8041958041958042,
        "support": 139.0
      },
      "dressy": {
        "precision": 0.9624060150375939,
        "recall": 0.9481481481481482,
        "f1-score": 0.9552238805970149,
        "support": 135.0
      },
      "ethnic": {
        "precision": 0.856,
        "recall": 0.8294573643410853,
        "f1-score": 0.84251968503937,
        "support": 129.0
      },
      "fairy": {
        "precision": 0.912751677852349,
        "recall": 0.9444444444444444,
        "f1-score": 0.9283276450511946,
        "support": 144.0
      },
      "feminine": {
        "precision": 0.7222222222222222,
        "recall": 0.8524590163934426,
        "f1-score": 0.7819548872180451,
        "support": 122.0
      },
      "gal": {
        "precision": 0.85,
        "recall": 0.8321678321678322,
        "f1-score": 0.8409893992932862,
        "support": 143.0
      },
      "girlish": {
        "precision": 0.7619047619047619,
        "recall": 0.5783132530120482,
        "f1-score": 0.6575342465753424,
        "support": 166.0
      },
      "kireime-casual": {
        "precision": 0.7205882352941176,
        "recall": 0.620253164556962,
        "f1-score": 0.6666666666666666,
        "support": 158.0
      },
      "lolita": {
        "precision": 0.9135802469135802,
        "recall": 0.925,
        "f1-score": 0.9192546583850931,
        "support": 160.0
      },
      "mode": {
        "precision": 0.7721518987341772,
        "recall": 0.7672955974842768,
        "f1-score": 0.7697160883280757,
        "support": 159.0
      },
      "natural": {
        "precision": 0.695364238410596,
        "recall": 0.813953488372093,
        "f1-score": 0.75,
        "support": 129.0
      },
      "retro": {
        "precision": 0.788135593220339,
        "recall": 0.7322834645669292,
        "f1-score": 0.7591836734693878,
        "support": 127.0
      },
      "rock": {
        "precision": 0.784,
        "recall": 0.8099173553719008,
        "f1-score": 0.7967479674796748,
        "support": 121.0
      },
      "street": {
        "precision": 0.8304093567251462,
        "recall": 0.9281045751633987,
        "f1-score": 0.8765432098765432,
        "support": 153.0
      },
      "accuracy": 0.8115869017632242,
      "macro avg": {
        "precision": 0.8108447979632109,
        "recall": 0.8149382738227832,
        "f1-score": 0.8106327008696784,
        "support": 1985.0
      },
      "weighted avg": {
        "precision": 0.8116743693103421,
        "recall": 0.8115869017632242,
        "f1-score": 0.8092676093794404,
        "support": 1985.0
      }
    }
  },
  "overfitting_analysis": {
    "overfitting_detected": false,
    "best_val_loss": 0.5440642386674881,
    "val_loss_after_best": 0.5440642386674881,
    "increase_percentage": 0.0,
    "train_val_gap": 0.19262976584763358
  },
  "training_curves": {
    "train_losses": [
      2.5897826490731073,
      2.224574783341638,
      1.7739896585201396,
      1.50382980354901,
      1.3392107314076918,
      1.218740705580547,
      1.125713658538358,
      1.051736511033157,
      0.9907031875232171,
      0.9524398425529743,
      0.9225414206241739,
      0.8774422354739287,
      0.851026602243555,
      0.8247513799831785,
      0.7963186898108187,
      0.7781720461516545,
      0.7632770951451926,
      0.7343617189547111,
      0.7366940045151217,
      0.723169207881237
    ],
    "val_losses": [
      2.455332359960002,
      1.8347493140928206,
      1.4480070894764316,
      1.212015215427645,
      1.051264621557728,
      0.9368021565098916,
      0.849679991122215,
      0.7887879513925121,
      0.7456977742333566,
      0.7054183939772267,
      0.6759824137533864,
      0.6515245663542901,
      0.6299793244369568,
      0.6121530614552959,
      0.5927290695328866,
      0.5795500100620331,
      0.5713872832636679,
      0.558604153894609,
      0.5505488798502953,
      0.5440642386674881
    ],
    "train_accs": [
      15.54907677356657,
      33.40891912320484,
      43.71018248569269,
      50.556095454054635,
      55.52316164561063,
      59.248461289277614,
      62.48785228377065,
      64.47467876039305,
      66.6990605766116,
      68.52391750350934,
      69.21498758233452,
      70.33797646042544,
      71.37458157866321,
      72.37879278695605,
      73.39380196523054,
      73.82572076449627,
      74.46280099341324,
      75.55339596155923,
      75.29424468199979,
      76.3416477702192
    ],
    "val_accs": [
      47.53024193548387,
      53.32661290322581,
      62.85282258064516,
      69.95967741935483,
      72.68145161290323,
      74.34475806451613,
      76.51209677419355,
      78.0241935483871,
      78.27620967741936,
      78.67943548387096,
      79.48588709677419,
      79.93951612903226,
      80.09072580645162,
      80.64516129032258,
      80.74596774193549,
      81.3508064516129,
      81.85483870967742,
      81.85483870967742,
      82.20766129032258,
      82.10685483870968
    ],
    "val_macro_f1s": [
      0.40964797825355986,
      0.48613136241998556,
      0.6080938769754075,
      0.6863736331725633,
      0.7183739064260163,
      0.7370716125122687,
      0.7607326284590397,
      0.7772260212887986,
      0.77935355377742,
      0.7835140740713752,
      0.792524917656938,
      0.797328172250131,
      0.7994008531597147,
      0.8046036488581907,
      0.8061250924909145,
      0.8122053875436651,
      0.8172605041431537,
      0.8172861336910174,
      0.8207791459183664,
      0.8196512797342156
    ],
    "learning_rates": [
      4.995066821070679e-05,
      4.980286753286195e-05,
      4.955718126821722e-05,
      4.9214579028215776e-05,
      4.877641290737884e-05,
      4.8244412147206284e-05,
      4.762067631165049e-05,
      4.6907667001096584e-05,
      4.610819813755037e-05,
      4.5225424859373677e-05,
      4.426283106939472e-05,
      4.322421568553528e-05,
      4.211367764821721e-05,
      4.0935599743717234e-05,
      3.969463130731183e-05,
      3.839566987447491e-05,
      3.7043841852542874e-05,
      3.564448228912681e-05,
      3.420311381711694e-05,
      3.272542485937368e-05
    ]
  },
  "data_split_info": {
    "train_size": 9261,
    "val_size": 1984,
    "test_size": 1985
  }
}