{
  "experiment_id": "seed_17",
  "seed_value": 17,
  "seed_index": 4,
  "timestamp": "2026-05-22T11:11:17.907733",
  "configuration": {
    "learning_rate": 5e-05,
    "batch_size": 32,
    "early_stopping_patience": 5,
    "dropout": 0.5,
    "weight_decay": 0.0001,
    "max_epochs": 20,
    "model_init_seed": 42,
    "data_split_seed": 17,
    "dataset_size": "100% (full dataset)"
  },
  "training_info": {
    "total_epochs": 20,
    "best_epoch": 20,
    "early_stopped": false,
    "total_time_minutes": 17.60269561211268
  },
  "validation_metrics": {
    "best_val_macro_f1": 0.8072562567746272,
    "best_val_accuracy": 80.79637096774194,
    "best_val_loss": 0.5795779814643245,
    "final_val_macro_f1": 0.8072562567746272,
    "final_val_accuracy": 80.79637096774194,
    "final_val_loss": 0.5795779814643245
  },
  "test_metrics": {
    "test_macro_f1": 0.8130677743892624,
    "test_accuracy": 81.25944584382871,
    "test_loss": 0.5776182708759157,
    "report": {
      "conservative": {
        "precision": 0.7019867549668874,
        "recall": 0.762589928057554,
        "f1-score": 0.7310344827586207,
        "support": 139.0
      },
      "dressy": {
        "precision": 0.9696969696969697,
        "recall": 0.9481481481481482,
        "f1-score": 0.9588014981273408,
        "support": 135.0
      },
      "ethnic": {
        "precision": 0.8548387096774194,
        "recall": 0.8217054263565892,
        "f1-score": 0.8379446640316206,
        "support": 129.0
      },
      "fairy": {
        "precision": 0.935251798561151,
        "recall": 0.9027777777777778,
        "f1-score": 0.9187279151943463,
        "support": 144.0
      },
      "feminine": {
        "precision": 0.7063492063492064,
        "recall": 0.7295081967213115,
        "f1-score": 0.717741935483871,
        "support": 122.0
      },
      "gal": {
        "precision": 0.8561643835616438,
        "recall": 0.8741258741258742,
        "f1-score": 0.8650519031141869,
        "support": 143.0
      },
      "girlish": {
        "precision": 0.7338129496402878,
        "recall": 0.6144578313253012,
        "f1-score": 0.6688524590163935,
        "support": 166.0
      },
      "kireime-casual": {
        "precision": 0.6688741721854304,
        "recall": 0.6392405063291139,
        "f1-score": 0.6537216828478964,
        "support": 158.0
      },
      "lolita": {
        "precision": 0.9197530864197531,
        "recall": 0.93125,
        "f1-score": 0.9254658385093167,
        "support": 160.0
      },
      "mode": {
        "precision": 0.8263888888888888,
        "recall": 0.7484276729559748,
        "f1-score": 0.7854785478547854,
        "support": 159.0
      },
      "natural": {
        "precision": 0.7448275862068966,
        "recall": 0.8372093023255814,
        "f1-score": 0.7883211678832117,
        "support": 129.0
      },
      "retro": {
        "precision": 0.8294573643410853,
        "recall": 0.84251968503937,
        "f1-score": 0.8359375,
        "support": 127.0
      },
      "rock": {
        "precision": 0.7819548872180451,
        "recall": 0.859504132231405,
        "f1-score": 0.8188976377952756,
        "support": 121.0
      },
      "street": {
        "precision": 0.8475609756097561,
        "recall": 0.9084967320261438,
        "f1-score": 0.8769716088328076,
        "support": 153.0
      },
      "accuracy": 0.8125944584382871,
      "macro avg": {
        "precision": 0.812636980951673,
        "recall": 0.8157115152442962,
        "f1-score": 0.8130677743892624,
        "support": 1985.0
      },
      "weighted avg": {
        "precision": 0.8130027319568576,
        "recall": 0.8125944584382871,
        "f1-score": 0.8116446024744272,
        "support": 1985.0
      }
    }
  },
  "overfitting_analysis": {
    "overfitting_detected": false,
    "best_val_loss": 0.5795779814643245,
    "val_loss_after_best": 0.5795779814643245,
    "increase_percentage": 0.0,
    "train_val_gap": 0.13877270317846724
  },
  "training_curves": {
    "train_losses": [
      2.590774254141183,
      2.2445325662349833,
      1.7946454985388394,
      1.5271114665886452,
      1.350009161233902,
      1.2222767110528616,
      1.1173510925523167,
      1.060086603616846,
      0.9895824076800511,
      0.9356179323689691,
      0.9028857264025458,
      0.8751184870456827,
      0.8400260491617795,
      0.8154904297713576,
      0.7920822947189725,
      0.7730442003957156,
      0.7510874166570861,
      0.7347508861073132,
      0.7242674941646642,
      0.7183506846427917
    ],
    "val_losses": [
      2.458180804406443,
      1.8686993602783448,
      1.4744713402563525,
      1.2390352103017992,
      1.0787353698284394,
      0.9732248456247391,
      0.8836812050111832,
      0.8321770208497201,
      0.7783188252679764,
      0.7398317028437892,
      0.7115633131996277,
      0.6830867211664876,
      0.6621484919901817,
      0.651867280083318,
      0.6311094986815606,
      0.6188141141206988,
      0.6082749357146602,
      0.5953833696342283,
      0.5908857396533412,
      0.5795779814643245
    ],
    "train_accs": [
      14.739229024943311,
      32.52348558471007,
      42.371234207968904,
      49.60587409567001,
      55.00485908649174,
      59.29165316920419,
      62.811791383219955,
      64.7122340999892,
      67.24975704567541,
      68.39434186372962,
      69.52812871180218,
      70.56473383003996,
      71.11543029910376,
      72.44358060684591,
      73.66375121477162,
      73.48018572508369,
      74.29003347370694,
      75.43461829176115,
      75.86653709102688,
      75.65057769139402
    ],
    "val_accs": [
      48.689516129032256,
      51.5625,
      62.80241935483871,
      68.75,
      71.47177419354838,
      73.1350806451613,
      74.79838709677419,
      76.20967741935483,
      76.51209677419355,
      77.41935483870968,
      78.4274193548387,
      78.93145161290323,
      79.03225806451613,
      78.93145161290323,
      79.6875,
      79.88911290322581,
      79.63709677419355,
      80.24193548387096,
      79.9899193548387,
      80.79637096774194
    ],
    "val_macro_f1s": [
      0.4252295361386383,
      0.46112584465926204,
      0.5968604172296922,
      0.6778219946714382,
      0.706510682934689,
      0.7241858319359089,
      0.7443829944469342,
      0.7596828609383144,
      0.7619767930573739,
      0.7726408295430085,
      0.7832357775760069,
      0.7879403800797279,
      0.7890717711111258,
      0.7886904204444931,
      0.7958317630020887,
      0.7982876816594014,
      0.7957376800073189,
      0.8014945305625494,
      0.7994999001069268,
      0.8072562567746272
    ],
    "learning_rates": [
      4.995066821070679e-05,
      4.980286753286195e-05,
      4.955718126821722e-05,
      4.9214579028215776e-05,
      4.877641290737884e-05,
      4.8244412147206284e-05,
      4.762067631165049e-05,
      4.6907667001096584e-05,
      4.610819813755037e-05,
      4.5225424859373677e-05,
      4.426283106939472e-05,
      4.322421568553528e-05,
      4.211367764821721e-05,
      4.0935599743717234e-05,
      3.969463130731183e-05,
      3.839566987447491e-05,
      3.7043841852542874e-05,
      3.564448228912681e-05,
      3.420311381711694e-05,
      3.272542485937368e-05
    ]
  },
  "data_split_info": {
    "train_size": 9261,
    "val_size": 1984,
    "test_size": 1985
  }
}