{
  "experiment_id": "seed_367",
  "seed_value": 367,
  "seed_index": 7,
  "timestamp": "2026-05-23T00:06:01.691352",
  "configuration": {
    "learning_rate": 5e-05,
    "batch_size": 32,
    "early_stopping_patience": 5,
    "dropout": 0.5,
    "weight_decay": 0.0001,
    "max_epochs": 20,
    "model_init_seed": 42,
    "data_split_seed": 367,
    "dataset_size": "100% (full dataset)"
  },
  "training_info": {
    "total_epochs": 20,
    "best_epoch": 19,
    "early_stopped": false,
    "total_time_minutes": 17.671713801225028
  },
  "validation_metrics": {
    "best_val_macro_f1": 0.8198499426879754,
    "best_val_accuracy": 82.10685483870968,
    "best_val_loss": 0.5499976484044906,
    "final_val_macro_f1": 0.8161036622488178,
    "final_val_accuracy": 81.70362903225806,
    "final_val_loss": 0.5499976484044906
  },
  "test_metrics": {
    "test_macro_f1": 0.8118044851445908,
    "test_accuracy": 81.20906801007557,
    "test_loss": 0.5712175951117561,
    "report": {
      "conservative": {
        "precision": 0.7290322580645161,
        "recall": 0.8129496402877698,
        "f1-score": 0.7687074829931972,
        "support": 139.0
      },
      "dressy": {
        "precision": 0.9844961240310077,
        "recall": 0.9407407407407408,
        "f1-score": 0.9621212121212122,
        "support": 135.0
      },
      "ethnic": {
        "precision": 0.8120300751879699,
        "recall": 0.8372093023255814,
        "f1-score": 0.8244274809160306,
        "support": 129.0
      },
      "fairy": {
        "precision": 0.8896551724137931,
        "recall": 0.8958333333333334,
        "f1-score": 0.8927335640138409,
        "support": 144.0
      },
      "feminine": {
        "precision": 0.7028985507246377,
        "recall": 0.7950819672131147,
        "f1-score": 0.7461538461538462,
        "support": 122.0
      },
      "gal": {
        "precision": 0.8920863309352518,
        "recall": 0.8671328671328671,
        "f1-score": 0.8794326241134752,
        "support": 143.0
      },
      "girlish": {
        "precision": 0.7559055118110236,
        "recall": 0.5783132530120482,
        "f1-score": 0.6552901023890785,
        "support": 166.0
      },
      "kireime-casual": {
        "precision": 0.6928104575163399,
        "recall": 0.6708860759493671,
        "f1-score": 0.6816720257234726,
        "support": 158.0
      },
      "lolita": {
        "precision": 0.8941176470588236,
        "recall": 0.95,
        "f1-score": 0.9212121212121213,
        "support": 160.0
      },
      "mode": {
        "precision": 0.8064516129032258,
        "recall": 0.7861635220125787,
        "f1-score": 0.7961783439490446,
        "support": 159.0
      },
      "natural": {
        "precision": 0.7162162162162162,
        "recall": 0.8217054263565892,
        "f1-score": 0.7653429602888087,
        "support": 129.0
      },
      "retro": {
        "precision": 0.7983193277310925,
        "recall": 0.7480314960629921,
        "f1-score": 0.7723577235772358,
        "support": 127.0
      },
      "rock": {
        "precision": 0.8048780487804879,
        "recall": 0.8181818181818182,
        "f1-score": 0.8114754098360656,
        "support": 121.0
      },
      "street": {
        "precision": 0.8940397350993378,
        "recall": 0.8823529411764706,
        "f1-score": 0.8881578947368421,
        "support": 153.0
      },
      "accuracy": 0.8120906801007557,
      "macro avg": {
        "precision": 0.8123526477481231,
        "recall": 0.8146130274132337,
        "f1-score": 0.8118044851445908,
        "support": 1985.0
      },
      "weighted avg": {
        "precision": 0.8134067610930729,
        "recall": 0.8120906801007557,
        "f1-score": 0.8109799017162591,
        "support": 1985.0
      }
    }
  },
  "overfitting_analysis": {
    "overfitting_detected": false,
    "best_val_loss": 0.5499976484044906,
    "val_loss_after_best": 0.5499976484044906,
    "increase_percentage": 0.0,
    "train_val_gap": 0.18263376579931756
  },
  "training_curves": {
    "train_losses": [
      2.5959428779010114,
      2.2474559459192998,
      1.7689091156268941,
      1.5202506098253974,
      1.3474334829840167,
      1.2200054507831046,
      1.1320857309061905,
      1.0540843509394546,
      1.003416527550796,
      0.9452465893893406,
      0.9150333159956439,
      0.8799674938464986,
      0.8491266141677725,
      0.8129465755717508,
      0.7958658100202166,
      0.7790385254498186,
      0.7759169344244332,
      0.745303934195946,
      0.7326314142038082,
      0.7145059897981841
    ],
    "val_losses": [
      2.468071541478557,
      1.855122895010056,
      1.4506870642785104,
      1.2193058181193568,
      1.0608434033009313,
      0.9497081348972936,
      0.8670535222176583,
      0.8020693337725054,
      0.7602672350983466,
      0.7176593205621166,
      0.6869073087169278,
      0.6624864450385494,
      0.639660985719773,
      0.6175518579060032,
      0.6013251158498949,
      0.591229413786242,
      0.5799690465773305,
      0.5715340904651149,
      0.5585789637219521,
      0.5499976484044906
    ],
    "train_accs": [
      14.750026994924955,
      33.678868372745924,
      43.89374797538063,
      50.45891372421985,
      55.166828636216394,
      59.15127955944283,
      62.05593348450491,
      64.5394665802829,
      66.56948493683187,
      67.72486772486772,
      68.77227081308713,
      70.81308713961775,
      71.3961775186265,
      72.8862973760933,
      73.22103444552424,
      73.75013497462477,
      73.26422632545082,
      74.76514415289925,
      74.7003563330094,
      75.88813303099018
    ],
    "val_accs": [
      43.850806451612904,
      52.92338709677419,
      62.752016129032256,
      70.71572580645162,
      72.93346774193549,
      74.94959677419355,
      75.90725806451613,
      77.21774193548387,
      78.4274193548387,
      79.23387096774194,
      79.63709677419355,
      80.14112903225806,
      80.49395161290323,
      80.69556451612904,
      81.25,
      80.84677419354838,
      81.75403225806451,
      81.50201612903226,
      82.10685483870968,
      81.70362903225806
    ],
    "val_macro_f1s": [
      0.38877655467038785,
      0.4895378715705405,
      0.6009555147446074,
      0.6993483088849385,
      0.7211590735456532,
      0.7426463833657487,
      0.7544953112005297,
      0.7689573850731067,
      0.7818695266393386,
      0.7897113905347253,
      0.794171369087571,
      0.7988951990333927,
      0.8030655692748605,
      0.8045600904110566,
      0.8105330766854746,
      0.8065594913426885,
      0.8155274550268998,
      0.8128760618508234,
      0.8198499426879754,
      0.8161036622488178
    ],
    "learning_rates": [
      4.995066821070679e-05,
      4.980286753286195e-05,
      4.955718126821722e-05,
      4.9214579028215776e-05,
      4.877641290737884e-05,
      4.8244412147206284e-05,
      4.762067631165049e-05,
      4.6907667001096584e-05,
      4.610819813755037e-05,
      4.5225424859373677e-05,
      4.426283106939472e-05,
      4.322421568553528e-05,
      4.211367764821721e-05,
      4.0935599743717234e-05,
      3.969463130731183e-05,
      3.839566987447491e-05,
      3.7043841852542874e-05,
      3.564448228912681e-05,
      3.420311381711694e-05,
      3.272542485937368e-05
    ]
  },
  "data_split_info": {
    "train_size": 9261,
    "val_size": 1984,
    "test_size": 1985
  }
}