{
  "experiment_id": "seed_120",
  "seed_value": 120,
  "seed_index": 3,
  "timestamp": "2026-05-22T22:55:59.213745",
  "configuration": {
    "learning_rate": 5e-05,
    "batch_size": 32,
    "early_stopping_patience": 5,
    "dropout": 0.5,
    "weight_decay": 0.0001,
    "max_epochs": 20,
    "model_init_seed": 42,
    "data_split_seed": 120,
    "dataset_size": "100% (full dataset)"
  },
  "training_info": {
    "total_epochs": 20,
    "best_epoch": 19,
    "early_stopped": false,
    "total_time_minutes": 18.058621315161385
  },
  "validation_metrics": {
    "best_val_macro_f1": 0.8127352157744084,
    "best_val_accuracy": 81.19959677419355,
    "best_val_loss": 0.5726857954455961,
    "final_val_macro_f1": 0.8104046727482596,
    "final_val_accuracy": 80.9475806451613,
    "final_val_loss": 0.5726857954455961
  },
  "test_metrics": {
    "test_macro_f1": 0.8058333760727895,
    "test_accuracy": 80.70528967254408,
    "test_loss": 0.5926572812928094,
    "report": {
      "conservative": {
        "precision": 0.7290322580645161,
        "recall": 0.8129496402877698,
        "f1-score": 0.7687074829931972,
        "support": 139.0
      },
      "dressy": {
        "precision": 0.9420289855072463,
        "recall": 0.9629629629629629,
        "f1-score": 0.9523809523809523,
        "support": 135.0
      },
      "ethnic": {
        "precision": 0.8120300751879699,
        "recall": 0.8372093023255814,
        "f1-score": 0.8244274809160306,
        "support": 129.0
      },
      "fairy": {
        "precision": 0.9121621621621622,
        "recall": 0.9375,
        "f1-score": 0.9246575342465754,
        "support": 144.0
      },
      "feminine": {
        "precision": 0.6827586206896552,
        "recall": 0.8114754098360656,
        "f1-score": 0.7415730337078652,
        "support": 122.0
      },
      "gal": {
        "precision": 0.8818897637795275,
        "recall": 0.7832167832167832,
        "f1-score": 0.8296296296296296,
        "support": 143.0
      },
      "girlish": {
        "precision": 0.7938931297709924,
        "recall": 0.6265060240963856,
        "f1-score": 0.7003367003367004,
        "support": 166.0
      },
      "kireime-casual": {
        "precision": 0.6405228758169934,
        "recall": 0.620253164556962,
        "f1-score": 0.6302250803858521,
        "support": 158.0
      },
      "lolita": {
        "precision": 0.9197530864197531,
        "recall": 0.93125,
        "f1-score": 0.9254658385093167,
        "support": 160.0
      },
      "mode": {
        "precision": 0.8026315789473685,
        "recall": 0.7672955974842768,
        "f1-score": 0.7845659163987139,
        "support": 159.0
      },
      "natural": {
        "precision": 0.7417218543046358,
        "recall": 0.8682170542635659,
        "f1-score": 0.8,
        "support": 129.0
      },
      "retro": {
        "precision": 0.7981651376146789,
        "recall": 0.6850393700787402,
        "f1-score": 0.7372881355932204,
        "support": 127.0
      },
      "rock": {
        "precision": 0.75,
        "recall": 0.768595041322314,
        "f1-score": 0.7591836734693878,
        "support": 121.0
      },
      "street": {
        "precision": 0.89171974522293,
        "recall": 0.9150326797385621,
        "f1-score": 0.9032258064516129,
        "support": 153.0
      },
      "accuracy": 0.8070528967254408,
      "macro avg": {
        "precision": 0.8070220909634594,
        "recall": 0.8091073592978549,
        "f1-score": 0.8058333760727895,
        "support": 1985.0
      },
      "weighted avg": {
        "precision": 0.8090777921470973,
        "recall": 0.8070528967254408,
        "f1-score": 0.8058311746849013,
        "support": 1985.0
      }
    }
  },
  "overfitting_analysis": {
    "overfitting_detected": false,
    "best_val_loss": 0.5726857954455961,
    "val_loss_after_best": 0.5726857954455961,
    "increase_percentage": 0.0,
    "train_val_gap": 0.15611015862564614
  },
  "training_curves": {
    "train_losses": [
      2.590947147073417,
      2.2406811747057684,
      1.7806242922256732,
      1.5057105237040027,
      1.3355939698630366,
      1.2141063377774994,
      1.11327141194508,
      1.0435102958103706,
      0.9768308244902512,
      0.9340423226356507,
      0.899394011086431,
      0.8576058472024983,
      0.8266794120443278,
      0.8146296660447943,
      0.7834172270421325,
      0.768801581756822,
      0.7558472760792436,
      0.7339560683431297,
      0.7287959540712422,
      0.7052025310952088
    ],
    "val_losses": [
      2.4617151944868025,
      1.8462594209178802,
      1.4434941584064114,
      1.2053167781522196,
      1.056364768935788,
      0.9468742407137348,
      0.8640179874435547,
      0.8020564038907328,
      0.7567946728198759,
      0.7256138218987372,
      0.6980493198479375,
      0.6717329486723869,
      0.6490834586081966,
      0.6324401791057279,
      0.6182790480313762,
      0.608000835584056,
      0.5965630623602098,
      0.5863814584670528,
      0.5771447275915453,
      0.5726857954455961
    ],
    "train_accs": [
      14.739229024943311,
      33.398121153223194,
      43.245869776482024,
      51.33354929273297,
      56.79732210344455,
      59.33484504913076,
      63.16812439261419,
      65.64085951841054,
      66.76384839650146,
      69.05301803260987,
      69.49573480185725,
      70.8994708994709,
      72.51916639671742,
      72.56235827664399,
      73.73933700464313,
      73.97689234423929,
      74.93791167260555,
      75.39142641183457,
      75.43461829176115,
      76.48202137998057
    ],
    "val_accs": [
      47.631048387096776,
      52.82258064516129,
      66.28024193548387,
      70.56451612903226,
      71.67338709677419,
      74.09274193548387,
      75.3024193548387,
      76.6633064516129,
      77.8225806451613,
      77.87298387096774,
      78.57862903225806,
      79.18346774193549,
      79.33467741935483,
      79.7883064516129,
      80.14112903225806,
      80.39314516129032,
      80.09072580645162,
      80.79637096774194,
      81.19959677419355,
      80.9475806451613
    ],
    "val_macro_f1s": [
      0.4223138368804101,
      0.4899161977058097,
      0.6405609329066871,
      0.6940671851370807,
      0.7066021826349994,
      0.7365791809448333,
      0.7485987412492207,
      0.7640878733982089,
      0.7764988513758776,
      0.7779785409010369,
      0.7851504811521738,
      0.7916369440857266,
      0.7927236084418764,
      0.7975800080179541,
      0.8019047900394579,
      0.8047364393387461,
      0.8005034511974508,
      0.8084214189529911,
      0.8127352157744084,
      0.8104046727482596
    ],
    "learning_rates": [
      4.995066821070679e-05,
      4.980286753286195e-05,
      4.955718126821722e-05,
      4.9214579028215776e-05,
      4.877641290737884e-05,
      4.8244412147206284e-05,
      4.762067631165049e-05,
      4.6907667001096584e-05,
      4.610819813755037e-05,
      4.5225424859373677e-05,
      4.426283106939472e-05,
      4.322421568553528e-05,
      4.211367764821721e-05,
      4.0935599743717234e-05,
      3.969463130731183e-05,
      3.839566987447491e-05,
      3.7043841852542874e-05,
      3.564448228912681e-05,
      3.420311381711694e-05,
      3.272542485937368e-05
    ]
  },
  "data_split_info": {
    "train_size": 9261,
    "val_size": 1984,
    "test_size": 1985
  }
}