{
  "train_loss": [
    1.9209212064743042,
    0.9539719529217915,
    0.47422732093136205,
    0.25418678235430203,
    0.13252940517447398,
    0.08312775163708261,
    0.0531839435488295,
    0.054708430073046765,
    0.045482667246801216
  ],
  "val_loss": [
    1.0623365113761662,
    0.7155784116503449,
    0.6721111264767728,
    0.6907976011094363,
    0.8295764888812507,
    0.9922143077152649,
    1.1127883909809602,
    1.0404692417918493,
    1.0588239126441217
  ],
  "val_macro_f1": [
    0.6934254653022386,
    0.7682347490025921,
    0.7937168143621033,
    0.8112625853199207,
    0.7964484923599003,
    0.7971588824808574,
    0.7919050835399276,
    0.80122749732971,
    0.8065333526708951
  ],
  "train_acc": [
    0.38613754325259514,
    0.7095588235294118,
    0.8701340830449827,
    0.9368512110726643,
    0.970371972318339,
    0.9834558823529411,
    0.9891868512110726,
    0.9878892733564014,
    0.9902681660899654
  ],
  "val_acc": [
    0.6992936427850656,
    0.768920282542886,
    0.7891019172552977,
    0.8102926337033299,
    0.7936427850655903,
    0.7961654894046418,
    0.7926337033299697,
    0.7996972754793138,
    0.8042381432896064
  ]
}