{
  "experiment_id": "seed_17",
  "seed_value": 17,
  "seed_index": 2,
  "timestamp": "2025-12-28T20:34:30.342675",
  "configuration": {
    "learning_rate": 5e-05,
    "batch_size": 32,
    "early_stopping_patience": 5,
    "dropout": 0.5,
    "weight_decay": 0.0001,
    "max_epochs": 20,
    "model_init_seed": 42,
    "data_split_seed": 17,
    "dataset_size": "100% (full dataset)"
  },
  "training_info": {
    "total_epochs": 20,
    "best_epoch": 20,
    "early_stopped": false,
    "total_time_minutes": 14.104202683766683
  },
  "validation_metrics": {
    "best_val_macro_f1": 0.8012574237801466,
    "best_val_accuracy": 80.09072580645162,
    "best_val_loss": 0.542925518126257,
    "final_val_macro_f1": 0.8012574237801466,
    "final_val_accuracy": 80.09072580645162,
    "final_val_loss": 0.5523633216657946
  },
  "test_metrics": {
    "test_macro_f1": 0.8007174239927244,
    "test_accuracy": 80.05037783375315,
    "test_loss": 0.5611084675978101,
    "report": {
      "conservative": {
        "precision": 0.6145833333333334,
        "recall": 0.8489208633093526,
        "f1-score": 0.7129909365558912,
        "support": 139.0
      },
      "dressy": {
        "precision": 0.9774436090225563,
        "recall": 0.9629629629629629,
        "f1-score": 0.9701492537313433,
        "support": 135.0
      },
      "ethnic": {
        "precision": 0.9181818181818182,
        "recall": 0.7829457364341085,
        "f1-score": 0.8451882845188284,
        "support": 129.0
      },
      "fairy": {
        "precision": 0.9416058394160584,
        "recall": 0.8958333333333334,
        "f1-score": 0.9181494661921709,
        "support": 144.0
      },
      "feminine": {
        "precision": 0.703125,
        "recall": 0.7377049180327869,
        "f1-score": 0.72,
        "support": 122.0
      },
      "gal": {
        "precision": 0.8642857142857143,
        "recall": 0.8461538461538461,
        "f1-score": 0.8551236749116607,
        "support": 143.0
      },
      "girlish": {
        "precision": 0.7421875,
        "recall": 0.572289156626506,
        "f1-score": 0.6462585034013606,
        "support": 166.0
      },
      "kireime-casual": {
        "precision": 0.743801652892562,
        "recall": 0.569620253164557,
        "f1-score": 0.6451612903225806,
        "support": 158.0
      },
      "lolita": {
        "precision": 0.9041916167664671,
        "recall": 0.94375,
        "f1-score": 0.9235474006116208,
        "support": 160.0
      },
      "mode": {
        "precision": 0.7716049382716049,
        "recall": 0.7861635220125787,
        "f1-score": 0.778816199376947,
        "support": 159.0
      },
      "natural": {
        "precision": 0.6845637583892618,
        "recall": 0.7906976744186046,
        "f1-score": 0.7338129496402878,
        "support": 129.0
      },
      "retro": {
        "precision": 0.7432432432432432,
        "recall": 0.8661417322834646,
        "f1-score": 0.8,
        "support": 127.0
      },
      "rock": {
        "precision": 0.7698412698412699,
        "recall": 0.8016528925619835,
        "f1-score": 0.7854251012145749,
        "support": 121.0
      },
      "street": {
        "precision": 0.9027777777777778,
        "recall": 0.8496732026143791,
        "f1-score": 0.8754208754208754,
        "support": 153.0
      },
      "accuracy": 0.8005037783375315,
      "macro avg": {
        "precision": 0.8058169336729764,
        "recall": 0.8038935781363189,
        "f1-score": 0.8007174239927244,
        "support": 1985.0
      },
      "weighted avg": {
        "precision": 0.8074805105870768,
        "recall": 0.8005037783375315,
        "f1-score": 0.7997445056454968,
        "support": 1985.0
      }
    }
  },
  "overfitting_analysis": {
    "overfitting_detected": false,
    "best_val_loss": 0.542925518126257,
    "val_loss_after_best": 0.5523633216657946,
    "increase_percentage": 0.0,
    "train_val_gap": 0.04419495680009966
  },
  "training_curves": {
    "train_losses": [
      2.575179771719308,
      1.9222864973134008,
      1.4983190450175055,
      1.278017386280257,
      1.146603103752794,
      1.0602623657933596,
      0.9761671916164201,
      0.9278520421735171,
      0.8395125216451185,
      0.8061446445769277,
      0.7664029831516331,
      0.7497852247336815,
      0.7065203036727576,
      0.6945969753224274,
      0.6704524420458695,
      0.6459161204510722,
      0.645214094889575,
      0.6126839835582109,
      0.6042365146094355,
      0.5871204749263567
    ],
    "val_losses": [
      2.277271513015993,
      1.4156089982678812,
      1.102452878990481,
      0.961782778463056,
      0.8553745861976377,
      0.7850044528322835,
      0.7321990564946206,
      0.7002637045037362,
      0.6500887130537341,
      0.6306759195943032,
      0.6118416416068231,
      0.5979884127455373,
      0.590735423949457,
      0.5696628096122895,
      0.559952320591096,
      0.5494402692683281,
      0.5578406558882806,
      0.5497278434134298,
      0.542925518126257,
      0.5523633216657946
    ],
    "train_accs": [
      14.382896015549077,
      35.70888672929489,
      47.014361300075585,
      54.63772810711586,
      59.41043083900227,
      62.56343807364215,
      66.61267681675845,
      67.2713529856387,
      71.2989957887917,
      72.4651765468092,
      73.2858222654141,
      74.47359896339488,
      75.40222438181623,
      76.41723356009071,
      77.03271784904437,
      77.99373717741065,
      78.06932296728215,
      79.62423064463881,
      79.59183673469387,
      79.9481697440881
    ],
    "val_accs": [
      42.1875,
      54.88911290322581,
      64.46572580645162,
      67.69153225806451,
      69.65725806451613,
      72.42943548387096,
      74.59677419354838,
      76.41129032258064,
      77.41935483870968,
      77.52016129032258,
      77.62096774193549,
      78.52822580645162,
      78.17540322580645,
      79.3850806451613,
      79.9899193548387,
      79.7883064516129,
      79.6875,
      79.88911290322581,
      79.83870967741936,
      80.09072580645162
    ],
    "val_macro_f1s": [
      0.3553716291622389,
      0.5096402033831592,
      0.62205214688542,
      0.6633195156884472,
      0.6869779324940813,
      0.7162524378852959,
      0.7427124806223148,
      0.7616261232862972,
      0.772840099965744,
      0.7731504359361063,
      0.7756522575230306,
      0.7854519679192332,
      0.7809316595777404,
      0.7925744647788067,
      0.7990631676904353,
      0.7980180934419637,
      0.797388290666355,
      0.7976817735970612,
      0.7977926264431503,
      0.8012574237801466
    ],
    "learning_rates": [
      4.995066821070679e-05,
      4.980286753286195e-05,
      4.955718126821722e-05,
      4.9214579028215776e-05,
      4.877641290737884e-05,
      4.8244412147206284e-05,
      4.762067631165049e-05,
      4.6907667001096584e-05,
      4.610819813755037e-05,
      4.5225424859373677e-05,
      4.426283106939472e-05,
      4.322421568553528e-05,
      4.211367764821721e-05,
      4.0935599743717234e-05,
      3.969463130731183e-05,
      3.839566987447491e-05,
      3.7043841852542874e-05,
      3.564448228912681e-05,
      3.420311381711694e-05,
      3.272542485937368e-05
    ]
  },
  "data_split_info": {
    "train_size": 9261,
    "val_size": 1984,
    "test_size": 1985
  }
}