{
  "experiment_id": "seed_53",
  "seed_value": 53,
  "seed_index": 3,
  "timestamp": "2025-12-28T20:49:11.939440",
  "configuration": {
    "learning_rate": 5e-05,
    "batch_size": 32,
    "early_stopping_patience": 5,
    "dropout": 0.5,
    "weight_decay": 0.0001,
    "max_epochs": 20,
    "model_init_seed": 42,
    "data_split_seed": 53,
    "dataset_size": "100% (full dataset)"
  },
  "training_info": {
    "total_epochs": 20,
    "best_epoch": 19,
    "early_stopped": false,
    "total_time_minutes": 14.538832592964173
  },
  "validation_metrics": {
    "best_val_macro_f1": 0.8039481399656555,
    "best_val_accuracy": 80.44354838709677,
    "best_val_loss": 0.548981374309909,
    "final_val_macro_f1": 0.8034053381400995,
    "final_val_accuracy": 80.44354838709677,
    "final_val_loss": 0.5545353591442108
  },
  "test_metrics": {
    "test_macro_f1": 0.806815406980034,
    "test_accuracy": 80.75566750629723,
    "test_loss": 0.530976851544683,
    "report": {
      "conservative": {
        "precision": 0.7605633802816901,
        "recall": 0.7769784172661871,
        "f1-score": 0.7686832740213523,
        "support": 139.0
      },
      "dressy": {
        "precision": 0.948905109489051,
        "recall": 0.9629629629629629,
        "f1-score": 0.9558823529411765,
        "support": 135.0
      },
      "ethnic": {
        "precision": 0.7548387096774194,
        "recall": 0.9069767441860465,
        "f1-score": 0.823943661971831,
        "support": 129.0
      },
      "fairy": {
        "precision": 0.9166666666666666,
        "recall": 0.9166666666666666,
        "f1-score": 0.9166666666666666,
        "support": 144.0
      },
      "feminine": {
        "precision": 0.7014925373134329,
        "recall": 0.7704918032786885,
        "f1-score": 0.734375,
        "support": 122.0
      },
      "gal": {
        "precision": 0.8111888111888111,
        "recall": 0.8111888111888111,
        "f1-score": 0.8111888111888111,
        "support": 143.0
      },
      "girlish": {
        "precision": 0.7083333333333334,
        "recall": 0.6144578313253012,
        "f1-score": 0.6580645161290323,
        "support": 166.0
      },
      "kireime-casual": {
        "precision": 0.7086092715231788,
        "recall": 0.6772151898734177,
        "f1-score": 0.6925566343042071,
        "support": 158.0
      },
      "lolita": {
        "precision": 0.9316770186335404,
        "recall": 0.9375,
        "f1-score": 0.9345794392523364,
        "support": 160.0
      },
      "mode": {
        "precision": 0.8391608391608392,
        "recall": 0.7547169811320755,
        "f1-score": 0.7947019867549668,
        "support": 159.0
      },
      "natural": {
        "precision": 0.7753623188405797,
        "recall": 0.8294573643410853,
        "f1-score": 0.8014981273408239,
        "support": 129.0
      },
      "retro": {
        "precision": 0.8482142857142857,
        "recall": 0.7480314960629921,
        "f1-score": 0.7949790794979079,
        "support": 127.0
      },
      "rock": {
        "precision": 0.7520661157024794,
        "recall": 0.7520661157024794,
        "f1-score": 0.7520661157024794,
        "support": 121.0
      },
      "street": {
        "precision": 0.8375,
        "recall": 0.8758169934640523,
        "f1-score": 0.8562300319488818,
        "support": 153.0
      },
      "accuracy": 0.8075566750629722,
      "macro avg": {
        "precision": 0.8067555998232364,
        "recall": 0.8096090983893405,
        "f1-score": 0.806815406980034,
        "support": 1985.0
      },
      "weighted avg": {
        "precision": 0.8079081767248802,
        "recall": 0.8075566750629722,
        "f1-score": 0.8063906073620504,
        "support": 1985.0
      }
    }
  },
  "overfitting_analysis": {
    "overfitting_detected": false,
    "best_val_loss": 0.548981374309909,
    "val_loss_after_best": 0.5545353591442108,
    "increase_percentage": 1.0116891199238556,
    "train_val_gap": 0.05079703566030869
  },
  "training_curves": {
    "train_losses": [
      2.5721133396543308,
      1.9150595282686167,
      1.504397552177824,
      1.2834484575123621,
      1.1440428840702979,
      1.035037487745285,
      0.9641949322716943,
      0.8812413530103091,
      0.8362459138549607,
      0.7966914504766465,
      0.7568806966830944,
      0.7196010337821368,
      0.7073205408351174,
      0.6793230331149595,
      0.657642541774388,
      0.6477836547740574,
      0.618962646558367,
      0.6091930552803236,
      0.5997784099702177,
      0.5823964159036504
    ],
    "val_losses": [
      2.256269754902009,
      1.386921586528901,
      1.0791119413991128,
      0.9181695474732307,
      0.8243918279486318,
      0.7592017871718253,
      0.7106893788422307,
      0.6715177417762818,
      0.6600518337180538,
      0.618075805325662,
      0.6162199762559706,
      0.5996067471081211,
      0.5905708031308267,
      0.597442033790773,
      0.5697084102899798,
      0.5767254694815604,
      0.5612196975177334,
      0.5592958004243912,
      0.548981374309909,
      0.5545353591442108
    ],
    "train_accs": [
      14.804016844833171,
      34.96382680056149,
      47.13313896987366,
      55.03725299643667,
      59.83155166828636,
      63.61084116186157,
      66.79624230644639,
      69.73329014145341,
      70.85627901954433,
      72.62714609653385,
      74.26843753374365,
      75.28344671201815,
      75.60738581146744,
      76.90314220926466,
      77.62660619803476,
      77.85336356764928,
      78.86837274592376,
      79.71061440449195,
      80.08854335384947,
      80.33689666342728
    ],
    "val_accs": [
      38.86088709677419,
      54.53629032258065,
      66.58266129032258,
      70.16129032258064,
      73.1350806451613,
      74.79838709677419,
      75.60483870967742,
      75.75604838709677,
      77.72177419354838,
      78.27620967741936,
      78.88104838709677,
      78.47782258064517,
      78.98185483870968,
      78.93145161290323,
      79.48588709677419,
      79.7883064516129,
      80.19153225806451,
      80.09072580645162,
      80.44354838709677,
      80.44354838709677
    ],
    "val_macro_f1s": [
      0.3270078808302495,
      0.4996590854027474,
      0.6459555610057018,
      0.6925712897073557,
      0.7242689768050926,
      0.7432756113271711,
      0.7530647142681649,
      0.754525678644031,
      0.7761864009527912,
      0.7828562520574502,
      0.7872878320089749,
      0.7841999968340609,
      0.7897899012490974,
      0.7890655260546433,
      0.7942972364611948,
      0.7973327646359715,
      0.8015987065328515,
      0.7994440819732409,
      0.8039481399656555,
      0.8034053381400995
    ],
    "learning_rates": [
      4.995066821070679e-05,
      4.980286753286195e-05,
      4.955718126821722e-05,
      4.9214579028215776e-05,
      4.877641290737884e-05,
      4.8244412147206284e-05,
      4.762067631165049e-05,
      4.6907667001096584e-05,
      4.610819813755037e-05,
      4.5225424859373677e-05,
      4.426283106939472e-05,
      4.322421568553528e-05,
      4.211367764821721e-05,
      4.0935599743717234e-05,
      3.969463130731183e-05,
      3.839566987447491e-05,
      3.7043841852542874e-05,
      3.564448228912681e-05,
      3.420311381711694e-05,
      3.272542485937368e-05
    ]
  },
  "data_split_info": {
    "train_size": 9261,
    "val_size": 1984,
    "test_size": 1985
  }
}