{
  "experiment_id": "seed_13",
  "seed_value": 13,
  "seed_index": 1,
  "timestamp": "2025-12-28T20:20:11.853801",
  "configuration": {
    "learning_rate": 5e-05,
    "batch_size": 32,
    "early_stopping_patience": 5,
    "dropout": 0.5,
    "weight_decay": 0.0001,
    "max_epochs": 20,
    "model_init_seed": 42,
    "data_split_seed": 13,
    "dataset_size": "100% (full dataset)"
  },
  "training_info": {
    "total_epochs": 20,
    "best_epoch": 20,
    "early_stopped": false,
    "total_time_minutes": 85.18148432970047
  },
  "validation_metrics": {
    "best_val_macro_f1": 0.8184085402332558,
    "best_val_accuracy": 81.80443548387096,
    "best_val_loss": 0.5284621754000264,
    "final_val_macro_f1": 0.8184085402332558,
    "final_val_accuracy": 81.80443548387096,
    "final_val_loss": 0.5284621754000264
  },
  "test_metrics": {
    "test_macro_f1": 0.816284517397448,
    "test_accuracy": 81.7632241813602,
    "test_loss": 0.5600599341449284,
    "report": {
      "conservative": {
        "precision": 0.7177914110429447,
        "recall": 0.841726618705036,
        "f1-score": 0.7748344370860927,
        "support": 139.0
      },
      "dressy": {
        "precision": 0.9555555555555556,
        "recall": 0.9555555555555556,
        "f1-score": 0.9555555555555556,
        "support": 135.0
      },
      "ethnic": {
        "precision": 0.8373983739837398,
        "recall": 0.7984496124031008,
        "f1-score": 0.8174603174603174,
        "support": 129.0
      },
      "fairy": {
        "precision": 0.8633540372670807,
        "recall": 0.9652777777777778,
        "f1-score": 0.9114754098360656,
        "support": 144.0
      },
      "feminine": {
        "precision": 0.7521367521367521,
        "recall": 0.7213114754098361,
        "f1-score": 0.7364016736401674,
        "support": 122.0
      },
      "gal": {
        "precision": 0.8482758620689655,
        "recall": 0.8601398601398601,
        "f1-score": 0.8541666666666666,
        "support": 143.0
      },
      "girlish": {
        "precision": 0.7906976744186046,
        "recall": 0.6144578313253012,
        "f1-score": 0.6915254237288135,
        "support": 166.0
      },
      "kireime-casual": {
        "precision": 0.7835820895522388,
        "recall": 0.6645569620253164,
        "f1-score": 0.7191780821917808,
        "support": 158.0
      },
      "lolita": {
        "precision": 0.94,
        "recall": 0.88125,
        "f1-score": 0.9096774193548387,
        "support": 160.0
      },
      "mode": {
        "precision": 0.7696969696969697,
        "recall": 0.7987421383647799,
        "f1-score": 0.7839506172839507,
        "support": 159.0
      },
      "natural": {
        "precision": 0.7417218543046358,
        "recall": 0.8682170542635659,
        "f1-score": 0.8,
        "support": 129.0
      },
      "retro": {
        "precision": 0.7862595419847328,
        "recall": 0.8110236220472441,
        "f1-score": 0.7984496124031008,
        "support": 127.0
      },
      "rock": {
        "precision": 0.7368421052631579,
        "recall": 0.8099173553719008,
        "f1-score": 0.7716535433070866,
        "support": 121.0
      },
      "street": {
        "precision": 0.918918918918919,
        "recall": 0.8888888888888888,
        "f1-score": 0.9036544850498339,
        "support": 153.0
      },
      "accuracy": 0.8176322418136021,
      "macro avg": {
        "precision": 0.817302224728164,
        "recall": 0.8199653394484404,
        "f1-score": 0.816284517397448,
        "support": 1985.0
      },
      "weighted avg": {
        "precision": 0.8198073966928128,
        "recall": 0.8176322418136021,
        "f1-score": 0.8162447720601298,
        "support": 1985.0
      }
    }
  },
  "overfitting_analysis": {
    "overfitting_detected": false,
    "best_val_loss": 0.5284621754000264,
    "val_loss_after_best": 0.5284621754000264,
    "increase_percentage": 0.0,
    "train_val_gap": 0.055924287241147064
  },
  "training_curves": {
    "train_losses": [
      2.5690250372064525,
      1.9358324474301831,
      1.5024971719445854,
      1.288451947631507,
      1.156444183094748,
      1.0623738689669247,
      1.0015714474793138,
      0.9138282109951151,
      0.8515448351358545,
      0.8146901998026618,
      0.7755137915241307,
      0.7404786722413425,
      0.7165335320193192,
      0.6849019127673116,
      0.6649495440310446,
      0.6402545936148742,
      0.6247615409822299,
      0.6154086307205003,
      0.5940359202438388,
      0.5843864626411734
    ],
    "val_losses": [
      2.2548971022329023,
      1.424729508738364,
      1.124311214493167,
      0.9629535175138905,
      0.8509766007623365,
      0.7953358715580355,
      0.7521526352051766,
      0.6815166367638495,
      0.6718217812238201,
      0.6337226398529545,
      0.6099166139479606,
      0.6032781250053837,
      0.5916078393497775,
      0.5792290654874617,
      0.5709712774522843,
      0.5456123241493779,
      0.5381426580490605,
      0.5468948545955843,
      0.5296866119869293,
      0.5284621754000264
    ],
    "train_accs": [
      14.728431054961668,
      34.01360544217687,
      47.33830039952489,
      54.63772810711586,
      59.356440989094054,
      62.09912536443149,
      64.94978943958536,
      68.62109923334413,
      70.80228916963611,
      71.91448007774538,
      73.85811467444121,
      74.72195227297269,
      75.69376957132059,
      76.8383543893748,
      77.60501025807149,
      77.77777777777777,
      79.19231184537307,
      79.30029154518951,
      79.52704891480401,
      80.60684591296837
    ],
    "val_accs": [
      37.096774193548384,
      53.78024193548387,
      62.903225806451616,
      67.84274193548387,
      70.96774193548387,
      72.83266129032258,
      74.29435483870968,
      76.91532258064517,
      76.15927419354838,
      78.32661290322581,
      78.98185483870968,
      78.83064516129032,
      79.63709677419355,
      79.9899193548387,
      79.6875,
      80.79637096774194,
      81.09879032258064,
      80.29233870967742,
      81.30040322580645,
      81.80443548387096
    ],
    "val_macro_f1s": [
      0.2729252870371021,
      0.48309298727931493,
      0.609901755408762,
      0.6606748667054456,
      0.7017497591854249,
      0.72170460393468,
      0.7401297071506147,
      0.7673455415116136,
      0.7583063783204445,
      0.7826779391269234,
      0.7871842383859949,
      0.7879182205672005,
      0.796780980086493,
      0.7996794944357976,
      0.7966755419146294,
      0.8078031470710834,
      0.8110071512129949,
      0.8011065977053745,
      0.8124891546969562,
      0.8184085402332558
    ],
    "learning_rates": [
      4.995066821070679e-05,
      4.980286753286195e-05,
      4.955718126821722e-05,
      4.9214579028215776e-05,
      4.877641290737884e-05,
      4.8244412147206284e-05,
      4.762067631165049e-05,
      4.6907667001096584e-05,
      4.610819813755037e-05,
      4.5225424859373677e-05,
      4.426283106939472e-05,
      4.322421568553528e-05,
      4.211367764821721e-05,
      4.0935599743717234e-05,
      3.969463130731183e-05,
      3.839566987447491e-05,
      3.7043841852542874e-05,
      3.564448228912681e-05,
      3.420311381711694e-05,
      3.272542485937368e-05
    ]
  },
  "data_split_info": {
    "train_size": 9261,
    "val_size": 1984,
    "test_size": 1985
  }
}