{
  "experiment_id": "seed_309",
  "seed_value": 309,
  "seed_index": 4,
  "timestamp": "2025-12-28T21:04:06.653803",
  "configuration": {
    "learning_rate": 5e-05,
    "batch_size": 32,
    "early_stopping_patience": 5,
    "dropout": 0.5,
    "weight_decay": 0.0001,
    "max_epochs": 20,
    "model_init_seed": 42,
    "data_split_seed": 309,
    "dataset_size": "100% (full dataset)"
  },
  "training_info": {
    "total_epochs": 20,
    "best_epoch": 20,
    "early_stopped": false,
    "total_time_minutes": 14.615873793760935
  },
  "validation_metrics": {
    "best_val_macro_f1": 0.8135179177351831,
    "best_val_accuracy": 81.19959677419355,
    "best_val_loss": 0.5422286715719008,
    "final_val_macro_f1": 0.8135179177351831,
    "final_val_accuracy": 81.19959677419355,
    "final_val_loss": 0.5425548438102968
  },
  "test_metrics": {
    "test_macro_f1": 0.8124613664355305,
    "test_accuracy": 81.20906801007557,
    "test_loss": 0.5260902595898461,
    "report": {
      "conservative": {
        "precision": 0.7232704402515723,
        "recall": 0.8273381294964028,
        "f1-score": 0.7718120805369127,
        "support": 139.0
      },
      "dressy": {
        "precision": 0.9635036496350365,
        "recall": 0.9777777777777777,
        "f1-score": 0.9705882352941176,
        "support": 135.0
      },
      "ethnic": {
        "precision": 0.835820895522388,
        "recall": 0.8682170542635659,
        "f1-score": 0.8517110266159695,
        "support": 129.0
      },
      "fairy": {
        "precision": 0.9285714285714286,
        "recall": 0.9027777777777778,
        "f1-score": 0.9154929577464789,
        "support": 144.0
      },
      "feminine": {
        "precision": 0.7109375,
        "recall": 0.7459016393442623,
        "f1-score": 0.728,
        "support": 122.0
      },
      "gal": {
        "precision": 0.8356164383561644,
        "recall": 0.8531468531468531,
        "f1-score": 0.8442906574394463,
        "support": 143.0
      },
      "girlish": {
        "precision": 0.7202797202797203,
        "recall": 0.6204819277108434,
        "f1-score": 0.6666666666666666,
        "support": 166.0
      },
      "kireime-casual": {
        "precision": 0.6337209302325582,
        "recall": 0.689873417721519,
        "f1-score": 0.6606060606060606,
        "support": 158.0
      },
      "lolita": {
        "precision": 0.9197530864197531,
        "recall": 0.93125,
        "f1-score": 0.9254658385093167,
        "support": 160.0
      },
      "mode": {
        "precision": 0.8561151079136691,
        "recall": 0.7484276729559748,
        "f1-score": 0.7986577181208053,
        "support": 159.0
      },
      "natural": {
        "precision": 0.7819548872180451,
        "recall": 0.8062015503875969,
        "f1-score": 0.7938931297709924,
        "support": 129.0
      },
      "retro": {
        "precision": 0.8269230769230769,
        "recall": 0.6771653543307087,
        "f1-score": 0.7445887445887446,
        "support": 127.0
      },
      "rock": {
        "precision": 0.816,
        "recall": 0.8429752066115702,
        "f1-score": 0.8292682926829268,
        "support": 121.0
      },
      "street": {
        "precision": 0.8466257668711656,
        "recall": 0.9019607843137255,
        "f1-score": 0.8734177215189873,
        "support": 153.0
      },
      "accuracy": 0.8120906801007557,
      "macro avg": {
        "precision": 0.8142209234424699,
        "recall": 0.8138210818456127,
        "f1-score": 0.8124613664355305,
        "support": 1985.0
      },
      "weighted avg": {
        "precision": 0.8138582271524244,
        "recall": 0.8120906801007557,
        "f1-score": 0.81139317784258,
        "support": 1985.0
      }
    }
  },
  "overfitting_analysis": {
    "overfitting_detected": false,
    "best_val_loss": 0.5422286715719008,
    "val_loss_after_best": 0.5425548438102968,
    "increase_percentage": 0.0,
    "train_val_gap": 0.04707562730992598
  },
  "training_curves": {
    "train_losses": [
      2.567684349520453,
      1.8965693597135873,
      1.5072683498777193,
      1.2910676179261042,
      1.1390478333522533,
      1.057543920648509,
      0.9535148334914241,
      0.8883142907043983,
      0.8399221381236767,
      0.8004467477058542,
      0.7608793376848615,
      0.7277556269333281,
      0.6958471229364132,
      0.6809802144765854,
      0.6654272435554143,
      0.6471467299708005,
      0.6281199979884872,
      0.6164935608876163,
      0.5848690804736367,
      0.5893042988818268
    ],
    "val_losses": [
      2.238928214196236,
      1.4259275063391654,
      1.1606931801765197,
      0.9902734852606251,
      0.8642884031418832,
      0.804507888132526,
      0.7522264733429878,
      0.6950990634579812,
      0.6747026731891017,
      0.6569424088924162,
      0.639757322207574,
      0.6179423827317453,
      0.5878288087344938,
      0.5740447659646312,
      0.5978421049733316,
      0.572820970608342,
      0.56691486772991,
      0.5590858267199609,
      0.5422286715719008,
      0.5425548438102968
    ],
    "train_accs": [
      14.793218874851528,
      36.06521973868912,
      46.08573588165425,
      54.09782960803369,
      59.356440989094054,
      62.87657920310981,
      66.76384839650146,
      68.98823021272001,
      70.78069322967282,
      72.2168232372314,
      73.71774106467984,
      75.28344671201815,
      76.20127416045783,
      76.74117265954001,
      77.64820213799806,
      78.04772702731887,
      78.49044379656624,
      79.35428139509771,
      79.85098801425332,
      80.1425332037577
    ],
    "val_accs": [
      39.21370967741935,
      54.082661290322584,
      61.99596774193548,
      66.93548387096774,
      70.26209677419355,
      72.53024193548387,
      74.49596774193549,
      76.36088709677419,
      77.01612903225806,
      76.96572580645162,
      77.46975806451613,
      78.57862903225806,
      79.28427419354838,
      79.5866935483871,
      78.72983870967742,
      79.93951612903226,
      79.93951612903226,
      79.9899193548387,
      81.09879032258064,
      81.19959677419355
    ],
    "val_macro_f1s": [
      0.304978660778722,
      0.5037270009033405,
      0.602203618345629,
      0.6637937122586905,
      0.6962770471799647,
      0.721182859753608,
      0.7431009381969229,
      0.7637121861365788,
      0.7688228957002939,
      0.7694910736936171,
      0.774516159156467,
      0.7869568010227953,
      0.792114783953588,
      0.7957223894006459,
      0.7883433440191493,
      0.7985146939300034,
      0.7983375039538753,
      0.8013991521750183,
      0.8106215692790696,
      0.8135179177351831
    ],
    "learning_rates": [
      4.995066821070679e-05,
      4.980286753286195e-05,
      4.955718126821722e-05,
      4.9214579028215776e-05,
      4.877641290737884e-05,
      4.8244412147206284e-05,
      4.762067631165049e-05,
      4.6907667001096584e-05,
      4.610819813755037e-05,
      4.5225424859373677e-05,
      4.426283106939472e-05,
      4.322421568553528e-05,
      4.211367764821721e-05,
      4.0935599743717234e-05,
      3.969463130731183e-05,
      3.839566987447491e-05,
      3.7043841852542874e-05,
      3.564448228912681e-05,
      3.420311381711694e-05,
      3.272542485937368e-05
    ]
  },
  "data_split_info": {
    "train_size": 9261,
    "val_size": 1984,
    "test_size": 1985
  }
}