{
  "experiment_id": "seed_347",
  "seed_value": 347,
  "seed_index": 5,
  "timestamp": "2025-12-28T21:18:42.122027",
  "configuration": {
    "learning_rate": 5e-05,
    "batch_size": 32,
    "early_stopping_patience": 5,
    "dropout": 0.5,
    "weight_decay": 0.0001,
    "max_epochs": 20,
    "model_init_seed": 42,
    "data_split_seed": 347,
    "dataset_size": "100% (full dataset)"
  },
  "training_info": {
    "total_epochs": 20,
    "best_epoch": 20,
    "early_stopped": false,
    "total_time_minutes": 14.39053137699763
  },
  "validation_metrics": {
    "best_val_macro_f1": 0.8159354361708117,
    "best_val_accuracy": 81.5524193548387,
    "best_val_loss": 0.5280584277164552,
    "final_val_macro_f1": 0.8159354361708117,
    "final_val_accuracy": 81.5524193548387,
    "final_val_loss": 0.5327576805026301
  },
  "test_metrics": {
    "test_macro_f1": 0.8083264164435912,
    "test_accuracy": 80.95717884130983,
    "test_loss": 0.5446430756932213,
    "report": {
      "conservative": {
        "precision": 0.7588652482269503,
        "recall": 0.7697841726618705,
        "f1-score": 0.7642857142857142,
        "support": 139.0
      },
      "dressy": {
        "precision": 0.948905109489051,
        "recall": 0.9629629629629629,
        "f1-score": 0.9558823529411765,
        "support": 135.0
      },
      "ethnic": {
        "precision": 0.875,
        "recall": 0.8682170542635659,
        "f1-score": 0.8715953307392996,
        "support": 129.0
      },
      "fairy": {
        "precision": 0.8475609756097561,
        "recall": 0.9652777777777778,
        "f1-score": 0.9025974025974026,
        "support": 144.0
      },
      "feminine": {
        "precision": 0.7071428571428572,
        "recall": 0.8114754098360656,
        "f1-score": 0.7557251908396947,
        "support": 122.0
      },
      "gal": {
        "precision": 0.8223684210526315,
        "recall": 0.8741258741258742,
        "f1-score": 0.847457627118644,
        "support": 143.0
      },
      "girlish": {
        "precision": 0.7226277372262774,
        "recall": 0.5963855421686747,
        "f1-score": 0.6534653465346535,
        "support": 166.0
      },
      "kireime-casual": {
        "precision": 0.7222222222222222,
        "recall": 0.6582278481012658,
        "f1-score": 0.6887417218543046,
        "support": 158.0
      },
      "lolita": {
        "precision": 0.9171974522292994,
        "recall": 0.9,
        "f1-score": 0.9085173501577287,
        "support": 160.0
      },
      "mode": {
        "precision": 0.8391608391608392,
        "recall": 0.7547169811320755,
        "f1-score": 0.7947019867549668,
        "support": 159.0
      },
      "natural": {
        "precision": 0.7703703703703704,
        "recall": 0.8062015503875969,
        "f1-score": 0.7878787878787878,
        "support": 129.0
      },
      "retro": {
        "precision": 0.8317757009345794,
        "recall": 0.7007874015748031,
        "f1-score": 0.7606837606837606,
        "support": 127.0
      },
      "rock": {
        "precision": 0.7642276422764228,
        "recall": 0.7768595041322314,
        "f1-score": 0.7704918032786885,
        "support": 121.0
      },
      "street": {
        "precision": 0.7966101694915254,
        "recall": 0.9215686274509803,
        "f1-score": 0.8545454545454545,
        "support": 153.0
      },
      "accuracy": 0.8095717884130983,
      "macro avg": {
        "precision": 0.8088596246737702,
        "recall": 0.8118993361839818,
        "f1-score": 0.8083264164435912,
        "support": 1985.0
      },
      "weighted avg": {
        "precision": 0.8090629855276484,
        "recall": 0.8095717884130983,
        "f1-score": 0.807208848874037,
        "support": 1985.0
      }
    }
  },
  "overfitting_analysis": {
    "overfitting_detected": false,
    "best_val_loss": 0.5280584277164552,
    "val_loss_after_best": 0.5327576805026301,
    "increase_percentage": 0.0,
    "train_val_gap": 0.062274141362697266
  },
  "training_curves": {
    "train_losses": [
      2.564662113682977,
      1.9070390117579492,
      1.520820730719073,
      1.2836200214665512,
      1.1567713657329823,
      1.066758390336201,
      0.9800000455872766,
      0.9199519229346308,
      0.8599320551444745,
      0.8122269812329063,
      0.7909265452417834,
      0.7542641004611705,
      0.7266619754248652,
      0.6908624166044696,
      0.6768497250203429,
      0.6595195080699592,
      0.6397066993446185,
      0.6123309085081363,
      0.6039169081326189,
      0.5903325690791524
    ],
    "val_losses": [
      2.227122614460607,
      1.3935360504734902,
      1.1325091104353628,
      0.9449101811455142,
      0.8561223562686674,
      0.7921532959707321,
      0.7446952221855041,
      0.6852236500670833,
      0.6562029978921337,
      0.6384431003562866,
      0.6286262716016462,
      0.5850347044967836,
      0.5678448763585859,
      0.5767142210275896,
      0.5546992051024591,
      0.5441272859611819,
      0.5342447498152333,
      0.5283099107684628,
      0.5280584277164552,
      0.5327576805026301
    ],
    "train_accs": [
      15.54907677356657,
      35.125796350286144,
      45.848180542058095,
      54.18421336788684,
      58.97851203973653,
      63.060144692797756,
      65.69484936831876,
      67.95162509448224,
      70.16520894071914,
      72.00086383759853,
      73.19943850556095,
      74.43040708346831,
      75.36983047187128,
      76.1688802505129,
      76.39563762012742,
      77.76697980779613,
      78.19889860706188,
      79.27869560522622,
      79.24630169528129,
      79.90497786416154
    ],
    "val_accs": [
      45.36290322580645,
      57.358870967741936,
      65.07056451612904,
      69.40524193548387,
      71.9758064516129,
      73.89112903225806,
      75.25201612903226,
      76.96572580645162,
      77.36895161290323,
      77.87298387096774,
      77.77217741935483,
      79.63709677419355,
      80.34274193548387,
      79.9899193548387,
      80.04032258064517,
      80.84677419354838,
      81.09879032258064,
      81.30040322580645,
      80.89717741935483,
      81.5524193548387
    ],
    "val_macro_f1s": [
      0.3869814295000431,
      0.5359611814696097,
      0.6357630273908396,
      0.6877243214453524,
      0.7130973737652778,
      0.7344651325305829,
      0.7501139110630346,
      0.7677306121582234,
      0.7721722125410048,
      0.7786665770890319,
      0.7782062918805577,
      0.7972265629374108,
      0.8043739053457697,
      0.8010514018319366,
      0.8005554863842309,
      0.8075817457903407,
      0.8114449447231803,
      0.8141478389178597,
      0.809811474973908,
      0.8159354361708117
    ],
    "learning_rates": [
      4.995066821070679e-05,
      4.980286753286195e-05,
      4.955718126821722e-05,
      4.9214579028215776e-05,
      4.877641290737884e-05,
      4.8244412147206284e-05,
      4.762067631165049e-05,
      4.6907667001096584e-05,
      4.610819813755037e-05,
      4.5225424859373677e-05,
      4.426283106939472e-05,
      4.322421568553528e-05,
      4.211367764821721e-05,
      4.0935599743717234e-05,
      3.969463130731183e-05,
      3.839566987447491e-05,
      3.7043841852542874e-05,
      3.564448228912681e-05,
      3.420311381711694e-05,
      3.272542485937368e-05
    ]
  },
  "data_split_info": {
    "train_size": 9261,
    "val_size": 1984,
    "test_size": 1985
  }
}