{"n": 9188, "i2t_recall@1": 0.1914453635176317, "t2i_recall@1": 0.10676969960818458, "i2t_recall@5": 0.39399216369177187, "t2i_recall@5": 0.24542882020026122, "i2t_recall@10": 0.4980409229429691, "t2i_recall@10": 0.3240095777100566}