{"n": 9188, "i2t_recall@1": 0.18654767087505442, "t2i_recall@1": 0.10383108402263823, "i2t_recall@5": 0.3930126251632564, "t2i_recall@5": 0.24662603395733565, "i2t_recall@10": 0.5014148889856335, "t2i_recall@10": 0.3285807575097954}