{"n": 1969, "i2t_recall@1": 0.361604875571356, "t2i_recall@1": 0.20518029456576942, "i2t_recall@5": 0.6256983240223464, "t2i_recall@5": 0.4281361097003555, "i2t_recall@10": 0.7318435754189944, "t2i_recall@10": 0.5444388014220416}