{"n": 1969, "i2t_recall@1": 0.34332148298628745, "t2i_recall@1": 0.21533773489080751, "i2t_recall@5": 0.6231589639410868, "t2i_recall@5": 0.414931437277806, "i2t_recall@10": 0.7242254951752158, "t2i_recall@10": 0.5226003047232097}