{"n": 1969, "i2t_recall@1": 0.34433722701879127, "t2i_recall@1": 0.20924327069578466, "i2t_recall@5": 0.6069070594210259, "t2i_recall@5": 0.43270695784662266, "i2t_recall@10": 0.7171152869476892, "t2i_recall@10": 0.5383443372270188}