{"n": 1970, "i2t_recall@1": 0.3604060913705584, "t2i_recall@1": 0.21269035532994923, "i2t_recall@5": 0.6218274111675127, "t2i_recall@5": 0.4319796954314721, "i2t_recall@10": 0.7253807106598985, "t2i_recall@10": 0.5426395939086295}