{"n": 9188, "i2t_recall@1": 0.1913365259033522, "t2i_recall@1": 0.10568132346538964, "i2t_recall@5": 0.39899869394862864, "t2i_recall@5": 0.24531998258598173, "i2t_recall@10": 0.5007618632999564, "t2i_recall@10": 0.3290161079669134}