{"n": 1969, "i2t_recall@1": 0.34738445911630267, "t2i_recall@1": 0.20771965464702896, "i2t_recall@5": 0.6287455561198578, "t2i_recall@5": 0.43219908583037076, "i2t_recall@10": 0.7465718638902996, "t2i_recall@10": 0.547993905535805}