{"n": 9188, "i2t_recall@1": 0.19286025250326513, "t2i_recall@1": 0.10470178493687418, "i2t_recall@5": 0.3971484545058772, "t2i_recall@5": 0.2412929908576404, "i2t_recall@10": 0.5007618632999564, "t2i_recall@10": 0.32466260339573355}