{"n": 9188, "i2t_recall@1": 0.1845885938180235, "t2i_recall@1": 0.1043752720940357, "i2t_recall@5": 0.3930126251632564, "t2i_recall@5": 0.2459730082716587, "i2t_recall@10": 0.4998911623857205, "t2i_recall@10": 0.3249891162385721}