{"n": 1969, "i2t_recall@1": 0.34687658710005076, "t2i_recall@1": 0.20975114271203657, "i2t_recall@5": 0.611477907567293, "t2i_recall@5": 0.43473844591163024, "i2t_recall@10": 0.7282884713052311, "t2i_recall@10": 0.5439309294057897}