{"n": 9188, "i2t_recall@1": 0.19536351763169352, "t2i_recall@1": 0.10241619503700479, "i2t_recall@5": 0.3934479756203744, "t2i_recall@5": 0.24336090552895082, "i2t_recall@10": 0.4972790596430126, "t2i_recall@10": 0.32683935568132344}