{"n": 1970, "i2t_recall@1": 0.3380710659898477, "t2i_recall@1": 0.19746192893401016, "i2t_recall@5": 0.6218274111675127, "t2i_recall@5": 0.4370558375634518, "i2t_recall@10": 0.7187817258883249, "t2i_recall@10": 0.5365482233502538}