{"n": 9188, "i2t_recall@1": 0.1917718763604702, "t2i_recall@1": 0.10372224640835873, "i2t_recall@5": 0.39747496734871574, "t2i_recall@5": 0.24488463212886374, "i2t_recall@10": 0.5033739660426644, "t2i_recall@10": 0.32923378319547236}