{"n": 1970, "i2t_recall@1": 0.34517766497461927, "t2i_recall@1": 0.21065989847715735, "i2t_recall@5": 0.6030456852791878, "t2i_recall@5": 0.42233502538071066, "i2t_recall@10": 0.7263959390862944, "t2i_recall@10": 0.5218274111675127}