{"n": 1969, "i2t_recall@1": 0.34738445911630267, "t2i_recall@1": 0.21686135093956324, "i2t_recall@5": 0.6155408836973083, "t2i_recall@5": 0.4266124936515998, "i2t_recall@10": 0.7216861350939563, "t2i_recall@10": 0.5322498730319959}