{"n": 9188, "i2t_recall@1": 0.18992163691771877, "t2i_recall@1": 0.10622551153678711, "i2t_recall@5": 0.39214192424902045, "t2i_recall@5": 0.24423160644318676, "i2t_recall@10": 0.49902046147148454, "t2i_recall@10": 0.3244449281671746}