{"n": 1969, "i2t_recall@1": 0.36262061960385983, "t2i_recall@1": 0.22346368715083798, "i2t_recall@5": 0.6302691721686136, "t2i_recall@5": 0.425596749619096, "i2t_recall@10": 0.7409852717115287, "t2i_recall@10": 0.5439309294057897}