{"n": 9188, "i2t_recall@1": 0.18654767087505442, "t2i_recall@1": 0.1000217675228559, "i2t_recall@5": 0.39040052242054857, "t2i_recall@5": 0.239442751414889, "i2t_recall@10": 0.4960818458859382, "t2i_recall@10": 0.32063561166739224}