{"n": 9188, "i2t_recall@1": 0.18992163691771877, "t2i_recall@1": 0.10034828036569439, "i2t_recall@5": 0.3979103178058337, "t2i_recall@5": 0.24303439268611232, "i2t_recall@10": 0.5016325642141924, "t2i_recall@10": 0.32303003918154116}