{"n": 1970, "i2t_recall@1": 0.33705583756345175, "t2i_recall@1": 0.1918781725888325, "i2t_recall@5": 0.6111675126903553, "t2i_recall@5": 0.4116751269035533, "i2t_recall@10": 0.7081218274111675, "t2i_recall@10": 0.5238578680203045}