{"n": 1970, "i2t_recall@1": 0.34517766497461927, "t2i_recall@1": 0.19746192893401016, "i2t_recall@5": 0.6279187817258883, "t2i_recall@5": 0.4197969543147208, "i2t_recall@10": 0.733502538071066, "t2i_recall@10": 0.5365482233502538}