{"n": 1969, "i2t_recall@1": 0.35297105129507367, "t2i_recall@1": 0.22041645505332655, "i2t_recall@5": 0.6231589639410868, "t2i_recall@5": 0.4494667343829355, "i2t_recall@10": 0.7313357034027425, "t2i_recall@10": 0.563737938039614}