{"n": 1970, "i2t_recall@1": 0.33096446700507615, "t2i_recall@1": 0.19898477157360406, "i2t_recall@5": 0.6086294416243655, "t2i_recall@5": 0.41878172588832485, "i2t_recall@10": 0.7137055837563452, "t2i_recall@10": 0.534517766497462}