{"n": 1969, "i2t_recall@1": 0.329608938547486, "t2i_recall@1": 0.21584560690705942, "i2t_recall@5": 0.6099542915185373, "t2i_recall@5": 0.42762823768410363, "i2t_recall@10": 0.7298120873539868, "t2i_recall@10": 0.5195530726256983}