{"n": 1970, "i2t_recall@1": 0.33248730964467005, "t2i_recall@1": 0.2, "i2t_recall@5": 0.6263959390862944, "t2i_recall@5": 0.4218274111675127, "i2t_recall@10": 0.7309644670050761, "t2i_recall@10": 0.5370558375634518}