{"n": 9188, "i2t_recall@1": 0.18959512407488027, "t2i_recall@1": 0.10317805833696125, "i2t_recall@5": 0.391380060949064, "t2i_recall@5": 0.23846321288637354, "i2t_recall@10": 0.5008707009142359, "t2i_recall@10": 0.31922072268175883}