{"n": 9188, "i2t_recall@1": 0.19198955158902917, "t2i_recall@1": 0.10818458859381802, "i2t_recall@5": 0.39420983892033085, "t2i_recall@5": 0.24510230735742272, "i2t_recall@10": 0.5, "t2i_recall@10": 0.3270570309098825}