{"n": 1969, "i2t_recall@1": 0.32706957846622653, "t2i_recall@1": 0.18791264601320468, "i2t_recall@5": 0.6028440832910107, "t2i_recall@5": 0.4047739969527679, "i2t_recall@10": 0.7201625190452006, "t2i_recall@10": 0.5292026409344845}