{"n": 1970, "i2t_recall@1": 0.33756345177664976, "t2i_recall@1": 0.21116751269035533, "i2t_recall@5": 0.5989847715736041, "t2i_recall@5": 0.4101522842639594, "i2t_recall@10": 0.7060913705583757, "t2i_recall@10": 0.5238578680203045}