{"n": 1969, "i2t_recall@1": 0.3489080751650584, "t2i_recall@1": 0.2006094464195023, "i2t_recall@5": 0.6185881157948198, "t2i_recall@5": 0.42001015744032505, "i2t_recall@10": 0.7323514474352463, "t2i_recall@10": 0.5347892331132554}