{"n": 9188, "i2t_recall@1": 0.1930779277318241, "t2i_recall@1": 0.10285154549412277, "i2t_recall@5": 0.39475402699172835, "t2i_recall@5": 0.2435785807575098, "i2t_recall@10": 0.4992381367000435, "t2i_recall@10": 0.3223770134958642}