{"n": 1969, "i2t_recall@1": 0.35449466734382934, "t2i_recall@1": 0.20365667851701372, "i2t_recall@5": 0.6155408836973083, "t2i_recall@5": 0.43169121381411885, "i2t_recall@10": 0.7247333671914677, "t2i_recall@10": 0.5403758252920264}