{"n": 1970, "i2t_recall@1": 0.3517766497461929, "t2i_recall@1": 0.1934010152284264, "i2t_recall@5": 0.6208121827411167, "t2i_recall@5": 0.4228426395939086, "i2t_recall@10": 0.7370558375634517, "t2i_recall@10": 0.5370558375634518}