{"n": 1970, "i2t_recall@1": 0.3472081218274112, "t2i_recall@1": 0.2065989847715736, "i2t_recall@5": 0.6228426395939086, "t2i_recall@5": 0.42842639593908627, "i2t_recall@10": 0.7309644670050761, "t2i_recall@10": 0.5370558375634518}