{"n": 9188, "i2t_recall@1": 0.18611232041793643, "t2i_recall@1": 0.10372224640835873, "i2t_recall@5": 0.39225076186329993, "t2i_recall@5": 0.24423160644318676, "i2t_recall@10": 0.4951023073574227, "t2i_recall@10": 0.32716586852416196}