{"n": 9188, "i2t_recall@1": 0.19068350021767522, "t2i_recall@1": 0.10535481062255116, "i2t_recall@5": 0.3952982150631258, "t2i_recall@5": 0.24619068350021767, "i2t_recall@10": 0.49825859817152807, "t2i_recall@10": 0.3281454070526774}