{"n": 1970, "i2t_recall@1": 0.33756345177664976, "t2i_recall@1": 0.19796954314720813, "i2t_recall@5": 0.6015228426395939, "t2i_recall@5": 0.42081218274111676, "i2t_recall@10": 0.7065989847715736, "t2i_recall@10": 0.5289340101522843}