{"n": 1969, "i2t_recall@1": 0.35601828339258507, "t2i_recall@1": 0.24581005586592178, "i2t_recall@5": 0.6429659725749112, "t2i_recall@5": 0.4494667343829355, "i2t_recall@10": 0.7364144235652615, "t2i_recall@10": 0.5485017775520569}