{"n": 9188, "i2t_recall@1": 0.19079233783195473, "t2i_recall@1": 0.10176316935132781, "i2t_recall@5": 0.40084893339138006, "t2i_recall@5": 0.24281671745755334, "i2t_recall@10": 0.5072921201567262, "t2i_recall@10": 0.32488027862429253}