{"n": 1970, "i2t_recall@1": 0.34670050761421317, "t2i_recall@1": 0.2065989847715736, "i2t_recall@5": 0.617258883248731, "t2i_recall@5": 0.42588832487309647, "i2t_recall@10": 0.7269035532994924, "t2i_recall@10": 0.5365482233502538}