{"n": 1969, "i2t_recall@1": 0.34738445911630267, "t2i_recall@1": 0.20822752666328084, "i2t_recall@5": 0.6084306754697816, "t2i_recall@5": 0.4174707973590655, "i2t_recall@10": 0.7211782630777044, "t2i_recall@10": 0.5276790248857288}