{"n": 9188, "i2t_recall@1": 0.19329560296038312, "t2i_recall@1": 0.10121898127993034, "i2t_recall@5": 0.39660426643447977, "t2i_recall@5": 0.24227252938615584, "i2t_recall@10": 0.5033739660426644, "t2i_recall@10": 0.32281236395298213}