{"n": 9188, "i2t_recall@1": 0.19209838920330866, "t2i_recall@1": 0.10579016107966914, "i2t_recall@5": 0.39399216369177187, "t2i_recall@5": 0.24303439268611232, "i2t_recall@10": 0.5005441880713974, "t2i_recall@10": 0.32520679146713105}