{"n": 1969, "i2t_recall@1": 0.3372270187912646, "t2i_recall@1": 0.2143219908583037, "i2t_recall@5": 0.6058913153885221, "t2i_recall@5": 0.43118334179786694, "i2t_recall@10": 0.7227018791264601, "t2i_recall@10": 0.5378364652107669}