{"n": 1969, "i2t_recall@1": 0.3504316912138141, "t2i_recall@1": 0.21178263077704418, "i2t_recall@5": 0.6317927882173692, "t2i_recall@5": 0.43067546978161503, "i2t_recall@10": 0.7369222955815135, "t2i_recall@10": 0.5444388014220416}