{"n": 1969, "i2t_recall@1": 0.35551041137633316, "t2i_recall@1": 0.2133062468257999, "i2t_recall@5": 0.6358557643473844, "t2i_recall@5": 0.4291518537328593, "i2t_recall@10": 0.7359065515490096, "t2i_recall@10": 0.5459624174707973}