{"n": 1970, "i2t_recall@1": 0.3456852791878173, "t2i_recall@1": 0.20913705583756345, "i2t_recall@5": 0.6192893401015228, "t2i_recall@5": 0.41928934010152286, "i2t_recall@10": 0.7182741116751269, "t2i_recall@10": 0.5253807106598984}