{"n": 9188, "i2t_recall@1": 0.1892686112320418, "t2i_recall@1": 0.10546364823683065, "i2t_recall@5": 0.39214192424902045, "t2i_recall@5": 0.24336090552895082, "i2t_recall@10": 0.49825859817152807, "t2i_recall@10": 0.3222681758815847}