{"n": 1970, "i2t_recall@1": 0.3522842639593909, "t2i_recall@1": 0.20862944162436547, "i2t_recall@5": 0.6213197969543147, "t2i_recall@5": 0.42385786802030456, "i2t_recall@10": 0.7284263959390863, "t2i_recall@10": 0.5274111675126903}