{"n": 1970, "i2t_recall@1": 0.34822335025380713, "t2i_recall@1": 0.21776649746192894, "i2t_recall@5": 0.6213197969543147, "t2i_recall@5": 0.4263959390862944, "i2t_recall@10": 0.7131979695431472, "t2i_recall@10": 0.5355329949238579}