{"n": 1969, "i2t_recall@1": 0.33113255459624175, "t2i_recall@1": 0.22651091924834943, "i2t_recall@5": 0.6124936515997969, "t2i_recall@5": 0.43219908583037076, "i2t_recall@10": 0.723209751142712, "t2i_recall@10": 0.5469781615033011}