{"n": 9188, "i2t_recall@1": 0.1930779277318241, "t2i_recall@1": 0.10676969960818458, "i2t_recall@5": 0.3949717022202873, "t2i_recall@5": 0.24542882020026122, "i2t_recall@10": 0.5003265128428385, "t2i_recall@10": 0.32673051806704395}