{"n": 1969, "i2t_recall@1": 0.33570340274250887, "t2i_recall@1": 0.20924327069578466, "i2t_recall@5": 0.6160487557135602, "t2i_recall@5": 0.4408329101066531, "i2t_recall@10": 0.7247333671914677, "t2i_recall@10": 0.5398679532757745}