{"n": 9188, "i2t_recall@1": 0.19286025250326513, "t2i_recall@1": 0.10393992163691772, "i2t_recall@5": 0.3976926425772747, "t2i_recall@5": 0.2455376578145407, "i2t_recall@10": 0.49967348715716153, "t2i_recall@10": 0.32683935568132344}