{"n": 1970, "i2t_recall@1": 0.32944162436548224, "t2i_recall@1": 0.20913705583756345, "i2t_recall@5": 0.6187817258883249, "t2i_recall@5": 0.42690355329949237, "i2t_recall@10": 0.7299492385786802, "t2i_recall@10": 0.5350253807106599}