{"n": 1969, "i2t_recall@1": 0.3377348908075165, "t2i_recall@1": 0.20416455053326563, "i2t_recall@5": 0.6196038598273235, "t2i_recall@5": 0.43067546978161503, "i2t_recall@10": 0.7227018791264601, "t2i_recall@10": 0.5363128491620112}