{"n": 9188, "i2t_recall@1": 0.19122768828907272, "t2i_recall@1": 0.10568132346538964, "i2t_recall@5": 0.3938833260774924, "t2i_recall@5": 0.24085764040052243, "i2t_recall@10": 0.49912929908576403, "t2i_recall@10": 0.3234653896386591}