{"n": 1969, "i2t_recall@1": 0.3377348908075165, "t2i_recall@1": 0.22651091924834943, "i2t_recall@5": 0.5987811071609954, "t2i_recall@5": 0.4179786693753174, "i2t_recall@10": 0.706957846622651, "t2i_recall@10": 0.5256475368207212}