{"n": 1970, "i2t_recall@1": 0.3416243654822335, "t2i_recall@1": 0.19796954314720813, "i2t_recall@5": 0.6131979695431472, "t2i_recall@5": 0.416751269035533, "i2t_recall@10": 0.7269035532994924, "t2i_recall@10": 0.5289340101522843}