{"n": 1970, "i2t_recall@1": 0.3583756345177665, "t2i_recall@1": 0.20609137055837565, "i2t_recall@5": 0.6289340101522842, "t2i_recall@5": 0.43248730964467, "i2t_recall@10": 0.7395939086294416, "t2i_recall@10": 0.5583756345177665}