{"n": 1970, "i2t_recall@1": 0.3461928934010152, "t2i_recall@1": 0.216243654822335, "i2t_recall@5": 0.6411167512690356, "t2i_recall@5": 0.43756345177664974, "i2t_recall@10": 0.7426395939086294, "t2i_recall@10": 0.5614213197969543}