{"n": 1970, "i2t_recall@1": 0.3411167512690355, "t2i_recall@1": 0.2131979695431472, "i2t_recall@5": 0.617258883248731, "t2i_recall@5": 0.42842639593908627, "i2t_recall@10": 0.716243654822335, "t2i_recall@10": 0.5314720812182742}