{"n": 1969, "i2t_recall@1": 0.34382935500253936, "t2i_recall@1": 0.1924834941594718, "i2t_recall@5": 0.6333164042661249, "t2i_recall@5": 0.4154393092940579, "i2t_recall@10": 0.7227018791264601, "t2i_recall@10": 0.542915185373286}