{"n": 9188, "i2t_recall@1": 0.19286025250326513, "t2i_recall@1": 0.10383108402263823, "i2t_recall@5": 0.391597736177623, "t2i_recall@5": 0.24238136700043536, "i2t_recall@10": 0.4992381367000435, "t2i_recall@10": 0.32281236395298213}