{"n": 1970, "i2t_recall@1": 0.3456852791878173, "t2i_recall@1": 0.20253807106598984, "i2t_recall@5": 0.6289340101522842, "t2i_recall@5": 0.4101522842639594, "i2t_recall@10": 0.7289340101522843, "t2i_recall@10": 0.5395939086294417}