{"n": 1970, "i2t_recall@1": 0.34365482233502537, "t2i_recall@1": 0.1847715736040609, "i2t_recall@5": 0.6314720812182741, "t2i_recall@5": 0.42538071065989846, "i2t_recall@10": 0.7294416243654822, "t2i_recall@10": 0.5390862944162437}