{"n": 9188, "i2t_recall@1": 0.19068350021767522, "t2i_recall@1": 0.10666086199390509, "i2t_recall@5": 0.39682194166303875, "t2i_recall@5": 0.24706138441445363, "i2t_recall@10": 0.5054418807139748, "t2i_recall@10": 0.3241184153243361}