{"n": 1969, "i2t_recall@1": 0.34332148298628745, "t2i_recall@1": 0.2122905027932961, "i2t_recall@5": 0.617064499746064, "t2i_recall@5": 0.4418486541391569, "i2t_recall@10": 0.7191467750126967, "t2i_recall@10": 0.5459624174707973}