{"n": 1969, "i2t_recall@1": 0.34027425088877605, "t2i_recall@1": 0.21127475876079227, "i2t_recall@5": 0.6124936515997969, "t2i_recall@5": 0.4271203656678517, "i2t_recall@10": 0.7191467750126967, "t2i_recall@10": 0.5337734890807516}