{"n": 9188, "i2t_recall@1": 0.19166303874619067, "t2i_recall@1": 0.10513713539399216, "i2t_recall@5": 0.3949717022202873, "t2i_recall@5": 0.23868088811493252, "i2t_recall@10": 0.501306051371354, "t2i_recall@10": 0.32303003918154116}