{"n": 9188, "i2t_recall@1": 0.18720069656073138, "t2i_recall@1": 0.10328689595124074, "i2t_recall@5": 0.391597736177623, "t2i_recall@5": 0.24281671745755334, "i2t_recall@10": 0.5009795385285154, "t2i_recall@10": 0.32673051806704395}