{"n": 1969, "i2t_recall@1": 0.36617572371762314, "t2i_recall@1": 0.21025901472828848, "i2t_recall@5": 0.6297613001523616, "t2i_recall@5": 0.4337227018791265, "i2t_recall@10": 0.7343829355002539, "t2i_recall@10": 0.5454545454545454}