{"n": 1970, "i2t_recall@1": 0.3446700507614213, "t2i_recall@1": 0.21269035532994923, "i2t_recall@5": 0.615736040609137, "t2i_recall@5": 0.4152284263959391, "i2t_recall@10": 0.7192893401015228, "t2i_recall@10": 0.534517766497462}