{"n": 1969, "i2t_recall@1": 0.33062468257998984, "t2i_recall@1": 0.20822752666328084, "i2t_recall@5": 0.5962417470797359, "t2i_recall@5": 0.42102590147282887, "i2t_recall@10": 0.7064499746063991, "t2i_recall@10": 0.5281868969019807}