{"n": 1970, "i2t_recall@1": 0.350253807106599, "t2i_recall@1": 0.22284263959390863, "i2t_recall@5": 0.6294416243654822, "t2i_recall@5": 0.434010152284264, "i2t_recall@10": 0.7248730964467005, "t2i_recall@10": 0.5482233502538071}