{"n": 1969, "i2t_recall@1": 0.3240223463687151, "t2i_recall@1": 0.20771965464702896, "i2t_recall@5": 0.6226510919248349, "t2i_recall@5": 0.4301675977653631, "i2t_recall@10": 0.7282884713052311, "t2i_recall@10": 0.5408836973082783}