{"n": 1969, "i2t_recall@1": 0.3489080751650584, "t2i_recall@1": 0.20771965464702896, "i2t_recall@5": 0.6399187404773997, "t2i_recall@5": 0.4408329101066531, "i2t_recall@10": 0.7389537836465211, "t2i_recall@10": 0.5520568816658202}