{"n": 9188, "i2t_recall@1": 0.1938397910317806, "t2i_recall@1": 0.10491946016543317, "i2t_recall@5": 0.3955158902916848, "t2i_recall@5": 0.24194601654331738, "i2t_recall@10": 0.4986939486286461, "t2i_recall@10": 0.32455376578145406}