{"n": 1969, "i2t_recall@1": 0.3372270187912646, "t2i_recall@1": 0.2031488065007618, "i2t_recall@5": 0.6190959878110716, "t2i_recall@5": 0.42204164550533263, "i2t_recall@10": 0.7211782630777044, "t2i_recall@10": 0.5307262569832403}