{"n": 1970, "i2t_recall@1": 0.32639593908629444, "t2i_recall@1": 0.2152284263959391, "i2t_recall@5": 0.6106598984771574, "t2i_recall@5": 0.43147208121827413, "i2t_recall@10": 0.7131979695431472, "t2i_recall@10": 0.5218274111675127}