{"n": 1969, "i2t_recall@1": 0.34738445911630267, "t2i_recall@1": 0.20365667851701372, "i2t_recall@5": 0.6302691721686136, "t2i_recall@5": 0.4388014220416455, "i2t_recall@10": 0.7323514474352463, "t2i_recall@10": 0.5439309294057897}