{"n": 9188, "i2t_recall@1": 0.1935132781889421, "t2i_recall@1": 0.1064431867653461, "i2t_recall@5": 0.39747496734871574, "t2i_recall@5": 0.24934697431432304, "i2t_recall@10": 0.501523726599913, "t2i_recall@10": 0.3309751850239443}