{"n": 1970, "i2t_recall@1": 0.3532994923857868, "t2i_recall@1": 0.2147208121827411, "i2t_recall@5": 0.616751269035533, "t2i_recall@5": 0.4416243654822335, "i2t_recall@10": 0.7238578680203046, "t2i_recall@10": 0.5416243654822335}