{"n": 9188, "i2t_recall@1": 0.1889420983892033, "t2i_recall@1": 0.10676969960818458, "i2t_recall@5": 0.3963865912059208, "t2i_recall@5": 0.2458641706573792, "i2t_recall@10": 0.500435350457118, "t2i_recall@10": 0.32313887679582065}