{"n": 1970, "i2t_recall@1": 0.34670050761421317, "t2i_recall@1": 0.2131979695431472, "i2t_recall@5": 0.6284263959390863, "t2i_recall@5": 0.4279187817258883, "i2t_recall@10": 0.7340101522842639, "t2i_recall@10": 0.5477157360406092}