{"n": 1970, "i2t_recall@1": 0.33705583756345175, "t2i_recall@1": 0.19086294416243654, "i2t_recall@5": 0.6137055837563452, "t2i_recall@5": 0.41928934010152286, "i2t_recall@10": 0.7233502538071066, "t2i_recall@10": 0.5365482233502538}