{"n": 9188, "i2t_recall@1": 0.19046582498911624, "t2i_recall@1": 0.10894645189377448, "i2t_recall@5": 0.3949717022202873, "t2i_recall@5": 0.24619068350021767, "i2t_recall@10": 0.4980409229429691, "t2i_recall@10": 0.32520679146713105}