{"n": 1970, "i2t_recall@1": 0.332994923857868, "t2i_recall@1": 0.216751269035533, "i2t_recall@5": 0.6015228426395939, "t2i_recall@5": 0.4243654822335025, "i2t_recall@10": 0.7091370558375635, "t2i_recall@10": 0.5375634517766498}