{"n": 1970, "i2t_recall@1": 0.34213197969543147, "t2i_recall@1": 0.19847715736040608, "i2t_recall@5": 0.6243654822335025, "t2i_recall@5": 0.4294416243654822, "i2t_recall@10": 0.7340101522842639, "t2i_recall@10": 0.5441624365482234}