{
  "train_loss": [
    1.6358055703367742,
    0.9022062052956502,
    0.6127429470471445,
    0.40769622553539525,
    0.320601434830357,
    0.260938523292129,
    0.20615204213554472,
    0.18964020109970678,
    0.15565640258902497,
    0.1411496793599896
  ],
  "val_loss": [
    0.9338743573601623,
    0.7906690292534024,
    0.8454784092039441,
    0.9218875608255657,
    0.8773414016852585,
    0.9053135955138611,
    1.0098911525026588,
    1.1497507653491408,
    1.0871531321591013,
    1.2169868639331052
  ],
  "val_macro_f1": [
    0.7040012899266476,
    0.7427866430064297,
    0.7598184874793654,
    0.7457188828981695,
    0.7814446645661695,
    0.7783194008050458,
    0.7682357641911007,
    0.7512232260604349,
    0.7632823467849599,
    0.7632564318338402
  ],
  "train_acc": [
    0.46680363321799306,
    0.7248053633217993,
    0.8227724913494809,
    0.8832179930795848,
    0.9114403114186851,
    0.9309039792387543,
    0.9473399653979239,
    0.9500432525951558,
    0.9606401384083045,
    0.9649653979238755
  ],
  "val_acc": [
    0.7013118062563067,
    0.7477295660948536,
    0.7628657921291625,
    0.7497477295660948,
    0.7805247225025227,
    0.7780020181634713,
    0.7694248234106963,
    0.7542885973763875,
    0.7623612512613521,
    0.7613521695257316
  ]
}