{
  "experiment_id": "seed_288",
  "seed_value": 288,
  "seed_index": 20,
  "timestamp": "2025-11-18T05:15:19.174692",
  "model_type": "text_only",
  "configuration": {
    "learning_rate": 5e-05,
    "batch_size": 32,
    "early_stopping_patience": 5,
    "dropout": 0.5,
    "weight_decay": 0.0001,
    "max_epochs": 20,
    "model_init_seed": 42,
    "data_split_seed": 288,
    "dataset_size": "100% (full dataset)"
  },
  "training_info": {
    "total_epochs": 20,
    "best_epoch": 19,
    "early_stopped": false,
    "total_time_minutes": 3.3631657044092815
  },
  "validation_metrics": {
    "best_val_macro_f1": 0.2813986391583552,
    "best_val_accuracy": 32.207661290322584,
    "best_val_macro_precision": 0.29676659668736366,
    "best_val_macro_recall": 0.3229561929602432,
    "best_val_loss": 2.027151815352901,
    "final_val_macro_f1": 0.26596081547233236,
    "final_val_accuracy": 31.60282258064516,
    "final_val_loss": 2.0332122887334516,
    "per_class_metrics": {
      "f1": {
        "conservative": 0.3028720626631854,
        "dressy": 0.6395348837209303,
        "ethnic": 0.16666666666666666,
        "fairy": 0.5391304347826087,
        "feminine": 0.1181434599156118,
        "gal": 0.03529411764705882,
        "girlish": 0.02072538860103627,
        "kireime-casual": 0.27314814814814814,
        "lolita": 0.5217391304347827,
        "mode": 0.24902723735408558,
        "natural": 0.1889763779527559,
        "retro": 0.0935672514619883,
        "rock": 0.3716381418092909,
        "street": 0.4191176470588235
      },
      "precision": {
        "conservative": 0.23770491803278687,
        "dressy": 0.5238095238095238,
        "ethnic": 0.48148148148148145,
        "fairy": 0.4603960396039604,
        "feminine": 0.12280701754385964,
        "gal": 0.1111111111111111,
        "girlish": 0.07407407407407407,
        "kireime-casual": 0.21532846715328466,
        "lolita": 0.4838709677419355,
        "mode": 0.32653061224489793,
        "natural": 0.192,
        "retro": 0.18181818181818182,
        "rock": 0.26480836236933797,
        "street": 0.4789915966386555
      },
      "recall": {
        "conservative": 0.4172661870503597,
        "dressy": 0.8208955223880597,
        "ethnic": 0.10077519379844961,
        "fairy": 0.6503496503496503,
        "feminine": 0.11382113821138211,
        "gal": 0.02097902097902098,
        "girlish": 0.012048192771084338,
        "kireime-casual": 0.37341772151898733,
        "lolita": 0.5660377358490566,
        "mode": 0.20125786163522014,
        "natural": 0.18604651162790697,
        "retro": 0.06299212598425197,
        "rock": 0.6229508196721312,
        "street": 0.37254901960784315
      },
      "accuracy": {
        "conservative": 0.4172661870503597,
        "dressy": 0.8208955223880597,
        "ethnic": 0.10077519379844961,
        "fairy": 0.6503496503496503,
        "feminine": 0.11382113821138211,
        "gal": 0.02097902097902098,
        "girlish": 0.012048192771084338,
        "kireime-casual": 0.37341772151898733,
        "lolita": 0.5660377358490566,
        "mode": 0.20125786163522014,
        "natural": 0.18604651162790697,
        "retro": 0.06299212598425197,
        "rock": 0.6229508196721312,
        "street": 0.37254901960784315
      }
    }
  },
  "test_metrics": {
    "test_macro_f1": 0.26959647815655025,
    "test_accuracy": 30.428211586901764,
    "test_macro_precision": 0.28733067156309483,
    "test_macro_recall": 0.30617166843888854,
    "test_loss": 2.0496802973368813,
    "per_class_metrics": {
      "f1": {
        "conservative": 0.29325513196480935,
        "dressy": 0.6067415730337078,
        "ethnic": 0.12578616352201258,
        "fairy": 0.4644808743169399,
        "feminine": 0.18823529411764706,
        "gal": 0.06976744186046512,
        "girlish": 0.06030150753768844,
        "kireime-casual": 0.27539503386004516,
        "lolita": 0.4702194357366771,
        "mode": 0.15510204081632653,
        "natural": 0.211864406779661,
        "retro": 0.125,
        "rock": 0.332518337408313,
        "street": 0.39568345323741005
      },
      "precision": {
        "conservative": 0.24752475247524752,
        "dressy": 0.48868778280542985,
        "ethnic": 0.3333333333333333,
        "fairy": 0.38288288288288286,
        "feminine": 0.18045112781954886,
        "gal": 0.20689655172413793,
        "girlish": 0.18181818181818182,
        "kireime-casual": 0.21403508771929824,
        "lolita": 0.4716981132075472,
        "mode": 0.22093023255813954,
        "natural": 0.2336448598130841,
        "retro": 0.18461538461538463,
        "rock": 0.2361111111111111,
        "street": 0.44
      },
      "recall": {
        "conservative": 0.3597122302158273,
        "dressy": 0.8,
        "ethnic": 0.07751937984496124,
        "fairy": 0.5902777777777778,
        "feminine": 0.19672131147540983,
        "gal": 0.04195804195804196,
        "girlish": 0.03614457831325301,
        "kireime-casual": 0.3860759493670886,
        "lolita": 0.46875,
        "mode": 0.11949685534591195,
        "natural": 0.1937984496124031,
        "retro": 0.09448818897637795,
        "rock": 0.5619834710743802,
        "street": 0.35947712418300654
      },
      "accuracy": {
        "conservative": 0.3597122302158273,
        "dressy": 0.8,
        "ethnic": 0.07751937984496124,
        "fairy": 0.5902777777777778,
        "feminine": 0.19672131147540983,
        "gal": 0.04195804195804196,
        "girlish": 0.03614457831325301,
        "kireime-casual": 0.3860759493670886,
        "lolita": 0.46875,
        "mode": 0.11949685534591195,
        "natural": 0.1937984496124031,
        "retro": 0.09448818897637795,
        "rock": 0.5619834710743802,
        "street": 0.35947712418300654
      }
    }
  },
  "overfitting_analysis": {
    "overfitting_detected": false,
    "best_val_loss": 2.027151815352901,
    "val_loss_after_best": 2.0332122887334516,
    "increase_percentage": 0.29896494848835187,
    "train_val_gap": 0.13380342463364991
  },
  "training_curves": {
    "train_losses": [
      2.637342163612103,
      2.6246461391448976,
      2.601095567900559,
      2.55689147258627,
      2.499265798206987,
      2.432831312870157,
      2.383054336186113,
      2.341712679534123,
      2.300521484325672,
      2.2780062872788003,
      2.255605130360044,
      2.2423397886342014,
      2.2234265976938707,
      2.213349212860239,
      2.1966120715799002,
      2.191849103056151,
      2.1867275073610504,
      2.1637412276761285,
      2.160955239986551,
      2.159245728624278
    ],
    "val_losses": [
      2.625474133799153,
      2.603866688666805,
      2.5604664164204753,
      2.4901935323592155,
      2.406345909641635,
      2.3287213040936376,
      2.271736410356337,
      2.2182399495955436,
      2.1842928471103793,
      2.1557373865958183,
      2.1342823563083524,
      2.1159415860329904,
      2.098340674754112,
      2.0870911229041313,
      2.0705556811824923,
      2.0640627318812954,
      2.055305982789686,
      2.040863014036609,
      2.027151815352901,
      2.0332122887334516
    ],
    "train_accs": [
      8.130871396177518,
      10.60360652197387,
      12.935968038008854,
      15.808228053126012,
      17.265954000647877,
      18.248569268977434,
      19.12320483749055,
      20.656516574883923,
      21.768707482993197,
      22.24381816218551,
      23.140049670661917,
      23.49638268005615,
      23.701544109707374,
      24.18745275888133,
      24.71655328798186,
      24.738149227945147,
      24.597775618183782,
      25.52640103660512,
      25.871936076017708,
      25.774754346182917
    ],