{
  "experiment_id": "seed_380",
  "seed_value": 380,
  "seed_index": 29,
  "timestamp": "2025-11-18T05:46:16.851981",
  "model_type": "text_only",
  "configuration": {
    "learning_rate": 5e-05,
    "batch_size": 32,
    "early_stopping_patience": 5,
    "dropout": 0.5,
    "weight_decay": 0.0001,
    "max_epochs": 20,
    "model_init_seed": 42,
    "data_split_seed": 380,
    "dataset_size": "100% (full dataset)"
  },
  "training_info": {
    "total_epochs": 20,
    "best_epoch": 19,
    "early_stopped": false,
    "total_time_minutes": 3.3560609499613445
  },
  "validation_metrics": {
    "best_val_macro_f1": 0.2552289747820319,
    "best_val_accuracy": 29.889112903225808,
    "best_val_macro_precision": 0.26316694005786234,
    "best_val_macro_recall": 0.29858983937967,
    "best_val_loss": 2.0561308764642283,
    "final_val_macro_f1": 0.2549658525183064,
    "final_val_accuracy": 30.090725806451612,
    "final_val_loss": 2.0561308764642283,
    "per_class_metrics": {
      "f1": {
        "conservative": 0.30188679245283023,
        "dressy": 0.623229461756374,
        "ethnic": 0.10344827586206895,
        "fairy": 0.43044619422572183,
        "feminine": 0.16867469879518074,
        "gal": 0.059880239520958084,
        "girlish": 0.0213903743315508,
        "kireime-casual": 0.27539503386004516,
        "lolita": 0.41279069767441867,
        "mode": 0.1704035874439462,
        "natural": 0.15384615384615383,
        "retro": 0.08045977011494251,
        "rock": 0.2934782608695652,
        "street": 0.4778761061946903
      },
      "precision": {
        "conservative": 0.2413793103448276,
        "dressy": 0.502283105022831,
        "ethnic": 0.2,
        "fairy": 0.3445378151260504,
        "feminine": 0.16666666666666666,
        "gal": 0.20833333333333334,
        "girlish": 0.09523809523809523,
        "kireime-casual": 0.21403508771929824,
        "lolita": 0.3837837837837838,
        "mode": 0.296875,
        "natural": 0.22727272727272727,
        "retro": 0.14893617021276595,
        "rock": 0.21951219512195122,
        "street": 0.43548387096774194
      },
      "recall": {
        "conservative": 0.4028776978417266,
        "dressy": 0.8208955223880597,
        "ethnic": 0.06976744186046512,
        "fairy": 0.5734265734265734,
        "feminine": 0.17073170731707318,
        "gal": 0.03496503496503497,
        "girlish": 0.012048192771084338,
        "kireime-casual": 0.3860759493670886,
        "lolita": 0.44654088050314467,
        "mode": 0.11949685534591195,
        "natural": 0.11627906976744186,
        "retro": 0.05511811023622047,
        "rock": 0.4426229508196721,
        "street": 0.5294117647058824
      },
      "accuracy": {
        "conservative": 0.4028776978417266,
        "dressy": 0.8208955223880597,
        "ethnic": 0.06976744186046512,
        "fairy": 0.5734265734265734,
        "feminine": 0.17073170731707318,
        "gal": 0.03496503496503497,
        "girlish": 0.012048192771084338,
        "kireime-casual": 0.3860759493670886,
        "lolita": 0.44654088050314467,
        "mode": 0.11949685534591195,
        "natural": 0.11627906976744186,
        "retro": 0.05511811023622047,
        "rock": 0.4426229508196721,
        "street": 0.5294117647058824
      }
    }
  },
  "test_metrics": {
    "test_macro_f1": 0.279343927470536,
    "test_accuracy": 32.44332493702771,
    "test_macro_precision": 0.28720965135429605,
    "test_macro_recall": 0.3227054834089039,
    "test_loss": 2.0137936728341237,
    "per_class_metrics": {
      "f1": {
        "conservative": 0.3059490084985836,
        "dressy": 0.6386554621848739,
        "ethnic": 0.10778443113772455,
        "fairy": 0.49473684210526314,
        "feminine": 0.13559322033898302,
        "gal": 0.08284023668639053,
        "girlish": 0.0,
        "kireime-casual": 0.28510638297872337,
        "lolita": 0.504297994269341,
        "mode": 0.2644628099173554,
        "natural": 0.15384615384615383,
        "retro": 0.17297297297297298,
        "rock": 0.34502923976608185,
        "street": 0.41954022988505746
      },
      "precision": {
        "conservative": 0.2523364485981308,
        "dressy": 0.5135135135135135,
        "ethnic": 0.23684210526315788,
        "fairy": 0.3983050847457627,
        "feminine": 0.14035087719298245,
        "gal": 0.2692307692307692,
        "girlish": 0.0,
        "kireime-casual": 0.21474358974358973,
        "lolita": 0.4656084656084656,
        "mode": 0.3855421686746988,
        "natural": 0.22727272727272727,
        "retro": 0.27586206896551724,
        "rock": 0.2669683257918552,
        "street": 0.37435897435897436
      },
      "recall": {
        "conservative": 0.38848920863309355,
        "dressy": 0.8444444444444444,
        "ethnic": 0.06976744186046512,
        "fairy": 0.6527777777777778,
        "feminine": 0.13114754098360656,
        "gal": 0.04895104895104895,
        "girlish": 0.0,
        "kireime-casual": 0.4240506329113924,
        "lolita": 0.55,
        "mode": 0.20125786163522014,
        "natural": 0.11627906976744186,
        "retro": 0.12598425196850394,
        "rock": 0.48760330578512395,
        "street": 0.477124183006536
      },
      "accuracy": {
        "conservative": 0.38848920863309355,
        "dressy": 0.8444444444444444,
        "ethnic": 0.06976744186046512,
        "fairy": 0.6527777777777778,
        "feminine": 0.13114754098360656,
        "gal": 0.04895104895104895,
        "girlish": 0.0,
        "kireime-casual": 0.4240506329113924,
        "lolita": 0.55,
        "mode": 0.20125786163522014,
        "natural": 0.11627906976744186,
        "retro": 0.12598425196850394,
        "rock": 0.48760330578512395,
        "street": 0.477124183006536
      }
    }
  },
  "overfitting_analysis": {
    "overfitting_detected": false,
    "best_val_loss": 2.0561308764642283,
    "val_loss_after_best": 2.0561308764642283,
    "increase_percentage": 0.0,
    "train_val_gap": 0.10105976211083245
  },
  "training_curves": {
    "train_losses": [
      2.638798407028461,
      2.6274742142907503,
      2.6036498859010893,
      2.5594859320541907,
      2.5024762408486727,
      2.4369868163404793,
      2.3762235378396923,
      2.3349381952450194,
      2.3035861319509046,
      2.2764379669880044,
      2.2585101464699053,
      2.234026184575311,
      2.2222805204062626,
      2.2165769577026366,
      2.193022101500939,
      2.1924962047872874,
      2.17412668466568,
      2.169940514811154,
      2.1571906385750608,
      2.1596729512872366
    ],
    "val_losses": [
      2.6281769121846845,
      2.6075549317944433,
      2.56545256030175,
      2.492299802841679,
      2.4150967982507523,
      2.34419862685665,
      2.284470042874736,
      2.232535458380176,
      2.212748431390332,
      2.1802034820279768,
      2.154648344362936,
      2.1422385073477224,
      2.117766609114985,
      2.1204377797342118,
      2.0951573118086784,
      2.0914307467399107,
      2.078180161214644,
      2.0730642272580053,
      2.056330717379047,
      2.0561308764642283
    ],
    "train_accs": [
      7.277831767627686,
      10.10689990281827,
      12.730806608357629,
      15.721844293272865,
      16.812439261418852,
      18.572508368426735,
      19.73868912644423,
      20.72130439477378,
      21.585141993305257,
      22.924090271029048,
      22.5893532015981,
      23.852715689450385,
      23.960695389266817,
      24.565381708238853,
      24.921714717633083,
      25.105280207321023,
      25.81794622610949,
      25.68837058632977,
      25.666774646366484,
      26.00151171579743
    ],