{
  "experiment_id": "seed_45",
  "seed_value": 45,
  "seed_index": 5,
  "timestamp": "2025-11-18T04:13:25.310877",
  "model_type": "text_only",
  "configuration": {
    "learning_rate": 5e-05,
    "batch_size": 32,
    "early_stopping_patience": 5,
    "dropout": 0.5,
    "weight_decay": 0.0001,
    "max_epochs": 20,
    "model_init_seed": 42,
    "data_split_seed": 45,
    "dataset_size": "100% (full dataset)"
  },
  "training_info": {
    "total_epochs": 20,
    "best_epoch": 19,
    "early_stopped": false,
    "total_time_minutes": 3.471264433860779
  },
  "validation_metrics": {
    "best_val_macro_f1": 0.2822213019226664,
    "best_val_accuracy": 32.66129032258065,
    "best_val_macro_precision": 0.30885811082703113,
    "best_val_macro_recall": 0.3227389512467461,
    "best_val_loss": 2.029464227537955,
    "final_val_macro_f1": 0.28067282184566705,
    "final_val_accuracy": 32.76209677419355,
    "final_val_loss": 2.029464227537955,
    "per_class_metrics": {
      "f1": {
        "conservative": 0.3191489361702127,
        "dressy": 0.6417112299465241,
        "ethnic": 0.13924050632911394,
        "fairy": 0.5014409221902018,
        "feminine": 0.18264840182648404,
        "gal": 0.125,
        "girlish": 0.06796116504854369,
        "kireime-casual": 0.2977867203219316,
        "lolita": 0.4620253164556962,
        "mode": 0.242914979757085,
        "natural": 0.20370370370370372,
        "retro": 0.06369426751592357,
        "rock": 0.2644628099173554,
        "street": 0.43935926773455375
      },
      "precision": {
        "conservative": 0.25316455696202533,
        "dressy": 0.5,
        "ethnic": 0.3793103448275862,
        "fairy": 0.4264705882352941,
        "feminine": 0.20833333333333334,
        "gal": 0.3333333333333333,
        "girlish": 0.175,
        "kireime-casual": 0.2182890855457227,
        "lolita": 0.46496815286624205,
        "mode": 0.3409090909090909,
        "natural": 0.25287356321839083,
        "retro": 0.16666666666666666,
        "rock": 0.26666666666666666,
        "street": 0.3380281690140845
      },
      "recall": {
        "conservative": 0.4316546762589928,
        "dressy": 0.8955223880597015,
        "ethnic": 0.08527131782945736,
        "fairy": 0.6083916083916084,
        "feminine": 0.16260162601626016,
        "gal": 0.07692307692307693,
        "girlish": 0.04216867469879518,
        "kireime-casual": 0.46835443037974683,
        "lolita": 0.4591194968553459,
        "mode": 0.18867924528301888,
        "natural": 0.17054263565891473,
        "retro": 0.03937007874015748,
        "rock": 0.26229508196721313,
        "street": 0.6274509803921569
      },
      "accuracy": {
        "conservative": 0.4316546762589928,
        "dressy": 0.8955223880597015,
        "ethnic": 0.08527131782945736,
        "fairy": 0.6083916083916084,
        "feminine": 0.16260162601626016,
        "gal": 0.07692307692307693,
        "girlish": 0.04216867469879518,
        "kireime-casual": 0.46835443037974683,
        "lolita": 0.4591194968553459,
        "mode": 0.18867924528301888,
        "natural": 0.17054263565891473,
        "retro": 0.03937007874015748,
        "rock": 0.26229508196721313,
        "street": 0.6274509803921569
      }
    }
  },
  "test_metrics": {
    "test_macro_f1": 0.27635029181378473,
    "test_accuracy": 31.889168765743072,
    "test_macro_precision": 0.3051102051372115,
    "test_macro_recall": 0.3135536292745106,
    "test_loss": 2.046661895418924,
    "per_class_metrics": {
      "f1": {
        "conservative": 0.2976501305483029,
        "dressy": 0.6530612244897959,
        "ethnic": 0.11111111111111109,
        "fairy": 0.4953560371517028,
        "feminine": 0.1268292682926829,
        "gal": 0.13903743315508021,
        "girlish": 0.08247422680412372,
        "kireime-casual": 0.27655310621242485,
        "lolita": 0.49382716049382713,
        "mode": 0.22406639004149376,
        "natural": 0.15384615384615385,
        "retro": 0.10062893081761007,
        "rock": 0.2661870503597122,
        "street": 0.4482758620689655
      },
      "precision": {
        "conservative": 0.2336065573770492,
        "dressy": 0.5384615384615384,
        "ethnic": 0.2727272727272727,
        "fairy": 0.44692737430167595,
        "feminine": 0.1566265060240964,
        "gal": 0.29545454545454547,
        "girlish": 0.2857142857142857,
        "kireime-casual": 0.20234604105571846,
        "lolita": 0.4878048780487805,
        "mode": 0.32926829268292684,
        "natural": 0.20253164556962025,
        "retro": 0.25,
        "rock": 0.2356687898089172,
        "street": 0.33440514469453375
      },
      "recall": {
        "conservative": 0.41007194244604317,
        "dressy": 0.8296296296296296,
        "ethnic": 0.06976744186046512,
        "fairy": 0.5555555555555556,
        "feminine": 0.10655737704918032,
        "gal": 0.09090909090909091,
        "girlish": 0.04819277108433735,
        "kireime-casual": 0.43670886075949367,
        "lolita": 0.5,
        "mode": 0.16981132075471697,
        "natural": 0.12403100775193798,
        "retro": 0.06299212598425197,
        "rock": 0.30578512396694213,
        "street": 0.6797385620915033
      },
      "accuracy": {
        "conservative": 0.41007194244604317,
        "dressy": 0.8296296296296296,
        "ethnic": 0.06976744186046512,
        "fairy": 0.5555555555555556,
        "feminine": 0.10655737704918032,
        "gal": 0.09090909090909091,
        "girlish": 0.04819277108433735,
        "kireime-casual": 0.43670886075949367,
        "lolita": 0.5,
        "mode": 0.16981132075471697,
        "natural": 0.12403100775193798,
        "retro": 0.06299212598425197,
        "rock": 0.30578512396694213,
        "street": 0.6797385620915033
      }
    }
  },
  "overfitting_analysis": {
    "overfitting_detected": false,
    "best_val_loss": 2.029464227537955,
    "val_loss_after_best": 2.029464227537955,
    "increase_percentage": 0.0,
    "train_val_gap": 0.12636226378505544
  },
  "training_curves": {
    "train_losses": [
      2.6395095109939577,
      2.6260441771869,
      2.6045498132705687,
      2.563256598341054,
      2.5025171995162965,
      2.4370633388387746,
      2.3869159386075776,
      2.3301038084359003,
      2.3045130828331257,
      2.280666137974838,
      2.2573282550121174,
      2.240402704271777,
      2.224735615993368,
      2.209891922309481,
      2.1933629438794893,
      2.1896599058447213,
      2.1747477284793195,
      2.173529325271475,
      2.1558264913230105,
      2.1557607720638146
    ],
    "val_losses": [
      2.6274641521515383,
      2.6054211854934692,
      2.562892694627085,
      2.4930978898079164,
      2.406514033194511,
      2.333646216700154,
      2.270682369509051,
      2.226969022904673,
      2.1935660319943584,
      2.160942385273595,
      2.1402282368752266,
      2.120838794016069,
      2.10329250174184,
      2.0841343921999775,
      2.0721155962636395,
      2.059899805053588,
      2.0527523602208784,
      2.0458318398844813,
      2.0349737713413854,
      2.029464227537955
    ],
    "train_accs": [
      7.688154626930137,
      9.232264334305151,
      12.525645178706403,
      15.01997624446604,
      16.402116402116402,
      18.52931648850016,
      19.317568297160133,
      21.185617103984452,
      21.239606953892668,
      21.725515603066622,
      22.84850448115754,
      23.194039520570133,
      23.949897419285175,
      24.057877119101608,
      24.759745167908434,
      25.083684267357736,
      25.472411186696903,
      25.234855847100746,
      26.195875175467012,
      26.174279235503725
    ],