{
  "experiment_id": "seed_457",
  "seed_value": 457,
  "seed_index": 30,
  "timestamp": "2025-11-18T05:49:42.950063",
  "model_type": "text_only",
  "configuration": {
    "learning_rate": 5e-05,
    "batch_size": 32,
    "early_stopping_patience": 5,
    "dropout": 0.5,
    "weight_decay": 0.0001,
    "max_epochs": 20,
    "model_init_seed": 42,
    "data_split_seed": 457,
    "dataset_size": "100% (full dataset)"
  },
  "training_info": {
    "total_epochs": 20,
    "best_epoch": 20,
    "early_stopped": false,
    "total_time_minutes": 3.3639372984568277
  },
  "validation_metrics": {
    "best_val_macro_f1": 0.2816796950328314,
    "best_val_accuracy": 32.61088709677419,
    "best_val_macro_precision": 0.2850750787871001,
    "best_val_macro_recall": 0.3251753991672615,
    "best_val_loss": 2.0167647850128914,
    "final_val_macro_f1": 0.2816796950328314,
    "final_val_accuracy": 32.61088709677419,
    "final_val_loss": 2.0167647850128914,
    "per_class_metrics": {
      "f1": {
        "conservative": 0.29652996845425866,
        "dressy": 0.6246575342465754,
        "ethnic": 0.1264367816091954,
        "fairy": 0.5344827586206896,
        "feminine": 0.1962616822429907,
        "gal": 0.037267080745341616,
        "girlish": 0.03243243243243243,
        "kireime-casual": 0.3203661327231121,
        "lolita": 0.4322766570605187,
        "mode": 0.21323529411764705,
        "natural": 0.20353982300884954,
        "retro": 0.1435897435897436,
        "rock": 0.3283582089552239,
        "street": 0.45408163265306123
      },
      "precision": {
        "conservative": 0.2640449438202247,
        "dressy": 0.4935064935064935,
        "ethnic": 0.24444444444444444,
        "fairy": 0.45365853658536587,
        "feminine": 0.23076923076923078,
        "gal": 0.16666666666666666,
        "girlish": 0.15789473684210525,
        "kireime-casual": 0.25089605734767023,
        "lolita": 0.39893617021276595,
        "mode": 0.25663716814159293,
        "natural": 0.23711340206185566,
        "retro": 0.20588235294117646,
        "rock": 0.25821596244131456,
        "street": 0.3723849372384937
      },
      "recall": {
        "conservative": 0.3381294964028777,
        "dressy": 0.8507462686567164,
        "ethnic": 0.08527131782945736,
        "fairy": 0.6503496503496503,
        "feminine": 0.17073170731707318,
        "gal": 0.02097902097902098,
        "girlish": 0.018072289156626505,
        "kireime-casual": 0.4430379746835443,
        "lolita": 0.4716981132075472,
        "mode": 0.18238993710691823,
        "natural": 0.17829457364341086,
        "retro": 0.11023622047244094,
        "rock": 0.45081967213114754,
        "street": 0.5816993464052288
      },
      "accuracy": {
        "conservative": 0.3381294964028777,
        "dressy": 0.8507462686567164,
        "ethnic": 0.08527131782945736,
        "fairy": 0.6503496503496503,
        "feminine": 0.17073170731707318,
        "gal": 0.02097902097902098,
        "girlish": 0.018072289156626505,
        "kireime-casual": 0.4430379746835443,
        "lolita": 0.4716981132075472,
        "mode": 0.18238993710691823,
        "natural": 0.17829457364341086,
        "retro": 0.11023622047244094,
        "rock": 0.45081967213114754,
        "street": 0.5816993464052288
      }
    }
  },
  "test_metrics": {
    "test_macro_f1": 0.2773184214765292,
    "test_accuracy": 31.838790931989923,
    "test_macro_precision": 0.30047933573436075,
    "test_macro_recall": 0.31477256050185803,
    "test_loss": 2.046697313823397,
    "per_class_metrics": {
      "f1": {
        "conservative": 0.3180428134556575,
        "dressy": 0.6250000000000001,
        "ethnic": 0.12269938650306748,
        "fairy": 0.5014409221902018,
        "feminine": 0.07766990291262135,
        "gal": 0.03896103896103896,
        "girlish": 0.08290155440414508,
        "kireime-casual": 0.2785862785862786,
        "lolita": 0.47126436781609193,
        "mode": 0.26086956521739135,
        "natural": 0.18340611353711792,
        "retro": 0.19387755102040818,
        "rock": 0.3047619047619048,
        "street": 0.42297650130548303
      },
      "precision": {
        "conservative": 0.2765957446808511,
        "dressy": 0.5069124423963134,
        "ethnic": 0.29411764705882354,
        "fairy": 0.42857142857142855,
        "feminine": 0.09523809523809523,
        "gal": 0.2727272727272727,
        "girlish": 0.2962962962962963,
        "kireime-casual": 0.20743034055727555,
        "lolita": 0.43617021276595747,
        "mode": 0.3076923076923077,
        "natural": 0.21,
        "retro": 0.2753623188405797,
        "rock": 0.24742268041237114,
        "street": 0.3521739130434783
      },
      "recall": {
        "conservative": 0.37410071942446044,
        "dressy": 0.8148148148148148,
        "ethnic": 0.07751937984496124,
        "fairy": 0.6041666666666666,
        "feminine": 0.06557377049180328,
        "gal": 0.02097902097902098,
        "girlish": 0.04819277108433735,
        "kireime-casual": 0.4240506329113924,
        "lolita": 0.5125,
        "mode": 0.22641509433962265,
        "natural": 0.16279069767441862,
        "retro": 0.14960629921259844,
        "rock": 0.39669421487603307,
        "street": 0.5294117647058824
      },
      "accuracy": {
        "conservative": 0.37410071942446044,
        "dressy": 0.8148148148148148,
        "ethnic": 0.07751937984496124,
        "fairy": 0.6041666666666666,
        "feminine": 0.06557377049180328,
        "gal": 0.02097902097902098,
        "girlish": 0.04819277108433735,
        "kireime-casual": 0.4240506329113924,
        "lolita": 0.5125,
        "mode": 0.22641509433962265,
        "natural": 0.16279069767441862,
        "retro": 0.14960629921259844,
        "rock": 0.39669421487603307,
        "street": 0.5294117647058824
      }
    }
  },
  "overfitting_analysis": {
    "overfitting_detected": false,
    "best_val_loss": 2.0167647850128914,
    "val_loss_after_best": 2.0167647850128914,
    "increase_percentage": 0.0,
    "train_val_gap": 0.12999782940171833
  },
  "training_curves": {
    "train_losses": [
      2.6386895130420553,
      2.6254375835944868,
      2.601521426233752,
      2.5648126939247393,
      2.5054330184541898,
      2.4327340306906864,
      2.3775312892321883,
      2.330207852659554,
      2.3009657078775865,
      2.271772126904849,
      2.2557608883956384,
      2.230280034295444,
      2.217053175383601,
      2.2066074215132616,
      2.196120222272544,
      2.185242718663709,
      2.1683202706534286,
      2.167217835886725,
      2.1555176977453563,
      2.1467626144146097
    ],
    "val_losses": [
      2.6263482570648193,
      2.603717211754091,
      2.560341388948502,
      2.4917317321223598,
      2.4063619798229587,
      2.326281774428583,
      2.2641131377989248,
      2.2041355063838344,
      2.1710930774288792,
      2.135949892382468,
      2.125392650404284,
      2.101558727602805,
      2.087252405381972,
      2.0680860338672513,
      2.0639780163764954,
      2.0487345822395815,
      2.0371500638223465,
      2.024712739452239,
      2.027699557042891,
      2.0167647850128914
    ],
    "train_accs": [
      7.407407407407407,
      9.156678544433646,
      12.687614728431054,
      15.192743764172336,
      16.58568189180434,
      18.572508368426735,
      20.49454702515927,
      21.174819134002806,
      22.049454702515927,
      21.89828312277292,
      23.15084764064356,
      23.787927869560523,
      23.74473598963395,
      24.057877119101608,
      25.612784796458264,
      24.576179678220495,
      25.699168556311413,
      26.141885325558796,
      26.206673145448654,
      26.62779397473275
    ],