{
  "experiment_id": "seed_303",
  "seed_value": 303,
  "seed_index": 21,
  "timestamp": "2025-11-18T05:18:45.318336",
  "model_type": "text_only",
  "configuration": {
    "learning_rate": 5e-05,
    "batch_size": 32,
    "early_stopping_patience": 5,
    "dropout": 0.5,
    "weight_decay": 0.0001,
    "max_epochs": 20,
    "model_init_seed": 42,
    "data_split_seed": 303,
    "dataset_size": "100% (full dataset)"
  },
  "training_info": {
    "total_epochs": 20,
    "best_epoch": 19,
    "early_stopped": false,
    "total_time_minutes": 3.365096565087636
  },
  "validation_metrics": {
    "best_val_macro_f1": 0.26776634712193775,
    "best_val_accuracy": 31.401209677419356,
    "best_val_macro_precision": 0.28704558552391396,
    "best_val_macro_recall": 0.31279064818236524,
    "best_val_loss": 2.025755524635315,
    "final_val_macro_f1": 0.2616392178927139,
    "final_val_accuracy": 31.50201612903226,
    "final_val_loss": 2.032000459009601,
    "per_class_metrics": {
      "f1": {
        "conservative": 0.3047091412742382,
        "dressy": 0.603988603988604,
        "ethnic": 0.09589041095890412,
        "fairy": 0.5083798882681564,
        "feminine": 0.1484375,
        "gal": 0.09467455621301776,
        "girlish": 0.0,
        "kireime-casual": 0.2950108459869848,
        "lolita": 0.4761904761904762,
        "mode": 0.1981981981981982,
        "natural": 0.18103448275862072,
        "retro": 0.08045977011494251,
        "rock": 0.3190883190883191,
        "street": 0.4426666666666666
      },
      "precision": {
        "conservative": 0.24774774774774774,
        "dressy": 0.48847926267281105,
        "ethnic": 0.4117647058823529,
        "fairy": 0.4232558139534884,
        "feminine": 0.14285714285714285,
        "gal": 0.3076923076923077,
        "girlish": 0.0,
        "kireime-casual": 0.22442244224422442,
        "lolita": 0.4519774011299435,
        "mode": 0.3492063492063492,
        "natural": 0.20388349514563106,
        "retro": 0.14893617021276595,
        "rock": 0.2445414847161572,
        "street": 0.3738738738738739
      },
      "recall": {
        "conservative": 0.39568345323741005,
        "dressy": 0.7910447761194029,
        "ethnic": 0.05426356589147287,
        "fairy": 0.6363636363636364,
        "feminine": 0.15447154471544716,
        "gal": 0.055944055944055944,
        "girlish": 0.0,
        "kireime-casual": 0.43037974683544306,
        "lolita": 0.5031446540880503,
        "mode": 0.13836477987421383,
        "natural": 0.16279069767441862,
        "retro": 0.05511811023622047,
        "rock": 0.45901639344262296,
        "street": 0.5424836601307189
      },
      "accuracy": {
        "conservative": 0.39568345323741005,
        "dressy": 0.7910447761194029,
        "ethnic": 0.05426356589147287,
        "fairy": 0.6363636363636364,
        "feminine": 0.15447154471544716,
        "gal": 0.055944055944055944,
        "girlish": 0.0,
        "kireime-casual": 0.43037974683544306,
        "lolita": 0.5031446540880503,
        "mode": 0.13836477987421383,
        "natural": 0.16279069767441862,
        "retro": 0.05511811023622047,
        "rock": 0.45901639344262296,
        "street": 0.5424836601307189
      }
    }
  },
  "test_metrics": {
    "test_macro_f1": 0.26726593980076496,
    "test_accuracy": 30.83123425692695,
    "test_macro_precision": 0.29662957827873015,
    "test_macro_recall": 0.30787836080529163,
    "test_loss": 2.047010887236822,
    "per_class_metrics": {
      "f1": {
        "conservative": 0.30526315789473685,
        "dressy": 0.6179775280898876,
        "ethnic": 0.10666666666666667,
        "fairy": 0.4672364672364672,
        "feminine": 0.13043478260869568,
        "gal": 0.09523809523809523,
        "girlish": 0.0213903743315508,
        "kireime-casual": 0.25917926565874727,
        "lolita": 0.43558282208588955,
        "mode": 0.19512195121951217,
        "natural": 0.21311475409836067,
        "retro": 0.11282051282051282,
        "rock": 0.3343283582089552,
        "street": 0.44736842105263164
      },
      "precision": {
        "conservative": 0.24066390041493776,
        "dressy": 0.497737556561086,
        "ethnic": 0.38095238095238093,
        "fairy": 0.3961352657004831,
        "feminine": 0.1388888888888889,
        "gal": 0.32,
        "girlish": 0.09523809523809523,
        "kireime-casual": 0.19672131147540983,
        "lolita": 0.42771084337349397,
        "mode": 0.43478260869565216,
        "natural": 0.22608695652173913,
        "retro": 0.16176470588235295,
        "rock": 0.2616822429906542,
        "street": 0.3744493392070485
      },
      "recall": {
        "conservative": 0.4172661870503597,
        "dressy": 0.8148148148148148,
        "ethnic": 0.06201550387596899,
        "fairy": 0.5694444444444444,
        "feminine": 0.12295081967213115,
        "gal": 0.055944055944055944,
        "girlish": 0.012048192771084338,
        "kireime-casual": 0.379746835443038,
        "lolita": 0.44375,
        "mode": 0.12578616352201258,
        "natural": 0.20155038759689922,
        "retro": 0.08661417322834646,
        "rock": 0.4628099173553719,
        "street": 0.5555555555555556
      },
      "accuracy": {
        "conservative": 0.4172661870503597,
        "dressy": 0.8148148148148148,
        "ethnic": 0.06201550387596899,
        "fairy": 0.5694444444444444,
        "feminine": 0.12295081967213115,
        "gal": 0.055944055944055944,
        "girlish": 0.012048192771084338,
        "kireime-casual": 0.379746835443038,
        "lolita": 0.44375,
        "mode": 0.12578616352201258,
        "natural": 0.20155038759689922,
        "retro": 0.08661417322834646,
        "rock": 0.4628099173553719,
        "street": 0.5555555555555556
      }
    }
  },
  "overfitting_analysis": {
    "overfitting_detected": false,
    "best_val_loss": 2.025755524635315,
    "val_loss_after_best": 2.032000459009601,
    "increase_percentage": 0.30827680331318963,
    "train_val_gap": 0.14163476393140595
  },
  "training_curves": {
    "train_losses": [
      2.638926858737551,
      2.6264440470728383,
      2.6024355987022663,
      2.558708640624737,
      2.499526836954314,
      2.4413031865810524,
      2.3819546929721174,
      2.344629397474486,
      2.3045465288491083,
      2.2820520688747536,
      2.2624373571626073,
      2.236447238922119,
      2.229784674480044,
      2.2087861916114546,
      2.2092172207503484,
      2.192574996372749,
      2.185142897737437,
      2.1642758509208417,
      2.167390288566721,
      2.1600881802624667
    ],
    "val_losses": [
      2.628676806726763,
      2.6041180318401707,
      2.562592448726777,
      2.4959001541137695,
      2.407848873446065,
      2.342887055489325,
      2.2738143667098014,
      2.234900459166496,
      2.2026470707308863,
      2.1574017386282645,
      2.130192026015251,
      2.1207726905422826,
      2.096907857925661,
      2.0803768711705364,
      2.0667563176924184,
      2.0628883723289735,
      2.0428619115583357,
      2.038823143128426,
      2.025755524635315,
      2.032000459009601
    ],
    "train_accs": [
      7.580174927113703,
      9.631789223625958,
      12.471655328798185,
      15.408703163805205,
      16.996004751106792,
      18.42133678868373,
      20.2030018356549,
      20.548536875067487,
      22.081848612460856,
      21.973868912644424,
      23.237231400496707,
      24.34942230860598,
      24.12266493899147,
      24.597775618183782,
      24.30623042867941,
      25.494007126660186,
      25.580390886513335,
      26.141885325558796,
      25.68837058632977,
      26.41183457509988
    ],