{
  "experiment_id": "seed_72",
  "seed_value": 72,
  "seed_index": 9,
  "timestamp": "2025-11-18T04:37:32.833838",
  "model_type": "text_only",
  "configuration": {
    "learning_rate": 5e-05,
    "batch_size": 32,
    "early_stopping_patience": 5,
    "dropout": 0.5,
    "weight_decay": 0.0001,
    "max_epochs": 20,
    "model_init_seed": 42,
    "data_split_seed": 72,
    "dataset_size": "100% (full dataset)"
  },
  "training_info": {
    "total_epochs": 20,
    "best_epoch": 20,
    "early_stopped": false,
    "total_time_minutes": 3.3581045389175417
  },
  "validation_metrics": {
    "best_val_macro_f1": 0.2782137326121506,
    "best_val_accuracy": 32.15725806451613,
    "best_val_macro_precision": 0.29874865259543587,
    "best_val_macro_recall": 0.32246937888039634,
    "best_val_loss": 2.016181949646242,
    "final_val_macro_f1": 0.2782137326121506,
    "final_val_accuracy": 32.15725806451613,
    "final_val_loss": 2.016181949646242,
    "per_class_metrics": {
      "f1": {
        "conservative": 0.29059829059829057,
        "dressy": 0.6344086021505375,
        "ethnic": 0.1497326203208556,
        "fairy": 0.4385026737967915,
        "feminine": 0.14705882352941174,
        "gal": 0.09195402298850575,
        "girlish": 0.05434782608695652,
        "kireime-casual": 0.2924281984334204,
        "lolita": 0.46399999999999997,
        "mode": 0.2297872340425532,
        "natural": 0.23318385650224216,
        "retro": 0.09523809523809523,
        "rock": 0.34782608695652173,
        "street": 0.42592592592592593
      },
      "precision": {
        "conservative": 0.24056603773584906,
        "dressy": 0.4957983193277311,
        "ethnic": 0.2413793103448276,
        "fairy": 0.354978354978355,
        "feminine": 0.18518518518518517,
        "gal": 0.25806451612903225,
        "girlish": 0.2777777777777778,
        "kireime-casual": 0.24888888888888888,
        "lolita": 0.4027777777777778,
        "mode": 0.35526315789473684,
        "natural": 0.2765957446808511,
        "retro": 0.1951219512195122,
        "rock": 0.2465753424657534,
        "street": 0.40350877192982454
      },
      "recall": {
        "conservative": 0.3669064748201439,
        "dressy": 0.8805970149253731,
        "ethnic": 0.10852713178294573,
        "fairy": 0.5734265734265734,
        "feminine": 0.12195121951219512,
        "gal": 0.055944055944055944,
        "girlish": 0.030120481927710843,
        "kireime-casual": 0.35443037974683544,
        "lolita": 0.5471698113207547,
        "mode": 0.16981132075471697,
        "natural": 0.20155038759689922,
        "retro": 0.06299212598425197,
        "rock": 0.5901639344262295,
        "street": 0.45098039215686275
      },
      "accuracy": {
        "conservative": 0.3669064748201439,
        "dressy": 0.8805970149253731,
        "ethnic": 0.10852713178294573,
        "fairy": 0.5734265734265734,
        "feminine": 0.12195121951219512,
        "gal": 0.055944055944055944,
        "girlish": 0.030120481927710843,
        "kireime-casual": 0.35443037974683544,
        "lolita": 0.5471698113207547,
        "mode": 0.16981132075471697,
        "natural": 0.20155038759689922,
        "retro": 0.06299212598425197,
        "rock": 0.5901639344262295,
        "street": 0.45098039215686275
      }
    }
  },
  "test_metrics": {
    "test_macro_f1": 0.2762168693819055,
    "test_accuracy": 32.09068010075567,
    "test_macro_precision": 0.29679096698515656,
    "test_macro_recall": 0.3202366852786081,
    "test_loss": 2.0352295031623235,
    "per_class_metrics": {
      "f1": {
        "conservative": 0.31421446384039897,
        "dressy": 0.6395663956639566,
        "ethnic": 0.10526315789473685,
        "fairy": 0.4845070422535211,
        "feminine": 0.17674418604651163,
        "gal": 0.09248554913294799,
        "girlish": 0.07368421052631578,
        "kireime-casual": 0.27586206896551724,
        "lolita": 0.4853333333333333,
        "mode": 0.16740088105726875,
        "natural": 0.16143497757847536,
        "retro": 0.10650887573964496,
        "rock": 0.29975429975429974,
        "street": 0.48427672955974843
      },
      "precision": {
        "conservative": 0.24045801526717558,
        "dressy": 0.5042735042735043,
        "ethnic": 0.21428571428571427,
        "fairy": 0.4075829383886256,
        "feminine": 0.20430107526881722,
        "gal": 0.26666666666666666,
        "girlish": 0.2916666666666667,
        "kireime-casual": 0.2374429223744292,
        "lolita": 0.4232558139534884,
        "mode": 0.27941176470588236,
        "natural": 0.19148936170212766,
        "retro": 0.21428571428571427,
        "rock": 0.21328671328671328,
        "street": 0.4666666666666667
      },
      "recall": {
        "conservative": 0.45323741007194246,
        "dressy": 0.8740740740740741,
        "ethnic": 0.06976744186046512,
        "fairy": 0.5972222222222222,
        "feminine": 0.1557377049180328,
        "gal": 0.055944055944055944,
        "girlish": 0.04216867469879518,
        "kireime-casual": 0.3291139240506329,
        "lolita": 0.56875,
        "mode": 0.11949685534591195,
        "natural": 0.13953488372093023,
        "retro": 0.07086614173228346,
        "rock": 0.5041322314049587,
        "street": 0.5032679738562091
      },
      "accuracy": {
        "conservative": 0.45323741007194246,
        "dressy": 0.8740740740740741,
        "ethnic": 0.06976744186046512,
        "fairy": 0.5972222222222222,
        "feminine": 0.1557377049180328,
        "gal": 0.055944055944055944,
        "girlish": 0.04216867469879518,
        "kireime-casual": 0.3291139240506329,
        "lolita": 0.56875,
        "mode": 0.11949685534591195,
        "natural": 0.13953488372093023,
        "retro": 0.07086614173228346,
        "rock": 0.5041322314049587,
        "street": 0.5032679738562091
      }
    }
  },
  "overfitting_analysis": {
    "overfitting_detected": false,
    "best_val_loss": 2.016181949646242,
    "val_loss_after_best": 2.016181949646242,
    "increase_percentage": 0.0,
    "train_val_gap": 0.14507192605329466
  },
  "training_curves": {
    "train_losses": [
      2.638025791069557,
      2.6268749911209635,
      2.6033241798137796,
      2.565939731433474,
      2.5074966997935855,
      2.4484593070786573,
      2.391832008032963,
      2.34868058829472,
      2.3132450671031557,
      2.2938113981279833,
      2.261687024708452,
      2.2516531385224443,
      2.2269819699484725,
      2.206989627048887,
      2.210056014307614,
      2.1902251445013903,
      2.1861883447088046,
      2.1758777577301553,
      2.1673741825695694,
      2.1612538756995368
    ],
    "val_losses": [
      2.6266135284977574,
      2.604752517515613,
      2.5595849175607004,
      2.49110810987411,
      2.4040573681554487,
      2.329759801587751,
      2.263958461823002,
      2.2136649739357734,
      2.174148259624358,
      2.1556853478954685,
      2.1214030019698606,
      2.103478773947685,
      2.0943460176067967,
      2.0760352803814794,
      2.063316547101544,
      2.0501622826822343,
      2.046854313342802,
      2.0375148077164926,
      2.03304757225898,
      2.016181949646242
    ],
    "train_accs": [
      7.63416477702192,
      9.610193283662671,
      11.910160889752726,
      14.879602634704675,
      17.546701220170608,
      18.20537738905086,
      19.004427167692473,
      20.364971385379548,
      21.887485152791275,
      22.470575531800023,
      22.978080120937264,
      22.945686210992335,
      23.885109599395314,
      24.360220278587626,
      24.381816218550913,
      25.75315840621963,
      25.04049238743116,
      25.645178706403197,
      25.742360436237988,
      26.303854875283445
    ],