{
  "experiment_id": "seed_13",
  "seed_value": 13,
  "seed_index": 1,
  "timestamp": "2025-11-18T03:59:16.166134",
  "model_type": "text_only",
  "configuration": {
    "learning_rate": 5e-05,
    "batch_size": 32,
    "early_stopping_patience": 5,
    "dropout": 0.5,
    "weight_decay": 0.0001,
    "max_epochs": 20,
    "model_init_seed": 42,
    "data_split_seed": 13,
    "dataset_size": "100% (full dataset)"
  },
  "training_info": {
    "total_epochs": 20,
    "best_epoch": 17,
    "early_stopped": false,
    "total_time_minutes": 3.4336755832036334
  },
  "validation_metrics": {
    "best_val_macro_f1": 0.26878320615343143,
    "best_val_accuracy": 30.745967741935484,
    "best_val_macro_precision": 0.27882447446609177,
    "best_val_macro_recall": 0.3061460420677006,
    "best_val_loss": 2.028766139861076,
    "final_val_macro_f1": 0.2656331758515869,
    "final_val_accuracy": 31.25,
    "final_val_loss": 2.028766139861076,
    "per_class_metrics": {
      "f1": {
        "conservative": 0.26498422712933756,
        "dressy": 0.6118980169971672,
        "ethnic": 0.12903225806451613,
        "fairy": 0.5044510385756676,
        "feminine": 0.12345679012345678,
        "gal": 0.10810810810810811,
        "girlish": 0.011049723756906077,
        "kireime-casual": 0.265524625267666,
        "lolita": 0.5084745762711864,
        "mode": 0.19354838709677422,
        "natural": 0.22033898305084745,
        "retro": 0.09473684210526317,
        "rock": 0.313953488372093,
        "street": 0.4134078212290503
      },
      "precision": {
        "conservative": 0.23595505617977527,
        "dressy": 0.4931506849315068,
        "ethnic": 0.38461538461538464,
        "fairy": 0.4381443298969072,
        "feminine": 0.125,
        "gal": 0.23809523809523808,
        "girlish": 0.06666666666666667,
        "kireime-casual": 0.20064724919093851,
        "lolita": 0.46153846153846156,
        "mode": 0.2696629213483146,
        "natural": 0.24299065420560748,
        "retro": 0.14285714285714285,
        "rock": 0.24324324324324326,
        "street": 0.36097560975609755
      },
      "recall": {
        "conservative": 0.302158273381295,
        "dressy": 0.8059701492537313,
        "ethnic": 0.07751937984496124,
        "fairy": 0.5944055944055944,
        "feminine": 0.12195121951219512,
        "gal": 0.06993006993006994,
        "girlish": 0.006024096385542169,
        "kireime-casual": 0.3924050632911392,
        "lolita": 0.5660377358490566,
        "mode": 0.1509433962264151,
        "natural": 0.20155038759689922,
        "retro": 0.07086614173228346,
        "rock": 0.4426229508196721,
        "street": 0.48366013071895425
      },
      "accuracy": {
        "conservative": 0.302158273381295,
        "dressy": 0.8059701492537313,
        "ethnic": 0.07751937984496124,
        "fairy": 0.5944055944055944,
        "feminine": 0.12195121951219512,
        "gal": 0.06993006993006994,
        "girlish": 0.006024096385542169,
        "kireime-casual": 0.3924050632911392,
        "lolita": 0.5660377358490566,
        "mode": 0.1509433962264151,
        "natural": 0.20155038759689922,
        "retro": 0.07086614173228346,
        "rock": 0.4426229508196721,
        "street": 0.48366013071895425
      }
    }
  },
  "test_metrics": {
    "test_macro_f1": 0.27976435918089465,
    "test_accuracy": 32.19143576826197,
    "test_macro_precision": 0.2980705677877746,
    "test_macro_recall": 0.31858024053896433,
    "test_loss": 2.0702124909749107,
    "per_class_metrics": {
      "f1": {
        "conservative": 0.30538922155688625,
        "dressy": 0.6257309941520467,
        "ethnic": 0.1125,
        "fairy": 0.4683195592286501,
        "feminine": 0.14479638009049775,
        "gal": 0.11049723756906077,
        "girlish": 0.05025125628140703,
        "kireime-casual": 0.31779661016949157,
        "lolita": 0.4688427299703264,
        "mode": 0.20444444444444446,
        "natural": 0.22522522522522523,
        "retro": 0.1264367816091954,
        "rock": 0.2764705882352941,
        "street": 0.4799999999999999
      },
      "precision": {
        "conservative": 0.26153846153846155,
        "dressy": 0.5169082125603864,
        "ethnic": 0.2903225806451613,
        "fairy": 0.3881278538812785,
        "feminine": 0.16161616161616163,
        "gal": 0.2631578947368421,
        "girlish": 0.15151515151515152,
        "kireime-casual": 0.23885350318471338,
        "lolita": 0.4463276836158192,
        "mode": 0.3484848484848485,
        "natural": 0.26881720430107525,
        "retro": 0.23404255319148937,
        "rock": 0.2146118721461187,
        "street": 0.38866396761133604
      },
      "recall": {
        "conservative": 0.3669064748201439,
        "dressy": 0.7925925925925926,
        "ethnic": 0.06976744186046512,
        "fairy": 0.5902777777777778,
        "feminine": 0.13114754098360656,
        "gal": 0.06993006993006994,
        "girlish": 0.030120481927710843,
        "kireime-casual": 0.47468354430379744,
        "lolita": 0.49375,
        "mode": 0.14465408805031446,
        "natural": 0.1937984496124031,
        "retro": 0.08661417322834646,
        "rock": 0.3884297520661157,
        "street": 0.6274509803921569
      },
      "accuracy": {
        "conservative": 0.3669064748201439,
        "dressy": 0.7925925925925926,
        "ethnic": 0.06976744186046512,
        "fairy": 0.5902777777777778,
        "feminine": 0.13114754098360656,
        "gal": 0.06993006993006994,
        "girlish": 0.030120481927710843,
        "kireime-casual": 0.47468354430379744,
        "lolita": 0.49375,
        "mode": 0.14465408805031446,
        "natural": 0.1937984496124031,
        "retro": 0.08661417322834646,
        "rock": 0.3884297520661157,
        "street": 0.6274509803921569
      }
    }
  },
  "overfitting_analysis": {
    "overfitting_detected": false,
    "best_val_loss": 2.028766139861076,
    "val_loss_after_best": 2.039483831774804,
    "increase_percentage": 0.528286218068567,
    "train_val_gap": 0.14996355460403477
  },
  "training_curves": {
    "train_losses": [
      2.6383683903463955,
      2.626284278672317,
      2.603925213320502,
      2.5622276807653495,
      2.5037703382557837,
      2.435157831783952,
      2.372806740629262,
      2.3302206105199352,
      2.2989894262675583,
      2.2759440504271407,
      2.256863197787055,
      2.2386377494910668,
      2.2240862895702493,
      2.2149513108976957,
      2.196308732032776,
      2.1955642063042213,
      2.178729694465111,
      2.1639928562887785,
      2.165979708474258,
      2.158652499215356
    ],
    "val_losses": [
      2.6268501858557425,
      2.6039599372494604,
      2.5621251829208864,
      2.494349068210971,
      2.408377035971611,
      2.3238033709987516,
      2.2638252512101205,
      2.218014003769044,
      2.1916102132489605,
      2.1590938568115234,
      2.129182329100947,
      2.11403319720299,
      2.0954461693763733,
      2.0847608870075596,
      2.0748264712672078,
      2.063108471132094,
      2.0481433676135157,
      2.039483831774804,
      2.0345132408603543,
      2.028766139861076
    ],
    "train_accs": [
      7.990497786416154,
      9.631789223625958,
      12.26649389914696,
      14.965986394557824,
      16.769247381492278,
      18.89644746787604,
      19.868264766223948,
      21.585141993305257,
      22.179030342295647,
      22.55695929165317,
      22.794514631249324,
      23.636756289817516,
      23.550372529964367,
      24.21984666882626,
      24.78134110787172,
      24.93251268761473,
      25.234855847100746,
      26.185077205485367,
      25.601986826476622,
      26.584602094806176
    ],