{
  "experiment_id": "seed_347",
  "seed_value": 347,
  "seed_index": 25,
  "timestamp": "2025-11-18T05:32:31.840796",
  "model_type": "text_only",
  "configuration": {
    "learning_rate": 5e-05,
    "batch_size": 32,
    "early_stopping_patience": 5,
    "dropout": 0.5,
    "weight_decay": 0.0001,
    "max_epochs": 20,
    "model_init_seed": 42,
    "data_split_seed": 347,
    "dataset_size": "100% (full dataset)"
  },
  "training_info": {
    "total_epochs": 20,
    "best_epoch": 20,
    "early_stopped": false,
    "total_time_minutes": 3.3684635281562807
  },
  "validation_metrics": {
    "best_val_macro_f1": 0.28592398002562097,
    "best_val_accuracy": 32.51008064516129,
    "best_val_macro_precision": 0.311638540489622,
    "best_val_macro_recall": 0.32555793233108293,
    "best_val_loss": 2.0035754672942625,
    "final_val_macro_f1": 0.28592398002562097,
    "final_val_accuracy": 32.51008064516129,
    "final_val_loss": 2.0035754672942625,
    "per_class_metrics": {
      "f1": {
        "conservative": 0.3081232492997199,
        "dressy": 0.6265060240963856,
        "ethnic": 0.21176470588235297,
        "fairy": 0.5014577259475218,
        "feminine": 0.12440191387559808,
        "gal": 0.0790960451977401,
        "girlish": 0.03225806451612903,
        "kireime-casual": 0.30616302186878724,
        "lolita": 0.4717607973421927,
        "mode": 0.17355371900826444,
        "natural": 0.23744292237442918,
        "retro": 0.12499999999999999,
        "rock": 0.3573200992555831,
        "street": 0.44808743169398907
      },
      "precision": {
        "conservative": 0.25229357798165136,
        "dressy": 0.5252525252525253,
        "ethnic": 0.43902439024390244,
        "fairy": 0.43,
        "feminine": 0.1511627906976744,
        "gal": 0.20588235294117646,
        "girlish": 0.15,
        "kireime-casual": 0.22318840579710145,
        "lolita": 0.5,
        "mode": 0.25301204819277107,
        "natural": 0.28888888888888886,
        "retro": 0.30303030303030304,
        "rock": 0.25622775800711745,
        "street": 0.38497652582159625
      },
      "recall": {
        "conservative": 0.39568345323741005,
        "dressy": 0.7761194029850746,
        "ethnic": 0.13953488372093023,
        "fairy": 0.6013986013986014,
        "feminine": 0.10569105691056911,
        "gal": 0.04895104895104895,
        "girlish": 0.018072289156626505,
        "kireime-casual": 0.4873417721518987,
        "lolita": 0.44654088050314467,
        "mode": 0.1320754716981132,
        "natural": 0.20155038759689922,
        "retro": 0.07874015748031496,
        "rock": 0.5901639344262295,
        "street": 0.5359477124183006
      },
      "accuracy": {
        "conservative": 0.39568345323741005,
        "dressy": 0.7761194029850746,
        "ethnic": 0.13953488372093023,
        "fairy": 0.6013986013986014,
        "feminine": 0.10569105691056911,
        "gal": 0.04895104895104895,
        "girlish": 0.018072289156626505,
        "kireime-casual": 0.4873417721518987,
        "lolita": 0.44654088050314467,
        "mode": 0.1320754716981132,
        "natural": 0.20155038759689922,
        "retro": 0.07874015748031496,
        "rock": 0.5901639344262295,
        "street": 0.5359477124183006
      }
    }
  },
  "test_metrics": {
    "test_macro_f1": 0.26371807570227535,
    "test_accuracy": 30.025188916876573,
    "test_macro_precision": 0.28492789782390343,
    "test_macro_recall": 0.2999427502378354,
    "test_loss": 2.049963313435751,
    "per_class_metrics": {
      "f1": {
        "conservative": 0.2568807339449541,
        "dressy": 0.6235294117647059,
        "ethnic": 0.10843373493975904,
        "fairy": 0.45822102425876016,
        "feminine": 0.16999999999999998,
        "gal": 0.08743169398907104,
        "girlish": 0.0223463687150838,
        "kireime-casual": 0.2945736434108527,
        "lolita": 0.42465753424657543,
        "mode": 0.20833333333333331,
        "natural": 0.20960698689956334,
        "retro": 0.15028901734104047,
        "rock": 0.29441624365482233,
        "street": 0.3833333333333333
      },
      "precision": {
        "conservative": 0.22340425531914893,
        "dressy": 0.5170731707317073,
        "ethnic": 0.24324324324324326,
        "fairy": 0.3744493392070485,
        "feminine": 0.21794871794871795,
        "gal": 0.2,
        "girlish": 0.15384615384615385,
        "kireime-casual": 0.2122905027932961,
        "lolita": 0.4696969696969697,
        "mode": 0.30864197530864196,
        "natural": 0.24,
        "retro": 0.2826086956521739,
        "rock": 0.21245421245421245,
        "street": 0.3333333333333333
      },
      "recall": {
        "conservative": 0.302158273381295,
        "dressy": 0.7851851851851852,
        "ethnic": 0.06976744186046512,
        "fairy": 0.5902777777777778,
        "feminine": 0.13934426229508196,
        "gal": 0.055944055944055944,
        "girlish": 0.012048192771084338,
        "kireime-casual": 0.4810126582278481,
        "lolita": 0.3875,
        "mode": 0.15723270440251572,
        "natural": 0.18604651162790697,
        "retro": 0.10236220472440945,
        "rock": 0.4793388429752066,
        "street": 0.45098039215686275
      },
      "accuracy": {
        "conservative": 0.302158273381295,
        "dressy": 0.7851851851851852,
        "ethnic": 0.06976744186046512,
        "fairy": 0.5902777777777778,
        "feminine": 0.13934426229508196,
        "gal": 0.055944055944055944,
        "girlish": 0.012048192771084338,
        "kireime-casual": 0.4810126582278481,
        "lolita": 0.3875,
        "mode": 0.15723270440251572,
        "natural": 0.18604651162790697,
        "retro": 0.10236220472440945,
        "rock": 0.4793388429752066,
        "street": 0.45098039215686275
      }
    }
  },
  "overfitting_analysis": {
    "overfitting_detected": false,
    "best_val_loss": 2.0035754672942625,
    "val_loss_after_best": 2.0035754672942625,
    "increase_percentage": 0.0,
    "train_val_gap": 0.1485704902414482
  },
  "training_curves": {
    "train_losses": [
      2.6386571563523393,
      2.626866477933423,
      2.6024472598371835,
      2.5607845314617816,
      2.502852512228078,
      2.4414281286042314,
      2.3880566342123624,
      2.3446575740288043,
      2.3160326941259974,
      2.2860358780828016,
      2.26169491759662,
      2.2390734421795813,
      2.222135808550078,
      2.214743303019425,
      2.1983943429486503,
      2.2019678267939335,
      2.1828103394343934,
      2.1656084426518145,
      2.1575725843166484,
      2.1521459575357107
    ],
    "val_losses": [
      2.6268737085403933,
      2.602780245965527,
      2.5572519110095118,
      2.483337633071407,
      2.3959869415529313,
      2.322781801223755,
      2.2594698898253904,
      2.204312155323644,
      2.17184196172222,
      2.133090559513338,
      2.1058074505098405,
      2.0894633973798444,
      2.0694914152545314,
      2.0664181901562597,
      2.0541636405452603,
      2.0349834657484487,
      2.0233337148543327,
      2.0165761209303334,
      2.0042024350935415,
      2.0035754672942625
    ],
    "train_accs": [
      7.785336356764928,
      9.329446064139942,
      11.996544649605875,
      15.063168124392615,
      16.83403520138214,
      18.065003779289494,
      19.922254616132168,
      20.915667854443363,
      21.71471763308498,
      22.265414102148796,
      22.96728215095562,
      23.917503509340243,
      24.43580606845913,
      24.74894719792679,
      24.954108627578016,
      23.831119749487097,
      24.9001187776698,
      26.293056905301803,
      26.41183457509988,
      26.84375337436562
    ],