{
  "experiment_id": "seed_48",
  "seed_value": 48,
  "seed_index": 6,
  "timestamp": "2025-11-18T04:16:54.690445",
  "model_type": "text_only",
  "configuration": {
    "learning_rate": 5e-05,
    "batch_size": 32,
    "early_stopping_patience": 5,
    "dropout": 0.5,
    "weight_decay": 0.0001,
    "max_epochs": 20,
    "model_init_seed": 42,
    "data_split_seed": 48,
    "dataset_size": "100% (full dataset)"
  },
  "training_info": {
    "total_epochs": 20,
    "best_epoch": 20,
    "early_stopped": false,
    "total_time_minutes": 3.4152228474617004
  },
  "validation_metrics": {
    "best_val_macro_f1": 0.2662224632320507,
    "best_val_accuracy": 31.451612903225808,
    "best_val_macro_precision": 0.27480462004960443,
    "best_val_macro_recall": 0.3135493521954216,
    "best_val_loss": 2.0282691986330095,
    "final_val_macro_f1": 0.2662224632320507,
    "final_val_accuracy": 31.451612903225808,
    "final_val_loss": 2.0282691986330095,
    "per_class_metrics": {
      "f1": {
        "conservative": 0.32335329341317365,
        "dressy": 0.6330532212885154,
        "ethnic": 0.07453416149068323,
        "fairy": 0.47058823529411764,
        "feminine": 0.14814814814814814,
        "gal": 0.04938271604938272,
        "girlish": 0.0320855614973262,
        "kireime-casual": 0.271889400921659,
        "lolita": 0.4558404558404559,
        "mode": 0.16806722689075632,
        "natural": 0.19327731092436976,
        "retro": 0.1111111111111111,
        "rock": 0.34700315457413244,
        "street": 0.44878048780487806
      },
      "precision": {
        "conservative": 0.27692307692307694,
        "dressy": 0.5067264573991032,
        "ethnic": 0.1875,
        "fairy": 0.38095238095238093,
        "feminine": 0.15,
        "gal": 0.21052631578947367,
        "girlish": 0.14285714285714285,
        "kireime-casual": 0.213768115942029,
        "lolita": 0.4166666666666667,
        "mode": 0.25316455696202533,
        "natural": 0.21100917431192662,
        "retro": 0.2571428571428571,
        "rock": 0.28205128205128205,
        "street": 0.35797665369649806
      },
      "recall": {
        "conservative": 0.38848920863309355,
        "dressy": 0.8432835820895522,
        "ethnic": 0.046511627906976744,
        "fairy": 0.6153846153846154,
        "feminine": 0.14634146341463414,
        "gal": 0.027972027972027972,
        "girlish": 0.018072289156626505,
        "kireime-casual": 0.37341772151898733,
        "lolita": 0.5031446540880503,
        "mode": 0.12578616352201258,
        "natural": 0.17829457364341086,
        "retro": 0.07086614173228346,
        "rock": 0.45081967213114754,
        "street": 0.6013071895424836
      },
      "accuracy": {
        "conservative": 0.38848920863309355,
        "dressy": 0.8432835820895522,
        "ethnic": 0.046511627906976744,
        "fairy": 0.6153846153846154,
        "feminine": 0.14634146341463414,
        "gal": 0.027972027972027972,
        "girlish": 0.018072289156626505,
        "kireime-casual": 0.37341772151898733,
        "lolita": 0.5031446540880503,
        "mode": 0.12578616352201258,
        "natural": 0.17829457364341086,
        "retro": 0.07086614173228346,
        "rock": 0.45081967213114754,
        "street": 0.6013071895424836
      }
    }
  },
  "test_metrics": {
    "test_macro_f1": 0.26552593009464837,
    "test_accuracy": 30.730478589420656,
    "test_macro_precision": 0.27868263351749706,
    "test_macro_recall": 0.30534783033831875,
    "test_loss": 2.0419534955705916,
    "per_class_metrics": {
      "f1": {
        "conservative": 0.27586206896551724,
        "dressy": 0.6494252873563219,
        "ethnic": 0.13253012048192772,
        "fairy": 0.46560846560846564,
        "feminine": 0.1889763779527559,
        "gal": 0.0930232558139535,
        "girlish": 0.03296703296703296,
        "kireime-casual": 0.2805429864253393,
        "lolita": 0.4778761061946903,
        "mode": 0.19591836734693874,
        "natural": 0.18181818181818182,
        "retro": 0.048484848484848485,
        "rock": 0.2830188679245283,
        "street": 0.4113110539845758
      },
      "precision": {
        "conservative": 0.24444444444444444,
        "dressy": 0.5305164319248826,
        "ethnic": 0.2972972972972973,
        "fairy": 0.37606837606837606,
        "feminine": 0.18181818181818182,
        "gal": 0.27586206896551724,
        "girlish": 0.1875,
        "kireime-casual": 0.21830985915492956,
        "lolita": 0.45251396648044695,
        "mode": 0.27906976744186046,
        "natural": 0.18548387096774194,
        "retro": 0.10526315789473684,
        "rock": 0.22842639593908629,
        "street": 0.3389830508474576
      },
      "recall": {
        "conservative": 0.31654676258992803,
        "dressy": 0.837037037037037,
        "ethnic": 0.08527131782945736,
        "fairy": 0.6111111111111112,
        "feminine": 0.19672131147540983,
        "gal": 0.055944055944055944,
        "girlish": 0.018072289156626505,
        "kireime-casual": 0.3924050632911392,
        "lolita": 0.50625,
        "mode": 0.1509433962264151,
        "natural": 0.17829457364341086,
        "retro": 0.031496062992125984,
        "rock": 0.371900826446281,
        "street": 0.5228758169934641
      },
      "accuracy": {
        "conservative": 0.31654676258992803,
        "dressy": 0.837037037037037,
        "ethnic": 0.08527131782945736,
        "fairy": 0.6111111111111112,
        "feminine": 0.19672131147540983,
        "gal": 0.055944055944055944,
        "girlish": 0.018072289156626505,
        "kireime-casual": 0.3924050632911392,
        "lolita": 0.50625,
        "mode": 0.1509433962264151,
        "natural": 0.17829457364341086,
        "retro": 0.031496062992125984,
        "rock": 0.371900826446281,
        "street": 0.5228758169934641
      }
    }
  },
  "overfitting_analysis": {
    "overfitting_detected": false,
    "best_val_loss": 2.0282691986330095,
    "val_loss_after_best": 2.0282691986330095,
    "increase_percentage": 0.0,
    "train_val_gap": 0.12847675435137296
  },
  "training_curves": {
    "train_losses": [
      2.636353780483377,
      2.624620825668861,
      2.6018879405383406,
      2.5573063875066824,
      2.501191676074061,
      2.4358626406768273,
      2.3806307989975504,
      2.3389540631195596,
      2.3055000292843784,
      2.2848530382945618,
      2.261389844170932,
      2.230995665747544,
      2.222572740193071,
      2.2043108714037927,
      2.1957739118872017,
      2.187204360961914,
      2.1809832975782197,
      2.17919193958414,
      2.163834075270028,
      2.1567459529843824
    ],
    "val_losses": [
      2.6235844819776473,
      2.603202789060531,
      2.5587548555866366,
      2.487849589317076,
      2.40852181373104,
      2.3405638510181057,
      2.2689425829918153,
      2.2227755515806136,
      2.196476703689944,
      2.1597684352628645,
      2.142840733451228,
      2.113725373821874,
      2.1182240593817925,
      2.0845851648238396,
      2.0773146094814425,
      2.0620551763042325,
      2.0617211480294504,
      2.048493394928594,
      2.039315417889626,
      2.0282691986330095
    ],
    "train_accs": [
      7.94730590648958,
      9.156678544433646,
      12.331281719036822,
      15.570672713529856,
      16.963610841161863,
      18.74527588813303,
      19.846668826260665,
      20.548536875067487,
      21.61753590325019,
      21.660727783176764,
      22.924090271029048,
      24.014685239175034,
      23.733938019652307,
      24.31702839866105,
      24.50059388834899,
      25.461613216715257,
      25.699168556311413,
      25.09448223733938,
      25.90432998596264,
      26.012309685779073
    ],