{
  "experiment_id": "seed_126",
  "seed_value": 126,
  "seed_index": 14,
  "timestamp": "2025-11-18T04:54:41.217787",
  "model_type": "text_only",
  "configuration": {
    "learning_rate": 5e-05,
    "batch_size": 32,
    "early_stopping_patience": 5,
    "dropout": 0.5,
    "weight_decay": 0.0001,
    "max_epochs": 20,
    "model_init_seed": 42,
    "data_split_seed": 126,
    "dataset_size": "100% (full dataset)"
  },
  "training_info": {
    "total_epochs": 20,
    "best_epoch": 20,
    "early_stopped": false,
    "total_time_minutes": 3.3577293395996093
  },
  "validation_metrics": {
    "best_val_macro_f1": 0.2784346375359573,
    "best_val_accuracy": 32.056451612903224,
    "best_val_macro_precision": 0.3126397807264615,
    "best_val_macro_recall": 0.3199268584347146,
    "best_val_loss": 2.027398020990433,
    "final_val_macro_f1": 0.2784346375359573,
    "final_val_accuracy": 32.056451612903224,
    "final_val_loss": 2.027398020990433,
    "per_class_metrics": {
      "f1": {
        "conservative": 0.3285302593659943,
        "dressy": 0.5972602739726026,
        "ethnic": 0.15789473684210523,
        "fairy": 0.49299719887955173,
        "feminine": 0.14814814814814817,
        "gal": 0.11956521739130435,
        "girlish": 0.031413612565445025,
        "kireime-casual": 0.28095238095238095,
        "lolita": 0.43697478991596633,
        "mode": 0.19230769230769232,
        "natural": 0.2272727272727273,
        "retro": 0.13714285714285715,
        "rock": 0.2864721485411141,
        "street": 0.46115288220551376
      },
      "precision": {
        "conservative": 0.27403846153846156,
        "dressy": 0.47186147186147187,
        "ethnic": 0.5217391304347826,
        "fairy": 0.411214953271028,
        "feminine": 0.17204301075268819,
        "gal": 0.2682926829268293,
        "girlish": 0.12,
        "kireime-casual": 0.22519083969465647,
        "lolita": 0.3939393939393939,
        "mode": 0.40816326530612246,
        "natural": 0.27472527472527475,
        "retro": 0.25,
        "rock": 0.21176470588235294,
        "street": 0.37398373983739835
      },
      "recall": {
        "conservative": 0.41007194244604317,
        "dressy": 0.8134328358208955,
        "ethnic": 0.09302325581395349,
        "fairy": 0.6153846153846154,
        "feminine": 0.13008130081300814,
        "gal": 0.07692307692307693,
        "girlish": 0.018072289156626505,
        "kireime-casual": 0.37341772151898733,
        "lolita": 0.49056603773584906,
        "mode": 0.12578616352201258,
        "natural": 0.1937984496124031,
        "retro": 0.09448818897637795,
        "rock": 0.4426229508196721,
        "street": 0.6013071895424836
      },
      "accuracy": {
        "conservative": 0.41007194244604317,
        "dressy": 0.8134328358208955,
        "ethnic": 0.09302325581395349,
        "fairy": 0.6153846153846154,
        "feminine": 0.13008130081300814,
        "gal": 0.07692307692307693,
        "girlish": 0.018072289156626505,
        "kireime-casual": 0.37341772151898733,
        "lolita": 0.49056603773584906,
        "mode": 0.12578616352201258,
        "natural": 0.1937984496124031,
        "retro": 0.09448818897637795,
        "rock": 0.4426229508196721,
        "street": 0.6013071895424836
      }
    }
  },
  "test_metrics": {
    "test_macro_f1": 0.26440838254340854,
    "test_accuracy": 31.03274559193955,
    "test_macro_precision": 0.2885957227855515,
    "test_macro_recall": 0.3085296685303295,
    "test_loss": 2.0384111820705355,
    "per_class_metrics": {
      "f1": {
        "conservative": 0.2840579710144928,
        "dressy": 0.6609195402298851,
        "ethnic": 0.11920529801324503,
        "fairy": 0.4368421052631579,
        "feminine": 0.14218009478672985,
        "gal": 0.126984126984127,
        "girlish": 0.043243243243243246,
        "kireime-casual": 0.2831050228310502,
        "lolita": 0.4507042253521127,
        "mode": 0.16513761467889906,
        "natural": 0.14953271028037382,
        "retro": 0.06857142857142857,
        "rock": 0.30769230769230776,
        "street": 0.4635416666666667
      },
      "precision": {
        "conservative": 0.23786407766990292,
        "dressy": 0.539906103286385,
        "ethnic": 0.4090909090909091,
        "fairy": 0.3516949152542373,
        "feminine": 0.16853932584269662,
        "gal": 0.2608695652173913,
        "girlish": 0.21052631578947367,
        "kireime-casual": 0.22142857142857142,
        "lolita": 0.41025641025641024,
        "mode": 0.3050847457627119,
        "natural": 0.18823529411764706,
        "retro": 0.125,
        "rock": 0.2265625,
        "street": 0.3852813852813853
      },
      "recall": {
        "conservative": 0.35251798561151076,
        "dressy": 0.8518518518518519,
        "ethnic": 0.06976744186046512,
        "fairy": 0.5763888888888888,
        "feminine": 0.12295081967213115,
        "gal": 0.08391608391608392,
        "girlish": 0.024096385542168676,
        "kireime-casual": 0.3924050632911392,
        "lolita": 0.5,
        "mode": 0.11320754716981132,
        "natural": 0.12403100775193798,
        "retro": 0.047244094488188976,
        "rock": 0.4793388429752066,
        "street": 0.5816993464052288
      },
      "accuracy": {
        "conservative": 0.35251798561151076,
        "dressy": 0.8518518518518519,
        "ethnic": 0.06976744186046512,
        "fairy": 0.5763888888888888,
        "feminine": 0.12295081967213115,
        "gal": 0.08391608391608392,
        "girlish": 0.024096385542168676,
        "kireime-casual": 0.3924050632911392,
        "lolita": 0.5,
        "mode": 0.11320754716981132,
        "natural": 0.12403100775193798,
        "retro": 0.047244094488188976,
        "rock": 0.4793388429752066,
        "street": 0.5816993464052288
      }
    }
  },
  "overfitting_analysis": {
    "overfitting_detected": false,
    "best_val_loss": 2.027398020990433,
    "val_loss_after_best": 2.027398020990433,
    "increase_percentage": 0.0,
    "train_val_gap": 0.1287870148795598
  },
  "training_curves": {
    "train_losses": [
      2.6377227298144637,
      2.628318591775565,
      2.605561794083694,
      2.5620456794212605,
      2.5020518705762664,
      2.441291065051638,
      2.381332410615066,
      2.3390801906585694,
      2.3027728384938735,
      2.284259259700775,
      2.255137196080438,
      2.236691660716616,
      2.221147760029497,
      2.2033234559256454,
      2.202636950591515,
      2.188683213858769,
      2.1772154631285834,
      2.1676199530733045,
      2.161292239715313,
      2.156185035869993
    ],
    "val_losses": [
      2.6272899066248248,
      2.6051006201774842,
      2.5647973898918397,
      2.4903003784918014,
      2.4052269189588484,
      2.322037039264556,
      2.268344686877343,
      2.2211826905127494,
      2.176139235496521,
      2.1482188355538154,
      2.1288442996240433,
      2.1100944376760915,
      2.0980053390226057,
      2.0779866191648666,
      2.0681968004472795,
      2.058888708391497,
      2.048525764096168,
      2.0436733192013157,
      2.0391005758316285,
      2.027398020990433
    ],
    "train_accs": [
      7.504589137242198,
      9.113486664507073,
      11.823777129899579,
      14.98758233452111,
      17.373933700464313,
      19.069214987582335,
      19.99784040600367,
      21.03444552424144,
      21.822697332901413,
      22.384191771946874,
      23.269625310441636,
      23.388402980239714,
      23.863513659432027,
      25.148472087247598,
      23.72314004967066,
      24.867724867724867,
      26.09869344563222,
      25.80714825612785,
      25.83954216607278,
      25.871936076017708
    ],