{
  "experiment_id": "seed_217",
  "seed_value": 217,
  "seed_index": 17,
  "timestamp": "2025-11-18T05:05:01.095382",
  "model_type": "text_only",
  "configuration": {
    "learning_rate": 5e-05,
    "batch_size": 32,
    "early_stopping_patience": 5,
    "dropout": 0.5,
    "weight_decay": 0.0001,
    "max_epochs": 20,
    "model_init_seed": 42,
    "data_split_seed": 217,
    "dataset_size": "100% (full dataset)"
  },
  "training_info": {
    "total_epochs": 20,
    "best_epoch": 20,
    "early_stopped": false,
    "total_time_minutes": 3.3679309209187824
  },
  "validation_metrics": {
    "best_val_macro_f1": 0.27100165203509,
    "best_val_accuracy": 31.401209677419356,
    "best_val_macro_precision": 0.2771153798760632,
    "best_val_macro_recall": 0.3116245018774516,
    "best_val_loss": 2.0063198112672374,
    "final_val_macro_f1": 0.27100165203509,
    "final_val_accuracy": 31.401209677419356,
    "final_val_loss": 2.0063198112672374,
    "per_class_metrics": {
      "f1": {
        "conservative": 0.29708222811671087,
        "dressy": 0.6170212765957447,
        "ethnic": 0.15294117647058822,
        "fairy": 0.4587155963302752,
        "feminine": 0.14218009478672988,
        "gal": 0.05813953488372093,
        "girlish": 0.030769230769230767,
        "kireime-casual": 0.2978723404255319,
        "lolita": 0.5,
        "mode": 0.18257261410788383,
        "natural": 0.23684210526315788,
        "retro": 0.11398963730569948,
        "rock": 0.2593856655290102,
        "street": 0.4465116279069767
      },
      "precision": {
        "conservative": 0.23529411764705882,
        "dressy": 0.4793388429752066,
        "ethnic": 0.3170731707317073,
        "fairy": 0.4076086956521739,
        "feminine": 0.17045454545454544,
        "gal": 0.1724137931034483,
        "girlish": 0.10344827586206896,
        "kireime-casual": 0.23773584905660378,
        "lolita": 0.4797687861271676,
        "mode": 0.2682926829268293,
        "natural": 0.2727272727272727,
        "retro": 0.16666666666666666,
        "rock": 0.2222222222222222,
        "street": 0.34657039711191334
      },
      "recall": {
        "conservative": 0.4028776978417266,
        "dressy": 0.8656716417910447,
        "ethnic": 0.10077519379844961,
        "fairy": 0.5244755244755245,
        "feminine": 0.12195121951219512,
        "gal": 0.03496503496503497,
        "girlish": 0.018072289156626505,
        "kireime-casual": 0.3987341772151899,
        "lolita": 0.5220125786163522,
        "mode": 0.13836477987421383,
        "natural": 0.20930232558139536,
        "retro": 0.08661417322834646,
        "rock": 0.3114754098360656,
        "street": 0.6274509803921569
      },
      "accuracy": {
        "conservative": 0.4028776978417266,
        "dressy": 0.8656716417910447,
        "ethnic": 0.10077519379844961,
        "fairy": 0.5244755244755245,
        "feminine": 0.12195121951219512,
        "gal": 0.03496503496503497,
        "girlish": 0.018072289156626505,
        "kireime-casual": 0.3987341772151899,
        "lolita": 0.5220125786163522,
        "mode": 0.13836477987421383,
        "natural": 0.20930232558139536,
        "retro": 0.08661417322834646,
        "rock": 0.3114754098360656,
        "street": 0.6274509803921569
      }
    }
  },
  "test_metrics": {
    "test_macro_f1": 0.2749572127515106,
    "test_accuracy": 31.98992443324937,
    "test_macro_precision": 0.2934483584535007,
    "test_macro_recall": 0.3165083175680707,
    "test_loss": 2.0080942161499507,
    "per_class_metrics": {
      "f1": {
        "conservative": 0.27906976744186046,
        "dressy": 0.6741573033707865,
        "ethnic": 0.15853658536585366,
        "fairy": 0.508670520231214,
        "feminine": 0.13402061855670103,
        "gal": 0.06818181818181819,
        "girlish": 0.06282722513089005,
        "kireime-casual": 0.2986425339366516,
        "lolita": 0.4750733137829913,
        "mode": 0.1724137931034483,
        "natural": 0.19626168224299068,
        "retro": 0.11518324607329843,
        "rock": 0.2787456445993031,
        "street": 0.42761692650334077
      },
      "precision": {
        "conservative": 0.21774193548387097,
        "dressy": 0.5429864253393665,
        "ethnic": 0.37142857142857144,
        "fairy": 0.43564356435643564,
        "feminine": 0.18055555555555555,
        "gal": 0.18181818181818182,
        "girlish": 0.24,
        "kireime-casual": 0.2323943661971831,
        "lolita": 0.44751381215469616,
        "mode": 0.273972602739726,
        "natural": 0.24705882352941178,
        "retro": 0.171875,
        "rock": 0.24096385542168675,
        "street": 0.32432432432432434
      },
      "recall": {
        "conservative": 0.38848920863309355,
        "dressy": 0.8888888888888888,
        "ethnic": 0.10077519379844961,
        "fairy": 0.6111111111111112,
        "feminine": 0.10655737704918032,
        "gal": 0.04195804195804196,
        "girlish": 0.03614457831325301,
        "kireime-casual": 0.4177215189873418,
        "lolita": 0.50625,
        "mode": 0.12578616352201258,
        "natural": 0.16279069767441862,
        "retro": 0.08661417322834646,
        "rock": 0.3305785123966942,
        "street": 0.6274509803921569
      },
      "accuracy": {
        "conservative": 0.38848920863309355,
        "dressy": 0.8888888888888888,
        "ethnic": 0.10077519379844961,
        "fairy": 0.6111111111111112,
        "feminine": 0.10655737704918032,
        "gal": 0.04195804195804196,
        "girlish": 0.03614457831325301,
        "kireime-casual": 0.4177215189873418,
        "lolita": 0.50625,
        "mode": 0.12578616352201258,
        "natural": 0.16279069767441862,
        "retro": 0.08661417322834646,
        "rock": 0.3305785123966942,
        "street": 0.6274509803921569
      }
    }
  },
  "overfitting_analysis": {
    "overfitting_detected": false,
    "best_val_loss": 2.0063198112672374,
    "val_loss_after_best": 2.0063198112672374,
    "increase_percentage": 0.0,
    "train_val_gap": 0.14494995881240813
  },
  "training_curves": {
    "train_losses": [
      2.640356212648852,
      2.628823862404659,
      2.6083091735839843,
      2.5675452183032856,
      2.5109778585105107,
      2.4513727829374115,
      2.3950894405101906,
      2.3517897573010673,
      2.3101690617100945,
      2.2942236513927066,
      2.2566709423887317,
      2.2517069824810685,
      2.2342677141058034,
      2.220413492054775,
      2.2030154766707586,
      2.1966128176656263,
      2.175647470868867,
      2.1750863552093507,
      2.164780949313065,
      2.1512697700796455
    ],
    "val_losses": [
      2.6282040995936238,
      2.609196182220213,
      2.565941560652948,
      2.4966435009433376,
      2.4099470838423698,
      2.328095474550801,
      2.26585611028056,
      2.2170171603079765,
      2.1705219188044147,
      2.14662976226499,
      2.118508561964958,
      2.10291794038588,
      2.085594077264109,
      2.065123333084968,
      2.0568030495797434,
      2.0479567685434894,
      2.031267923693503,
      2.0391175823826946,
      2.0159811069888454,
      2.0063198112672374
    ],
    "train_accs": [
      7.396609437425764,
      8.85433538494763,
      12.244897959183673,
      15.36551128387863,
      17.1471763308498,
      18.23777129899579,
      19.14480077745384,
      20.418961235287767,
      21.703919663103335,
      22.06025267249757,
      23.086059820753697,
      22.93488824101069,
      23.31281719036821,
      23.99308929921175,
      24.61937155814707,
      24.705755318000215,
      25.191663967174172,
      25.83954216607278,
      25.958319835870856,
      26.109491415613864
    ],