{
  "experiment_id": "seed_378",
  "seed_value": 378,
  "seed_index": 28,
  "timestamp": "2025-11-18T05:42:51.220642",
  "model_type": "text_only",
  "configuration": {
    "learning_rate": 5e-05,
    "batch_size": 32,
    "early_stopping_patience": 5,
    "dropout": 0.5,
    "weight_decay": 0.0001,
    "max_epochs": 20,
    "model_init_seed": 42,
    "data_split_seed": 378,
    "dataset_size": "100% (full dataset)"
  },
  "training_info": {
    "total_epochs": 20,
    "best_epoch": 19,
    "early_stopped": false,
    "total_time_minutes": 3.3694601972897846
  },
  "validation_metrics": {
    "best_val_macro_f1": 0.2630754625179544,
    "best_val_accuracy": 30.64516129032258,
    "best_val_macro_precision": 0.2754434616617597,
    "best_val_macro_recall": 0.30701554830189154,
    "best_val_loss": 2.0313446579440946,
    "final_val_macro_f1": 0.26030285652183277,
    "final_val_accuracy": 30.443548387096776,
    "final_val_loss": 2.0313446579440946,
    "per_class_metrics": {
      "f1": {
        "conservative": 0.2901554404145078,
        "dressy": 0.619718309859155,
        "ethnic": 0.015037593984962405,
        "fairy": 0.5402298850574713,
        "feminine": 0.1574074074074074,
        "gal": 0.04819277108433735,
        "girlish": 0.031914893617021274,
        "kireime-casual": 0.24413145539906103,
        "lolita": 0.46956521739130436,
        "mode": 0.18705035971223022,
        "natural": 0.2085308056872038,
        "retro": 0.1568627450980392,
        "rock": 0.32041343669250644,
        "street": 0.39384615384615385
      },
      "precision": {
        "conservative": 0.22672064777327935,
        "dressy": 0.497737556561086,
        "ethnic": 0.25,
        "fairy": 0.4585365853658537,
        "feminine": 0.1827956989247312,
        "gal": 0.17391304347826086,
        "girlish": 0.13636363636363635,
        "kireime-casual": 0.19402985074626866,
        "lolita": 0.43548387096774194,
        "mode": 0.2184873949579832,
        "natural": 0.2682926829268293,
        "retro": 0.2077922077922078,
        "rock": 0.2339622641509434,
        "street": 0.37209302325581395
      },
      "recall": {
        "conservative": 0.4028776978417266,
        "dressy": 0.8208955223880597,
        "ethnic": 0.007751937984496124,
        "fairy": 0.6573426573426573,
        "feminine": 0.13821138211382114,
        "gal": 0.027972027972027972,
        "girlish": 0.018072289156626505,
        "kireime-casual": 0.3291139240506329,
        "lolita": 0.5094339622641509,
        "mode": 0.16352201257861634,
        "natural": 0.17054263565891473,
        "retro": 0.12598425196850394,
        "rock": 0.5081967213114754,
        "street": 0.41830065359477125
      },
      "accuracy": {
        "conservative": 0.4028776978417266,
        "dressy": 0.8208955223880597,
        "ethnic": 0.007751937984496124,
        "fairy": 0.6573426573426573,
        "feminine": 0.13821138211382114,
        "gal": 0.027972027972027972,
        "girlish": 0.018072289156626505,
        "kireime-casual": 0.3291139240506329,
        "lolita": 0.5094339622641509,
        "mode": 0.16352201257861634,
        "natural": 0.17054263565891473,
        "retro": 0.12598425196850394,
        "rock": 0.5081967213114754,
        "street": 0.41830065359477125
      }
    }
  },
  "test_metrics": {
    "test_macro_f1": 0.26443338340814043,
    "test_accuracy": 30.83123425692695,
    "test_macro_precision": 0.267511099859067,
    "test_macro_recall": 0.30709751380912464,
    "test_loss": 2.0235469965707686,
    "per_class_metrics": {
      "f1": {
        "conservative": 0.2708333333333333,
        "dressy": 0.6338797814207651,
        "ethnic": 0.0,
        "fairy": 0.5029585798816568,
        "feminine": 0.16964285714285715,
        "gal": 0.06134969325153375,
        "girlish": 0.043010752688172046,
        "kireime-casual": 0.2660753880266076,
        "lolita": 0.5015290519877675,
        "mode": 0.2074074074074074,
        "natural": 0.13636363636363635,
        "retro": 0.1382488479262673,
        "rock": 0.31216931216931215,
        "street": 0.4585987261146497
      },
      "precision": {
        "conservative": 0.21224489795918366,
        "dressy": 0.5021645021645021,
        "ethnic": 0.0,
        "fairy": 0.4381443298969072,
        "feminine": 0.18627450980392157,
        "gal": 0.25,
        "girlish": 0.2,
        "kireime-casual": 0.20477815699658702,
        "lolita": 0.49101796407185627,
        "mode": 0.25225225225225223,
        "natural": 0.16483516483516483,
        "retro": 0.16666666666666666,
        "rock": 0.22957198443579765,
        "street": 0.4472049689440994
      },
      "recall": {
        "conservative": 0.37410071942446044,
        "dressy": 0.8592592592592593,
        "ethnic": 0.0,
        "fairy": 0.5902777777777778,
        "feminine": 0.1557377049180328,
        "gal": 0.03496503496503497,
        "girlish": 0.024096385542168676,
        "kireime-casual": 0.379746835443038,
        "lolita": 0.5125,
        "mode": 0.1761006289308176,
        "natural": 0.11627906976744186,
        "retro": 0.11811023622047244,
        "rock": 0.48760330578512395,
        "street": 0.47058823529411764
      },
      "accuracy": {
        "conservative": 0.37410071942446044,
        "dressy": 0.8592592592592593,
        "ethnic": 0.0,
        "fairy": 0.5902777777777778,
        "feminine": 0.1557377049180328,
        "gal": 0.03496503496503497,
        "girlish": 0.024096385542168676,
        "kireime-casual": 0.379746835443038,
        "lolita": 0.5125,
        "mode": 0.1761006289308176,
        "natural": 0.11627906976744186,
        "retro": 0.11811023622047244,
        "rock": 0.48760330578512395,
        "street": 0.47058823529411764
      }
    }
  },
  "overfitting_analysis": {
    "overfitting_detected": false,
    "best_val_loss": 2.0313446579440946,
    "val_loss_after_best": 2.0313446579440946,
    "increase_percentage": 0.0,
    "train_val_gap": 0.12888631367179526
  },
  "training_curves": {
    "train_losses": [
      2.639692319672683,
      2.6246707883374443,
      2.601438117849416,
      2.5596655738764795,
      2.498893113793998,
      2.436911050204573,
      2.385616738220741,
      2.333337740240426,
      2.3034258805472274,
      2.2735412967616115,
      2.2435930679584373,
      2.2386257327836137,
      2.2125045126882092,
      2.2038298890508456,
      2.1899563518063774,
      2.180068488778739,
      2.161594877160829,
      2.1619914581035746,
      2.16023097161589,
      2.146492895586737
    ],
    "val_losses": [
      2.628138111483666,
      2.6039850327276413,
      2.557949939081746,
      2.487479640591529,
      2.3983604100442704,
      2.3270175264727686,
      2.261882920419016,
      2.2148258493792627,
      2.1777211946825825,
      2.158667033718478,
      2.1289734436619665,
      2.109355607340413,
      2.101494781432613,
      2.0820531979683907,
      2.070449338805291,
      2.0774052104642315,
      2.0534743724330777,
      2.055189871018933,
      2.0349823640238855,
      2.0313446579440946
    ],
    "train_accs": [
      7.482993197278912,
      9.966526293056905,
      12.57963502861462,
      14.663643235071806,
      17.384731670445955,
      18.52931648850016,
      20.33257747543462,
      20.958859734369938,
      22.135838462369076,
      22.513767411726594,
      22.664938991469604,
      23.669150199762445,
      24.576179678220495,
      24.662563438073644,
      25.018896447467878,
      24.770543137890076,
      25.81794622610949,
      26.509016304934672,
      26.044703595724005,
      27.048914804016846
    ],