{
  "experiment_id": "seed_58",
  "seed_value": 58,
  "seed_index": 8,
  "timestamp": "2025-11-18T04:23:50.904724",
  "model_type": "text_only",
  "configuration": {
    "learning_rate": 5e-05,
    "batch_size": 32,
    "early_stopping_patience": 5,
    "dropout": 0.5,
    "weight_decay": 0.0001,
    "max_epochs": 20,
    "model_init_seed": 42,
    "data_split_seed": 58,
    "dataset_size": "100% (full dataset)"
  },
  "training_info": {
    "total_epochs": 20,
    "best_epoch": 17,
    "early_stopped": false,
    "total_time_minutes": 3.3892499446868896
  },
  "validation_metrics": {
    "best_val_macro_f1": 0.2674790078398906,
    "best_val_accuracy": 31.199596774193548,
    "best_val_macro_precision": 0.2757780751947675,
    "best_val_macro_recall": 0.31050013461827153,
    "best_val_loss": 2.0296421589389926,
    "final_val_macro_f1": 0.2656532393799393,
    "final_val_accuracy": 31.149193548387096,
    "final_val_loss": 2.0296421589389926,
    "per_class_metrics": {
      "f1": {
        "conservative": 0.29722921914357686,
        "dressy": 0.6225895316804407,
        "ethnic": 0.11695906432748539,
        "fairy": 0.48,
        "feminine": 0.2293577981651376,
        "gal": 0.09523809523809525,
        "girlish": 0.022099447513812154,
        "kireime-casual": 0.29032258064516125,
        "lolita": 0.43059490084985835,
        "mode": 0.20883534136546184,
        "natural": 0.10526315789473685,
        "retro": 0.10869565217391305,
        "rock": 0.2919254658385093,
        "street": 0.4455958549222798
      },
      "precision": {
        "conservative": 0.22868217054263565,
        "dressy": 0.49344978165938863,
        "ethnic": 0.23809523809523808,
        "fairy": 0.4057971014492754,
        "feminine": 0.2631578947368421,
        "gal": 0.1956521739130435,
        "girlish": 0.13333333333333333,
        "kireime-casual": 0.22826086956521738,
        "lolita": 0.3917525773195876,
        "mode": 0.28888888888888886,
        "natural": 0.21428571428571427,
        "retro": 0.17543859649122806,
        "rock": 0.235,
        "street": 0.36909871244635195
      },
      "recall": {
        "conservative": 0.4244604316546763,
        "dressy": 0.8432835820895522,
        "ethnic": 0.07751937984496124,
        "fairy": 0.5874125874125874,
        "feminine": 0.2032520325203252,
        "gal": 0.06293706293706294,
        "girlish": 0.012048192771084338,
        "kireime-casual": 0.3987341772151899,
        "lolita": 0.4779874213836478,
        "mode": 0.16352201257861634,
        "natural": 0.06976744186046512,
        "retro": 0.07874015748031496,
        "rock": 0.38524590163934425,
        "street": 0.5620915032679739
      },
      "accuracy": {
        "conservative": 0.4244604316546763,
        "dressy": 0.8432835820895522,
        "ethnic": 0.07751937984496124,
        "fairy": 0.5874125874125874,
        "feminine": 0.2032520325203252,
        "gal": 0.06293706293706294,
        "girlish": 0.012048192771084338,
        "kireime-casual": 0.3987341772151899,
        "lolita": 0.4779874213836478,
        "mode": 0.16352201257861634,
        "natural": 0.06976744186046512,
        "retro": 0.07874015748031496,
        "rock": 0.38524590163934425,
        "street": 0.5620915032679739
      }
    }
  },
  "test_metrics": {
    "test_macro_f1": 0.2743891497697123,
    "test_accuracy": 32.04030226700252,
    "test_macro_precision": 0.3031387665395481,
    "test_macro_recall": 0.31706875075706364,
    "test_loss": 2.0352027737905107,
    "per_class_metrics": {
      "f1": {
        "conservative": 0.3004926108374384,
        "dressy": 0.6162162162162163,
        "ethnic": 0.15294117647058822,
        "fairy": 0.4894259818731118,
        "feminine": 0.13445378151260506,
        "gal": 0.09142857142857143,
        "girlish": 0.0546448087431694,
        "kireime-casual": 0.30155210643015523,
        "lolita": 0.4972067039106145,
        "mode": 0.15859030837004406,
        "natural": 0.1894736842105263,
        "retro": 0.11042944785276074,
        "rock": 0.2913907284768212,
        "street": 0.4532019704433497
      },
      "precision": {
        "conservative": 0.22846441947565543,
        "dressy": 0.4851063829787234,
        "ethnic": 0.3170731707317073,
        "fairy": 0.43315508021390375,
        "feminine": 0.13793103448275862,
        "gal": 0.25,
        "girlish": 0.29411764705882354,
        "kireime-casual": 0.23208191126279865,
        "lolita": 0.4494949494949495,
        "mode": 0.2647058823529412,
        "natural": 0.29508196721311475,
        "retro": 0.25,
        "rock": 0.2430939226519337,
        "street": 0.36363636363636365
      },
      "recall": {
        "conservative": 0.43884892086330934,
        "dressy": 0.8444444444444444,
        "ethnic": 0.10077519379844961,
        "fairy": 0.5625,
        "feminine": 0.13114754098360656,
        "gal": 0.055944055944055944,
        "girlish": 0.030120481927710843,
        "kireime-casual": 0.43037974683544306,
        "lolita": 0.55625,
        "mode": 0.11320754716981132,
        "natural": 0.13953488372093023,
        "retro": 0.07086614173228346,
        "rock": 0.36363636363636365,
        "street": 0.6013071895424836
      },
      "accuracy": {
        "conservative": 0.43884892086330934,
        "dressy": 0.8444444444444444,
        "ethnic": 0.10077519379844961,
        "fairy": 0.5625,
        "feminine": 0.13114754098360656,
        "gal": 0.055944055944055944,
        "girlish": 0.030120481927710843,
        "kireime-casual": 0.43037974683544306,
        "lolita": 0.55625,
        "mode": 0.11320754716981132,
        "natural": 0.13953488372093023,
        "retro": 0.07086614173228346,
        "rock": 0.36363636363636365,
        "street": 0.6013071895424836
      }
    }
  },
  "overfitting_analysis": {
    "overfitting_detected": false,
    "best_val_loss": 2.0296421589389926,
    "val_loss_after_best": 2.040511002463679,
    "increase_percentage": 0.5355054080256282,
    "train_val_gap": 0.14432918369040726
  },
  "training_curves": {
    "train_losses": [
      2.639406103923403,
      2.627784173241977,
      2.6058546855531888,
      2.5654774805595135,
      2.5130084629716545,
      2.44766295696127,
      2.3895386605427182,
      2.339690791738444,
      2.309222974859435,
      2.279829096383062,
      2.2581356184235934,
      2.2372191462023503,
      2.232054963605157,
      2.215535401886907,
      2.1970660012343832,
      2.1948038816452025,
      2.1739713426294,
      2.1628643007114015,
      2.1564529603925244,
      2.149498932937096
    ],
    "val_losses": [
      2.6273261539397703,
      2.6061828636354014,
      2.5643619337389545,
      2.4959347786441928,
      2.4137552092152257,
      2.333175359233733,
      2.272491024386498,
      2.220172268729056,
      2.1951509387262407,
      2.1576559197518135,
      2.1334367509811156,
      2.1137486465515627,
      2.1011610454128635,
      2.083528933986541,
      2.083349847024487,
      2.074412961159983,
      2.0476561227152423,
      2.040511002463679,
      2.0445356772791956,
      2.0296421589389926
    ],
    "train_accs": [
      7.137458157866321,
      9.26465824425008,
      12.752402548320916,
      15.106360004319187,
      17.093186480941583,
      19.02602310765576,
      19.814274916315732,
      21.077637404168016,
      21.703919663103335,
      22.297808012093725,
      23.52877659000108,
      24.371018248569268,
      24.425008098477488,
      24.392614188532555,
      25.12687614728431,
      24.651765468091998,
      26.023107655760718,
      26.41183457509988,
      26.109491415613864,
      26.897743224273835
    ],