{
  "experiment_id": "seed_367",
  "seed_value": 367,
  "seed_index": 27,
  "timestamp": "2025-11-18T05:39:24.780060",
  "model_type": "text_only",
  "configuration": {
    "learning_rate": 5e-05,
    "batch_size": 32,
    "early_stopping_patience": 5,
    "dropout": 0.5,
    "weight_decay": 0.0001,
    "max_epochs": 20,
    "model_init_seed": 42,
    "data_split_seed": 367,
    "dataset_size": "100% (full dataset)"
  },
  "training_info": {
    "total_epochs": 20,
    "best_epoch": 20,
    "early_stopped": false,
    "total_time_minutes": 3.3676496823628743
  },
  "validation_metrics": {
    "best_val_macro_f1": 0.2820031618380917,
    "best_val_accuracy": 32.056451612903224,
    "best_val_macro_precision": 0.2942044020721458,
    "best_val_macro_recall": 0.31972610946507146,
    "best_val_loss": 2.026627154119553,
    "final_val_macro_f1": 0.2820031618380917,
    "final_val_accuracy": 32.056451612903224,
    "final_val_loss": 2.026627154119553,
    "per_class_metrics": {
      "f1": {
        "conservative": 0.3065326633165829,
        "dressy": 0.6572237960339942,
        "ethnic": 0.08805031446540881,
        "fairy": 0.48024316109422494,
        "feminine": 0.12962962962962965,
        "gal": 0.09782608695652174,
        "girlish": 0.07035175879396983,
        "kireime-casual": 0.2698072805139186,
        "lolita": 0.5192307692307693,
        "mode": 0.24444444444444446,
        "natural": 0.15454545454545457,
        "retro": 0.111731843575419,
        "rock": 0.3753501400560224,
        "street": 0.4430769230769231
      },
      "precision": {
        "conservative": 0.23552123552123552,
        "dressy": 0.5296803652968036,
        "ethnic": 0.23333333333333334,
        "fairy": 0.42473118279569894,
        "feminine": 0.15053763440860216,
        "gal": 0.21951219512195122,
        "girlish": 0.21212121212121213,
        "kireime-casual": 0.20388349514563106,
        "lolita": 0.5294117647058824,
        "mode": 0.2972972972972973,
        "natural": 0.18681318681318682,
        "retro": 0.19230769230769232,
        "rock": 0.2851063829787234,
        "street": 0.4186046511627907
      },
      "recall": {
        "conservative": 0.43884892086330934,
        "dressy": 0.8656716417910447,
        "ethnic": 0.05426356589147287,
        "fairy": 0.5524475524475524,
        "feminine": 0.11382113821138211,
        "gal": 0.06293706293706294,
        "girlish": 0.04216867469879518,
        "kireime-casual": 0.3987341772151899,
        "lolita": 0.5094339622641509,
        "mode": 0.20754716981132076,
        "natural": 0.13178294573643412,
        "retro": 0.07874015748031496,
        "rock": 0.5491803278688525,
        "street": 0.47058823529411764
      },
      "accuracy": {
        "conservative": 0.43884892086330934,
        "dressy": 0.8656716417910447,
        "ethnic": 0.05426356589147287,
        "fairy": 0.5524475524475524,
        "feminine": 0.11382113821138211,
        "gal": 0.06293706293706294,
        "girlish": 0.04216867469879518,
        "kireime-casual": 0.3987341772151899,
        "lolita": 0.5094339622641509,
        "mode": 0.20754716981132076,
        "natural": 0.13178294573643412,
        "retro": 0.07874015748031496,
        "rock": 0.5491803278688525,
        "street": 0.47058823529411764
      }
    }
  },
  "test_metrics": {
    "test_macro_f1": 0.2924189659379998,
    "test_accuracy": 32.6448362720403,
    "test_macro_precision": 0.3091381462935518,
    "test_macro_recall": 0.3256533059715663,
    "test_loss": 2.006743966587006,
    "per_class_metrics": {
      "f1": {
        "conservative": 0.3007518796992481,
        "dressy": 0.6361031518624641,
        "ethnic": 0.20359281437125748,
        "fairy": 0.5677419354838711,
        "feminine": 0.13100436681222705,
        "gal": 0.0903954802259887,
        "girlish": 0.0303030303030303,
        "kireime-casual": 0.271047227926078,
        "lolita": 0.5219941348973607,
        "mode": 0.2145593869731801,
        "natural": 0.2009132420091324,
        "retro": 0.13259668508287292,
        "rock": 0.3701492537313433,
        "street": 0.4227129337539432
      },
      "precision": {
        "conservative": 0.23076923076923078,
        "dressy": 0.5186915887850467,
        "ethnic": 0.4473684210526316,
        "fairy": 0.5301204819277109,
        "feminine": 0.14018691588785046,
        "gal": 0.23529411764705882,
        "girlish": 0.09375,
        "kireime-casual": 0.2006079027355623,
        "lolita": 0.49171270718232046,
        "mode": 0.27450980392156865,
        "natural": 0.24444444444444444,
        "retro": 0.2222222222222222,
        "rock": 0.2897196261682243,
        "street": 0.40853658536585363
      },
      "recall": {
        "conservative": 0.4316546762589928,
        "dressy": 0.8222222222222222,
        "ethnic": 0.13178294573643412,
        "fairy": 0.6111111111111112,
        "feminine": 0.12295081967213115,
        "gal": 0.055944055944055944,
        "girlish": 0.018072289156626505,
        "kireime-casual": 0.4177215189873418,
        "lolita": 0.55625,
        "mode": 0.1761006289308176,
        "natural": 0.17054263565891473,
        "retro": 0.09448818897637795,
        "rock": 0.512396694214876,
        "street": 0.43790849673202614
      },
      "accuracy": {
        "conservative": 0.4316546762589928,
        "dressy": 0.8222222222222222,
        "ethnic": 0.13178294573643412,
        "fairy": 0.6111111111111112,
        "feminine": 0.12295081967213115,
        "gal": 0.055944055944055944,
        "girlish": 0.018072289156626505,
        "kireime-casual": 0.4177215189873418,
        "lolita": 0.55625,
        "mode": 0.1761006289308176,
        "natural": 0.17054263565891473,
        "retro": 0.09448818897637795,
        "rock": 0.512396694214876,
        "street": 0.43790849673202614
      }
    }
  },
  "overfitting_analysis": {
    "overfitting_detected": false,
    "best_val_loss": 2.026627154119553,
    "val_loss_after_best": 2.026627154119553,
    "increase_percentage": 0.0,
    "train_val_gap": 0.12238592902598322
  },
  "training_curves": {
    "train_losses": [
      2.638661763585847,
      2.6252125304320764,
      2.600667564622287,
      2.558827758657521,
      2.4886843089399666,
      2.4280235578273905,
      2.373907025107022,
      2.3340285042236593,
      2.29832566771014,
      2.2744807255679165,
      2.2507898778750977,
      2.2273774389562937,
      2.2134448598171104,
      2.2096784061398997,
      2.2020507890602636,
      2.1846303906934015,
      2.1755107197268257,
      2.153413641863856,
      2.151806623771273,
      2.1490130831455363
    ],
    "val_losses": [
      2.626824732749693,
      2.6047653921188845,
      2.5569300497731855,
      2.4831981928117814,
      2.39860305863042,
      2.3219624719312115,
      2.2584472202485606,
      2.218125420231973,
      2.1800939171544966,
      2.152182977045736,
      2.138003001289983,
      2.117766255332578,
      2.0952584128226004,
      2.0893339533959665,
      2.0811455403604815,
      2.064060561118587,
      2.0565960138074812,
      2.0438736427214836,
      2.0338718487370397,
      2.026627154119553
    ],
    "train_accs": [
      7.450599287333981,
      9.988122233020192,
      12.093726379440666,
      15.225137674117265,
      18.011013929381278,
      18.51851851851852,
      20.764496274700356,
      20.645718604902278,
      21.639131843213477,
      22.02785876255264,
      23.03206997084548,
      23.474786740092863,
      24.34942230860598,
      23.971493359248463,
      24.792139077853363,
      24.954108627578016,
      25.364431486880466,
      26.24986502537523,
      25.666774646366484,
      25.81794622610949
    ],