{
  "experiment_id": "seed_102",
  "seed_value": 102,
  "seed_index": 10,
  "timestamp": "2025-11-18T04:40:58.734571",
  "model_type": "text_only",
  "configuration": {
    "learning_rate": 5e-05,
    "batch_size": 32,
    "early_stopping_patience": 5,
    "dropout": 0.5,
    "weight_decay": 0.0001,
    "max_epochs": 20,
    "model_init_seed": 42,
    "data_split_seed": 102,
    "dataset_size": "100% (full dataset)"
  },
  "training_info": {
    "total_epochs": 20,
    "best_epoch": 19,
    "early_stopped": false,
    "total_time_minutes": 3.3611499587694804
  },
  "validation_metrics": {
    "best_val_macro_f1": 0.2785436887260933,
    "best_val_accuracy": 32.15725806451613,
    "best_val_macro_precision": 0.30194821118455567,
    "best_val_macro_recall": 0.3189487838328001,
    "best_val_loss": 2.045251096448591,
    "final_val_macro_f1": 0.26949797421515126,
    "final_val_accuracy": 31.199596774193548,
    "final_val_loss": 2.045251096448591,
    "per_class_metrics": {
      "f1": {
        "conservative": 0.2785714285714286,
        "dressy": 0.6479750778816199,
        "ethnic": 0.11612903225806451,
        "fairy": 0.470899470899471,
        "feminine": 0.17543859649122806,
        "gal": 0.060240963855421686,
        "girlish": 0.053475935828877004,
        "kireime-casual": 0.30833333333333335,
        "lolita": 0.48275862068965514,
        "mode": 0.19433198380566802,
        "natural": 0.27358490566037735,
        "retro": 0.09677419354838708,
        "rock": 0.281767955801105,
        "street": 0.45933014354066987
      },
      "precision": {
        "conservative": 0.2765957446808511,
        "dressy": 0.5561497326203209,
        "ethnic": 0.34615384615384615,
        "fairy": 0.37872340425531914,
        "feminine": 0.19047619047619047,
        "gal": 0.21739130434782608,
        "girlish": 0.23809523809523808,
        "kireime-casual": 0.22981366459627328,
        "lolita": 0.4444444444444444,
        "mode": 0.2727272727272727,
        "natural": 0.3493975903614458,
        "retro": 0.15254237288135594,
        "rock": 0.2125,
        "street": 0.3622641509433962
      },
      "recall": {
        "conservative": 0.2805755395683453,
        "dressy": 0.7761194029850746,
        "ethnic": 0.06976744186046512,
        "fairy": 0.6223776223776224,
        "feminine": 0.16260162601626016,
        "gal": 0.03496503496503497,
        "girlish": 0.030120481927710843,
        "kireime-casual": 0.46835443037974683,
        "lolita": 0.5283018867924528,
        "mode": 0.1509433962264151,
        "natural": 0.2248062015503876,
        "retro": 0.07086614173228346,
        "rock": 0.4180327868852459,
        "street": 0.6274509803921569
      },
      "accuracy": {
        "conservative": 0.2805755395683453,
        "dressy": 0.7761194029850746,
        "ethnic": 0.06976744186046512,
        "fairy": 0.6223776223776224,
        "feminine": 0.16260162601626016,
        "gal": 0.03496503496503497,
        "girlish": 0.030120481927710843,
        "kireime-casual": 0.46835443037974683,
        "lolita": 0.5283018867924528,
        "mode": 0.1509433962264151,
        "natural": 0.2248062015503876,
        "retro": 0.07086614173228346,
        "rock": 0.4180327868852459,
        "street": 0.6274509803921569
      }
    }
  },
  "test_metrics": {
    "test_macro_f1": 0.27034091031763563,
    "test_accuracy": 31.234256926952142,
    "test_macro_precision": 0.29520388854044394,
    "test_macro_recall": 0.3108626537326373,
    "test_loss": 2.03959896450951,
    "per_class_metrics": {
      "f1": {
        "conservative": 0.3322259136212624,
        "dressy": 0.6829268292682926,
        "ethnic": 0.13664596273291926,
        "fairy": 0.4308510638297872,
        "feminine": 0.11926605504587157,
        "gal": 0.047619047619047616,
        "girlish": 0.044444444444444446,
        "kireime-casual": 0.28509719222462204,
        "lolita": 0.4797687861271676,
        "mode": 0.19327731092436976,
        "natural": 0.25550660792951546,
        "retro": 0.09523809523809523,
        "rock": 0.29081632653061223,
        "street": 0.3910891089108911
      },
      "precision": {
        "conservative": 0.30864197530864196,
        "dressy": 0.5803108808290155,
        "ethnic": 0.34375,
        "fairy": 0.34913793103448276,
        "feminine": 0.13541666666666666,
        "gal": 0.16,
        "girlish": 0.2857142857142857,
        "kireime-casual": 0.21639344262295082,
        "lolita": 0.44623655913978494,
        "mode": 0.2911392405063291,
        "natural": 0.29591836734693877,
        "retro": 0.1951219512195122,
        "rock": 0.21033210332103322,
        "street": 0.3147410358565737
      },
      "recall": {
        "conservative": 0.3597122302158273,
        "dressy": 0.8296296296296296,
        "ethnic": 0.08527131782945736,
        "fairy": 0.5625,
        "feminine": 0.10655737704918032,
        "gal": 0.027972027972027972,
        "girlish": 0.024096385542168676,
        "kireime-casual": 0.4177215189873418,
        "lolita": 0.51875,
        "mode": 0.14465408805031446,
        "natural": 0.2248062015503876,
        "retro": 0.06299212598425197,
        "rock": 0.47107438016528924,
        "street": 0.5163398692810458
      },
      "accuracy": {
        "conservative": 0.3597122302158273,
        "dressy": 0.8296296296296296,
        "ethnic": 0.08527131782945736,
        "fairy": 0.5625,
        "feminine": 0.10655737704918032,
        "gal": 0.027972027972027972,
        "girlish": 0.024096385542168676,
        "kireime-casual": 0.4177215189873418,
        "lolita": 0.51875,
        "mode": 0.14465408805031446,
        "natural": 0.2248062015503876,
        "retro": 0.06299212598425197,
        "rock": 0.47107438016528924,
        "street": 0.5163398692810458
      }
    }
  },
  "overfitting_analysis": {
    "overfitting_detected": false,
    "best_val_loss": 2.045251096448591,
    "val_loss_after_best": 2.045251096448591,
    "increase_percentage": 0.0,
    "train_val_gap": 0.11341900216856837
  },
  "training_curves": {
    "train_losses": [
      2.638547127000217,
      2.624949446217767,
      2.60199797728966,
      2.551783591303332,
      2.493853337189247,
      2.43106458927023,
      2.376276598305538,
      2.3301251296339363,
      2.298779413206824,
      2.2719829929286037,
      2.2536828842656367,
      2.2367787295374377,
      2.215127139666985,
      2.2070294252757368,
      2.1944613464947405,
      2.183125912321025,
      2.1668282730826016,
      2.1588139838185803,
      2.158670098617159,
      2.1418693308172556
    ],
    "val_losses": [
      2.627800768421542,
      2.6044916760536934,
      2.5588588406962733,
      2.488088934652267,
      2.3993737159236783,
      2.3334949285753313,
      2.2730687818219586,
      2.2275487415252195,
      2.1949166982404646,
      2.1665650779201138,
      2.148878551298572,
      2.1291947172534083,
      2.119080501217996,
      2.0990007077493975,
      2.0881797594408833,
      2.076768015661547,
      2.062876676359484,
      2.057936945269185,
      2.056577080680478,
      2.045251096448591
    ],
    "train_accs": [
      7.828528236691502,
      9.599395313681027,
      12.158514199330526,
      15.991793542813951,
      17.352337760501026,
      18.756073858114675,
      19.447143936939856,
      21.08843537414966,
      21.660727783176764,
      22.12504049238743,
      23.161645610625204,
      23.80952380952381,
      23.755533959615594,
      24.81373501781665,
      24.792139077853363,
      25.53719900658676,
      25.979915775834144,
      26.487420364971385,
      26.077097505668934,
      26.984126984126984
    ],