{
  "experiment_id": "seed_328",
  "seed_value": 328,
  "seed_index": 23,
  "timestamp": "2025-11-18T05:25:38.585867",
  "model_type": "text_only",
  "configuration": {
    "learning_rate": 5e-05,
    "batch_size": 32,
    "early_stopping_patience": 5,
    "dropout": 0.5,
    "weight_decay": 0.0001,
    "max_epochs": 20,
    "model_init_seed": 42,
    "data_split_seed": 328,
    "dataset_size": "100% (full dataset)"
  },
  "training_info": {
    "total_epochs": 20,
    "best_epoch": 20,
    "early_stopped": false,
    "total_time_minutes": 3.372280116875966
  },
  "validation_metrics": {
    "best_val_macro_f1": 0.25444930995091375,
    "best_val_accuracy": 29.93951612903226,
    "best_val_macro_precision": 0.2770674120322326,
    "best_val_macro_recall": 0.2976950659257999,
    "best_val_loss": 2.03897532340019,
    "final_val_macro_f1": 0.25444930995091375,
    "final_val_accuracy": 29.93951612903226,
    "final_val_loss": 2.03897532340019,
    "per_class_metrics": {
      "f1": {
        "conservative": 0.3372093023255814,
        "dressy": 0.6225895316804407,
        "ethnic": 0.07142857142857142,
        "fairy": 0.46760563380281694,
        "feminine": 0.14107883817427386,
        "gal": 0.06936416184971098,
        "girlish": 0.031578947368421054,
        "kireime-casual": 0.20960698689956334,
        "lolita": 0.44565217391304346,
        "mode": 0.14782608695652175,
        "natural": 0.16113744075829387,
        "retro": 0.13333333333333333,
        "rock": 0.28368794326241137,
        "street": 0.4401913875598086
      },
      "precision": {
        "conservative": 0.28292682926829266,
        "dressy": 0.49344978165938863,
        "ethnic": 0.45454545454545453,
        "fairy": 0.3915094339622642,
        "feminine": 0.1440677966101695,
        "gal": 0.2,
        "girlish": 0.125,
        "kireime-casual": 0.16,
        "lolita": 0.3923444976076555,
        "mode": 0.23943661971830985,
        "natural": 0.2073170731707317,
        "retro": 0.19117647058823528,
        "rock": 0.25,
        "street": 0.3471698113207547
      },
      "recall": {
        "conservative": 0.4172661870503597,
        "dressy": 0.8432835820895522,
        "ethnic": 0.03875968992248062,
        "fairy": 0.5804195804195804,
        "feminine": 0.13821138211382114,
        "gal": 0.04195804195804196,
        "girlish": 0.018072289156626505,
        "kireime-casual": 0.3037974683544304,
        "lolita": 0.5157232704402516,
        "mode": 0.1069182389937107,
        "natural": 0.13178294573643412,
        "retro": 0.10236220472440945,
        "rock": 0.32786885245901637,
        "street": 0.6013071895424836
      },
      "accuracy": {
        "conservative": 0.4172661870503597,
        "dressy": 0.8432835820895522,
        "ethnic": 0.03875968992248062,
        "fairy": 0.5804195804195804,
        "feminine": 0.13821138211382114,
        "gal": 0.04195804195804196,
        "girlish": 0.018072289156626505,
        "kireime-casual": 0.3037974683544304,
        "lolita": 0.5157232704402516,
        "mode": 0.1069182389937107,
        "natural": 0.13178294573643412,
        "retro": 0.10236220472440945,
        "rock": 0.32786885245901637,
        "street": 0.6013071895424836
      }
    }
  },
  "test_metrics": {
    "test_macro_f1": 0.2763762572158332,
    "test_accuracy": 31.738035264483628,
    "test_macro_precision": 0.301464508684392,
    "test_macro_recall": 0.3132427432876751,
    "test_loss": 2.0337106367898365,
    "per_class_metrics": {
      "f1": {
        "conservative": 0.30498533724340177,
        "dressy": 0.6042780748663101,
        "ethnic": 0.16666666666666666,
        "fairy": 0.488235294117647,
        "feminine": 0.140625,
        "gal": 0.0718562874251497,
        "girlish": 0.052356020942408384,
        "kireime-casual": 0.2964705882352941,
        "lolita": 0.4858757062146893,
        "mode": 0.2755905511811024,
        "natural": 0.17061611374407584,
        "retro": 0.1262135922330097,
        "rock": 0.26765799256505574,
        "street": 0.4178403755868545
      },
      "precision": {
        "conservative": 0.25742574257425743,
        "dressy": 0.47280334728033474,
        "ethnic": 0.48148148148148145,
        "fairy": 0.42346938775510207,
        "feminine": 0.13432835820895522,
        "gal": 0.25,
        "girlish": 0.2,
        "kireime-casual": 0.23595505617977527,
        "lolita": 0.44329896907216493,
        "mode": 0.3684210526315789,
        "natural": 0.21951219512195122,
        "retro": 0.16455696202531644,
        "rock": 0.24324324324324326,
        "street": 0.326007326007326
      },
      "recall": {
        "conservative": 0.37410071942446044,
        "dressy": 0.837037037037037,
        "ethnic": 0.10077519379844961,
        "fairy": 0.5763888888888888,
        "feminine": 0.14754098360655737,
        "gal": 0.04195804195804196,
        "girlish": 0.030120481927710843,
        "kireime-casual": 0.3987341772151899,
        "lolita": 0.5375,
        "mode": 0.22012578616352202,
        "natural": 0.13953488372093023,
        "retro": 0.10236220472440945,
        "rock": 0.2975206611570248,
        "street": 0.5816993464052288
      },
      "accuracy": {
        "conservative": 0.37410071942446044,
        "dressy": 0.837037037037037,
        "ethnic": 0.10077519379844961,
        "fairy": 0.5763888888888888,
        "feminine": 0.14754098360655737,
        "gal": 0.04195804195804196,
        "girlish": 0.030120481927710843,
        "kireime-casual": 0.3987341772151899,
        "lolita": 0.5375,
        "mode": 0.22012578616352202,
        "natural": 0.13953488372093023,
        "retro": 0.10236220472440945,
        "rock": 0.2975206611570248,
        "street": 0.5816993464052288
      }
    }
  },
  "overfitting_analysis": {
    "overfitting_detected": false,
    "best_val_loss": 2.03897532340019,
    "val_loss_after_best": 2.03897532340019,
    "increase_percentage": 0.0,
    "train_val_gap": 0.11403551438493897
  },
  "training_curves": {
    "train_losses": [
      2.6383091671713466,
      2.6248752931068684,
      2.59947394502574,
      2.557734694974176,
      2.5001346834774676,
      2.4410465002059936,
      2.387320719094112,
      2.344002838792472,
      2.3086656184032046,
      2.278014197842828,
      2.251014235101897,
      2.235587567707588,
      2.227981141517902,
      2.2088003947817048,
      2.1981249690055846,
      2.1866897139055976,
      2.172703239424475,
      2.163636561919903,
      2.154438353406972,
      2.153010837785129
    ],
    "val_losses": [
      2.6268806803611016,
      2.6032920806638655,
      2.558754394131322,
      2.4891127770946873,
      2.4127586041727374,
      2.337084750975332,
      2.276809532796183,
      2.226346404321732,
      2.200873565289282,
      2.1724152757275488,
      2.1462391595686636,
      2.132647395133972,
      2.1165321988444172,
      2.1021899946274294,
      2.0883720440249287,
      2.0801745980016646,
      2.073789237007018,
      2.067359991611973,
      2.0572433337088554,
      2.03897532340019
    ],
    "train_accs": [
      7.720548536875068,
      9.977324263038549,
      12.655220818486125,
      15.106360004319187,
      17.579095130115537,
      18.604902278371664,
      20.159809955728324,
      20.796890184645285,
      21.347586653709104,
      22.470575531800023,
      23.388402980239714,
      24.1550588489364,
      23.701544109707374,
      24.33862433862434,
      24.543785768275566,
      25.09448223733938,
      25.137674117265956,
      26.185077205485367,
      26.141885325558796,
      26.163481265522083
    ],