{
  "experiment_id": "seed_53",
  "seed_value": 53,
  "seed_index": 7,
  "timestamp": "2025-11-18T04:20:23.281191",
  "model_type": "text_only",
  "configuration": {
    "learning_rate": 5e-05,
    "batch_size": 32,
    "early_stopping_patience": 5,
    "dropout": 0.5,
    "weight_decay": 0.0001,
    "max_epochs": 20,
    "model_init_seed": 42,
    "data_split_seed": 53,
    "dataset_size": "100% (full dataset)"
  },
  "training_info": {
    "total_epochs": 20,
    "best_epoch": 19,
    "early_stopped": false,
    "total_time_minutes": 3.404977611700694
  },
  "validation_metrics": {
    "best_val_macro_f1": 0.26497769568511476,
    "best_val_accuracy": 31.098790322580644,
    "best_val_macro_precision": 0.2982867114806738,
    "best_val_macro_recall": 0.3096034934525441,
    "best_val_loss": 2.0280606823582805,
    "final_val_macro_f1": 0.2630925656088408,
    "final_val_accuracy": 30.796370967741936,
    "final_val_loss": 2.0280606823582805,
    "per_class_metrics": {
      "f1": {
        "conservative": 0.29192546583850937,
        "dressy": 0.5931758530183727,
        "ethnic": 0.05405405405405405,
        "fairy": 0.4899135446685879,
        "feminine": 0.07253886010362694,
        "gal": 0.13333333333333333,
        "girlish": 0.0670391061452514,
        "kireime-casual": 0.2901785714285714,
        "lolita": 0.46920821114369504,
        "mode": 0.2071713147410358,
        "natural": 0.20242914979757085,
        "retro": 0.11560693641618497,
        "rock": 0.3315789473684211,
        "street": 0.39153439153439157
      },
      "precision": {
        "conservative": 0.2568306010928962,
        "dressy": 0.4574898785425101,
        "ethnic": 0.21052631578947367,
        "fairy": 0.4166666666666667,
        "feminine": 0.1,
        "gal": 0.32432432432432434,
        "girlish": 0.46153846153846156,
        "kireime-casual": 0.22413793103448276,
        "lolita": 0.43956043956043955,
        "mode": 0.2826086956521739,
        "natural": 0.211864406779661,
        "retro": 0.21739130434782608,
        "rock": 0.2441860465116279,
        "street": 0.3288888888888889
      },
      "recall": {
        "conservative": 0.3381294964028777,
        "dressy": 0.8432835820895522,
        "ethnic": 0.031007751937984496,
        "fairy": 0.5944055944055944,
        "feminine": 0.056910569105691054,
        "gal": 0.08391608391608392,
        "girlish": 0.03614457831325301,
        "kireime-casual": 0.41139240506329117,
        "lolita": 0.5031446540880503,
        "mode": 0.16352201257861634,
        "natural": 0.1937984496124031,
        "retro": 0.07874015748031496,
        "rock": 0.5163934426229508,
        "street": 0.48366013071895425
      },
      "accuracy": {
        "conservative": 0.3381294964028777,
        "dressy": 0.8432835820895522,
        "ethnic": 0.031007751937984496,
        "fairy": 0.5944055944055944,
        "feminine": 0.056910569105691054,
        "gal": 0.08391608391608392,
        "girlish": 0.03614457831325301,
        "kireime-casual": 0.41139240506329117,
        "lolita": 0.5031446540880503,
        "mode": 0.16352201257861634,
        "natural": 0.1937984496124031,
        "retro": 0.07874015748031496,
        "rock": 0.5163934426229508,
        "street": 0.48366013071895425
      }
    }
  },
  "test_metrics": {
    "test_macro_f1": 0.2724412224450154,
    "test_accuracy": 31.68765743073048,
    "test_macro_precision": 0.2826577650959889,
    "test_macro_recall": 0.31475421633668976,
    "test_loss": 2.033238522590153,
    "per_class_metrics": {
      "f1": {
        "conservative": 0.31578947368421056,
        "dressy": 0.6026666666666667,
        "ethnic": 0.11538461538461539,
        "fairy": 0.489795918367347,
        "feminine": 0.14285714285714288,
        "gal": 0.11940298507462685,
        "girlish": 0.022099447513812154,
        "kireime-casual": 0.28181818181818186,
        "lolita": 0.5260115606936415,
        "mode": 0.21875,
        "natural": 0.16666666666666666,
        "retro": 0.08000000000000002,
        "rock": 0.31331592689295035,
        "street": 0.4196185286103542
      },
      "precision": {
        "conservative": 0.27717391304347827,
        "dressy": 0.4708333333333333,
        "ethnic": 0.3333333333333333,
        "fairy": 0.4221105527638191,
        "feminine": 0.1891891891891892,
        "gal": 0.20689655172413793,
        "girlish": 0.13333333333333333,
        "kireime-casual": 0.2198581560283688,
        "lolita": 0.489247311827957,
        "mode": 0.28865979381443296,
        "natural": 0.1919191919191919,
        "retro": 0.14583333333333334,
        "rock": 0.22900763358778625,
        "street": 0.3598130841121495
      },
      "recall": {
        "conservative": 0.3669064748201439,
        "dressy": 0.837037037037037,
        "ethnic": 0.06976744186046512,
        "fairy": 0.5833333333333334,
        "feminine": 0.11475409836065574,
        "gal": 0.08391608391608392,
        "girlish": 0.012048192771084338,
        "kireime-casual": 0.3924050632911392,
        "lolita": 0.56875,
        "mode": 0.1761006289308176,
        "natural": 0.14728682170542637,
        "retro": 0.05511811023622047,
        "rock": 0.49586776859504134,
        "street": 0.5032679738562091
      },
      "accuracy": {
        "conservative": 0.3669064748201439,
        "dressy": 0.837037037037037,
        "ethnic": 0.06976744186046512,
        "fairy": 0.5833333333333334,
        "feminine": 0.11475409836065574,
        "gal": 0.08391608391608392,
        "girlish": 0.012048192771084338,
        "kireime-casual": 0.3924050632911392,
        "lolita": 0.56875,
        "mode": 0.1761006289308176,
        "natural": 0.14728682170542637,
        "retro": 0.05511811023622047,
        "rock": 0.49586776859504134,
        "street": 0.5032679738562091
      }
    }
  },
  "overfitting_analysis": {
    "overfitting_detected": false,
    "best_val_loss": 2.0280606823582805,
    "val_loss_after_best": 2.0280606823582805,
    "increase_percentage": 0.0,
    "train_val_gap": 0.13916409603082824
  },
  "training_curves": {
    "train_losses": [
      2.638696290706766,
      2.6272273055438338,
      2.607911366429822,
      2.5670496817292836,
      2.5033107872666984,
      2.4438447187686787,
      2.384031502131758,
      2.3401663673335107,
      2.309940750845547,
      2.2841664556799266,
      2.2590125589535153,
      2.2466576226826374,
      2.227399060232886,
      2.2215578038116983,
      2.2014659281434685,
      2.195092089422818,
      2.1757724387892363,
      2.1712868517842785,
      2.1672247783891088,
      2.1517928867504517
    ],
    "val_losses": [
      2.628219558346656,
      2.607555147140257,
      2.565672101513032,
      2.494890724459002,
      2.4068671503374652,
      2.3377314921348327,
      2.2672286341267247,
      2.227681529137396,
      2.1993257191873368,
      2.1618142127990723,
      2.1321758320254665,
      2.1219519434436673,
      2.114070313592111,
      2.0946846065982694,
      2.078827036965278,
      2.070191054574905,
      2.0554551809064803,
      2.0488781986698026,
      2.040895546636274,
      2.0280606823582805
    ],
    "train_accs": [
      7.709750566893424,
      9.210668394341864,
      11.845373069862866,
      15.01997624446604,
      16.58568189180434,
      18.637296188316597,
      20.01943634596696,
      20.699708454810494,
      21.045243494223087,
      22.297808012093725,
      23.30201922038657,
      23.679948169744087,
      24.446604038440775,
      23.84191771946874,
      24.327826368642697,
      25.148472087247598,
      25.234855847100746,
      25.94752186588921,
      26.163481265522083,
      26.455026455026456
    ],