{
  "experiment_id": "seed_16",
  "seed_value": 16,
  "seed_index": 3,
  "timestamp": "2025-11-18T04:06:20.863073",
  "model_type": "text_only",
  "configuration": {
    "learning_rate": 5e-05,
    "batch_size": 32,
    "early_stopping_patience": 5,
    "dropout": 0.5,
    "weight_decay": 0.0001,
    "max_epochs": 20,
    "model_init_seed": 42,
    "data_split_seed": 16,
    "dataset_size": "100% (full dataset)"
  },
  "training_info": {
    "total_epochs": 20,
    "best_epoch": 20,
    "early_stopped": false,
    "total_time_minutes": 3.467383841673533
  },
  "validation_metrics": {
    "best_val_macro_f1": 0.2722141019023575,
    "best_val_accuracy": 31.60282258064516,
    "best_val_macro_precision": 0.28450589409089855,
    "best_val_macro_recall": 0.31379759448755723,
    "best_val_loss": 2.055235893495621,
    "final_val_macro_f1": 0.2722141019023575,
    "final_val_accuracy": 31.60282258064516,
    "final_val_loss": 2.055235893495621,
    "per_class_metrics": {
      "f1": {
        "conservative": 0.2822085889570552,
        "dressy": 0.5798525798525799,
        "ethnic": 0.10112359550561799,
        "fairy": 0.4880636604774536,
        "feminine": 0.14953271028037385,
        "gal": 0.16239316239316243,
        "girlish": 0.0335195530726257,
        "kireime-casual": 0.30456852791878175,
        "lolita": 0.4409937888198757,
        "mode": 0.22142857142857145,
        "natural": 0.2110091743119266,
        "retro": 0.07947019867549668,
        "rock": 0.34959349593495936,
        "street": 0.4072398190045249
      },
      "precision": {
        "conservative": 0.24598930481283424,
        "dressy": 0.43223443223443225,
        "ethnic": 0.1836734693877551,
        "fairy": 0.39316239316239315,
        "feminine": 0.17582417582417584,
        "gal": 0.2087912087912088,
        "girlish": 0.23076923076923078,
        "kireime-casual": 0.2542372881355932,
        "lolita": 0.43558282208588955,
        "mode": 0.256198347107438,
        "natural": 0.25842696629213485,
        "retro": 0.25,
        "rock": 0.3467741935483871,
        "street": 0.31141868512110726
      },
      "recall": {
        "conservative": 0.33093525179856115,
        "dressy": 0.8805970149253731,
        "ethnic": 0.06976744186046512,
        "fairy": 0.6433566433566433,
        "feminine": 0.13008130081300814,
        "gal": 0.13286713286713286,
        "girlish": 0.018072289156626505,
        "kireime-casual": 0.379746835443038,
        "lolita": 0.44654088050314467,
        "mode": 0.1949685534591195,
        "natural": 0.17829457364341086,
        "retro": 0.047244094488188976,
        "rock": 0.3524590163934426,
        "street": 0.5882352941176471
      },
      "accuracy": {
        "conservative": 0.33093525179856115,
        "dressy": 0.8805970149253731,
        "ethnic": 0.06976744186046512,
        "fairy": 0.6433566433566433,
        "feminine": 0.13008130081300814,
        "gal": 0.13286713286713286,
        "girlish": 0.018072289156626505,
        "kireime-casual": 0.379746835443038,
        "lolita": 0.44654088050314467,
        "mode": 0.1949685534591195,
        "natural": 0.17829457364341086,
        "retro": 0.047244094488188976,
        "rock": 0.3524590163934426,
        "street": 0.5882352941176471
      }
    }
  },
  "test_metrics": {
    "test_macro_f1": 0.2764770161376282,
    "test_accuracy": 32.29219143576826,
    "test_macro_precision": 0.29136793234263003,
    "test_macro_recall": 0.3193285944587566,
    "test_loss": 1.9984198714059496,
    "per_class_metrics": {
      "f1": {
        "conservative": 0.2946708463949843,
        "dressy": 0.5742092457420924,
        "ethnic": 0.11494252873563217,
        "fairy": 0.45231607629427795,
        "feminine": 0.20095693779904306,
        "gal": 0.13592233009708737,
        "girlish": 0.044444444444444446,
        "kireime-casual": 0.26,
        "lolita": 0.4823529411764706,
        "mode": 0.2789115646258503,
        "natural": 0.20720720720720723,
        "retro": 0.04137931034482759,
        "rock": 0.33593749999999994,
        "street": 0.44742729306487694
      },
      "precision": {
        "conservative": 0.2611111111111111,
        "dressy": 0.427536231884058,
        "ethnic": 0.2222222222222222,
        "fairy": 0.3721973094170404,
        "feminine": 0.2413793103448276,
        "gal": 0.2222222222222222,
        "girlish": 0.2857142857142857,
        "kireime-casual": 0.21487603305785125,
        "lolita": 0.45555555555555555,
        "mode": 0.3037037037037037,
        "natural": 0.24731182795698925,
        "retro": 0.16666666666666666,
        "rock": 0.31851851851851853,
        "street": 0.3401360544217687
      },
      "recall": {
        "conservative": 0.3381294964028777,
        "dressy": 0.8740740740740741,
        "ethnic": 0.07751937984496124,
        "fairy": 0.5763888888888888,
        "feminine": 0.1721311475409836,
        "gal": 0.0979020979020979,
        "girlish": 0.024096385542168676,
        "kireime-casual": 0.3291139240506329,
        "lolita": 0.5125,
        "mode": 0.2578616352201258,
        "natural": 0.17829457364341086,
        "retro": 0.023622047244094488,
        "rock": 0.35537190082644626,
        "street": 0.6535947712418301
      },
      "accuracy": {
        "conservative": 0.3381294964028777,
        "dressy": 0.8740740740740741,
        "ethnic": 0.07751937984496124,
        "fairy": 0.5763888888888888,
        "feminine": 0.1721311475409836,
        "gal": 0.0979020979020979,
        "girlish": 0.024096385542168676,
        "kireime-casual": 0.3291139240506329,
        "lolita": 0.5125,
        "mode": 0.2578616352201258,
        "natural": 0.17829457364341086,
        "retro": 0.023622047244094488,
        "rock": 0.35537190082644626,
        "street": 0.6535947712418301
      }
    }
  },
  "overfitting_analysis": {
    "overfitting_detected": false,
    "best_val_loss": 2.055235893495621,
    "val_loss_after_best": 2.055235893495621,
    "increase_percentage": 0.0,
    "train_val_gap": 0.08947475497529034
  },
  "training_curves": {
    "train_losses": [
      2.6382105909544844,
      2.6276431174113832,
      2.604657226595385,
      2.565929472035375,
      2.50299316356922,
      2.444309242018338,
      2.379898011273351,
      2.341863121657536,
      2.308165976918977,
      2.282322784538927,
      2.257642415474201,
      2.2355571878367457,
      2.2196963824074842,
      2.2047160658343086,
      2.192694900364711,
      2.189657945468508,
      2.172632804410211,
      2.172582882026146,
      2.159479205361728,
      2.1447106484709115
    ],
    "val_losses": [
      2.6279562250260384,
      2.6072038181366457,
      2.5677053120828446,
      2.5026229004706106,
      2.4171125619642195,
      2.344414887889739,
      2.2913567750684676,
      2.250194195778139,
      2.2084077788937475,
      2.180693203403104,
      2.1578854610843043,
      2.138374953500686,
      2.125688391347085,
      2.1089910134192436,
      2.093210497210103,
      2.0871521753649556,
      2.0762310643349924,
      2.0728688105460136,
      2.0644711352163747,
      2.055235893495621
    ],
    "train_accs": [
      7.612568837058633,
      9.674981103552533,
      12.298887809091891,
      14.814814814814815,
      16.726055501565707,
      17.957024079473058,
      19.922254616132168,
      21.0236475542598,
      22.103444552424143,
      22.826908541194257,
      22.956484180973977,
      23.798725839542165,
      23.99308929921175,
      25.202461937155814,
      24.71655328798186,
      25.31044163697225,
      25.65597667638484,
      24.640967498110356,
      26.055501565705647,
      26.962531044163697
    ],