{
  "experiment_id": "seed_14",
  "seed_value": 14,
  "seed_index": 2,
  "timestamp": "2025-11-18T04:02:48.459873",
  "model_type": "text_only",
  "configuration": {
    "learning_rate": 5e-05,
    "batch_size": 32,
    "early_stopping_patience": 5,
    "dropout": 0.5,
    "weight_decay": 0.0001,
    "max_epochs": 20,
    "model_init_seed": 42,
    "data_split_seed": 14,
    "dataset_size": "100% (full dataset)"
  },
  "training_info": {
    "total_epochs": 20,
    "best_epoch": 20,
    "early_stopped": false,
    "total_time_minutes": 3.4653892119725547
  },
  "validation_metrics": {
    "best_val_macro_f1": 0.2582579530282252,
    "best_val_accuracy": 30.241935483870968,
    "best_val_macro_precision": 0.2764645282042007,
    "best_val_macro_recall": 0.2998896241157877,
    "best_val_loss": 2.033859541339259,
    "final_val_macro_f1": 0.2582579530282252,
    "final_val_accuracy": 30.241935483870968,
    "final_val_loss": 2.033859541339259,
    "per_class_metrics": {
      "f1": {
        "conservative": 0.2945736434108527,
        "dressy": 0.64756446991404,
        "ethnic": 0.11612903225806451,
        "fairy": 0.449438202247191,
        "feminine": 0.10526315789473685,
        "gal": 0.05780346820809249,
        "girlish": 0.031746031746031744,
        "kireime-casual": 0.26584867075664625,
        "lolita": 0.48235294117647054,
        "mode": 0.18779342723004694,
        "natural": 0.16999999999999998,
        "retro": 0.08866995073891625,
        "rock": 0.2786377708978328,
        "street": 0.4397905759162304
      },
      "precision": {
        "conservative": 0.22983870967741934,
        "dressy": 0.5255813953488372,
        "ethnic": 0.34615384615384615,
        "fairy": 0.3755868544600939,
        "feminine": 0.12790697674418605,
        "gal": 0.16666666666666666,
        "girlish": 0.13043478260869565,
        "kireime-casual": 0.19637462235649547,
        "lolita": 0.4530386740331492,
        "mode": 0.37037037037037035,
        "natural": 0.23943661971830985,
        "retro": 0.11842105263157894,
        "rock": 0.22388059701492538,
        "street": 0.36681222707423583
      },
      "recall": {
        "conservative": 0.41007194244604317,
        "dressy": 0.8432835820895522,
        "ethnic": 0.06976744186046512,
        "fairy": 0.5594405594405595,
        "feminine": 0.08943089430894309,
        "gal": 0.03496503496503497,
        "girlish": 0.018072289156626505,
        "kireime-casual": 0.41139240506329117,
        "lolita": 0.5157232704402516,
        "mode": 0.12578616352201258,
        "natural": 0.13178294573643412,
        "retro": 0.07086614173228346,
        "rock": 0.36885245901639346,
        "street": 0.5490196078431373
      },
      "accuracy": {
        "conservative": 0.41007194244604317,
        "dressy": 0.8432835820895522,
        "ethnic": 0.06976744186046512,
        "fairy": 0.5594405594405595,
        "feminine": 0.08943089430894309,
        "gal": 0.03496503496503497,
        "girlish": 0.018072289156626505,
        "kireime-casual": 0.41139240506329117,
        "lolita": 0.5157232704402516,
        "mode": 0.12578616352201258,
        "natural": 0.13178294573643412,
        "retro": 0.07086614173228346,
        "rock": 0.36885245901639346,
        "street": 0.5490196078431373
      }
    }
  },
  "test_metrics": {
    "test_macro_f1": 0.27535189261637955,
    "test_accuracy": 31.28463476070529,
    "test_macro_precision": 0.3079482003991358,
    "test_macro_recall": 0.31193674534864213,
    "test_loss": 2.0390947678732494,
    "per_class_metrics": {
      "f1": {
        "conservative": 0.30352303523035234,
        "dressy": 0.6422018348623854,
        "ethnic": 0.11920529801324503,
        "fairy": 0.46418338108882523,
        "feminine": 0.15789473684210525,
        "gal": 0.1271676300578035,
        "girlish": 0.0320855614973262,
        "kireime-casual": 0.23829787234042552,
        "lolita": 0.47752808988764045,
        "mode": 0.2018348623853211,
        "natural": 0.18095238095238098,
        "retro": 0.14285714285714285,
        "rock": 0.33714285714285713,
        "street": 0.43005181347150256
      },
      "precision": {
        "conservative": 0.24347826086956523,
        "dressy": 0.546875,
        "ethnic": 0.4090909090909091,
        "fairy": 0.3951219512195122,
        "feminine": 0.16981132075471697,
        "gal": 0.36666666666666664,
        "girlish": 0.14285714285714285,
        "kireime-casual": 0.1794871794871795,
        "lolita": 0.4336734693877551,
        "mode": 0.3728813559322034,
        "natural": 0.2345679012345679,
        "retro": 0.2028985507246377,
        "rock": 0.2576419213973799,
        "street": 0.3562231759656652
      },
      "recall": {
        "conservative": 0.4028776978417266,
        "dressy": 0.7777777777777778,
        "ethnic": 0.06976744186046512,
        "fairy": 0.5625,
        "feminine": 0.14754098360655737,
        "gal": 0.07692307692307693,
        "girlish": 0.018072289156626505,
        "kireime-casual": 0.35443037974683544,
        "lolita": 0.53125,
        "mode": 0.13836477987421383,
        "natural": 0.14728682170542637,
        "retro": 0.11023622047244094,
        "rock": 0.48760330578512395,
        "street": 0.5424836601307189
      },
      "accuracy": {
        "conservative": 0.4028776978417266,
        "dressy": 0.7777777777777778,
        "ethnic": 0.06976744186046512,
        "fairy": 0.5625,
        "feminine": 0.14754098360655737,
        "gal": 0.07692307692307693,
        "girlish": 0.018072289156626505,
        "kireime-casual": 0.35443037974683544,
        "lolita": 0.53125,
        "mode": 0.13836477987421383,
        "natural": 0.14728682170542637,
        "retro": 0.11023622047244094,
        "rock": 0.48760330578512395,
        "street": 0.5424836601307189
      }
    }
  },
  "overfitting_analysis": {
    "overfitting_detected": false,
    "best_val_loss": 2.033859541339259,
    "val_loss_after_best": 2.033859541339259,
    "increase_percentage": 0.0,
    "train_val_gap": 0.10944748269570148
  },
  "training_curves": {
    "train_losses": [
      2.63816572386643,
      2.625491735030865,
      2.601741644431805,
      2.5604057821734196,
      2.503669993630771,
      2.4452863611024003,
      2.381187525288812,
      2.334905542176345,
      2.304818326440351,
      2.2824704030464433,
      2.2607527765734443,
      2.2405177428804595,
      2.2167851764580297,
      2.206988914259549,
      2.1986771579446462,
      2.184845378070042,
      2.169259389104514,
      2.172837462096379,
      2.1656730729958107,
      2.1433070240349603
    ],
    "val_losses": [
      2.626004030627589,
      2.603416362116414,
      2.5622596932995703,
      2.4963069769643966,
      2.4113897469735917,
      2.3414458344059605,
      2.277695955768708,
      2.2317524263935704,
      2.1953815241013803,
      2.1694819561896788,
      2.1429519384138045,
      2.1302974954728158,
      2.1092748757331603,
      2.0979634311891373,
      2.081081161575933,
      2.0704668202707843,
      2.070803371167952,
      2.0559524759169547,
      2.04438938056269,
      2.033859541339259
    ],
    "train_accs": [
      7.450599287333981,
      9.16747651441529,
      12.374473598963394,
      15.041572184429327,
      16.898823021272,
      18.356548968793867,
      19.90065867616888,
      20.786092214663643,
      21.62833387323183,
      22.664938991469604,
      22.859302451139186,
      22.71892884137782,
      23.99308929921175,
      24.576179678220495,
      24.738149227945147,
      25.70996652629306,
      25.915127955944282,
      25.68837058632977,
      25.65597667638484,
      26.72497570456754
    ],