{
  "experiment_id": "seed_280",
  "seed_value": 280,
  "seed_index": 19,
  "timestamp": "2025-11-18T05:11:53.130995",
  "model_type": "text_only",
  "configuration": {
    "learning_rate": 5e-05,
    "batch_size": 32,
    "early_stopping_patience": 5,
    "dropout": 0.5,
    "weight_decay": 0.0001,
    "max_epochs": 20,
    "model_init_seed": 42,
    "data_split_seed": 280,
    "dataset_size": "100% (full dataset)"
  },
  "training_info": {
    "total_epochs": 20,
    "best_epoch": 20,
    "early_stopped": false,
    "total_time_minutes": 3.3628122448921203
  },
  "validation_metrics": {
    "best_val_macro_f1": 0.2688289824671198,
    "best_val_accuracy": 30.947580645161292,
    "best_val_macro_precision": 0.29378539793981556,
    "best_val_macro_recall": 0.3096220826060005,
    "best_val_loss": 2.0490183811033926,
    "final_val_macro_f1": 0.2688289824671198,
    "final_val_accuracy": 30.947580645161292,
    "final_val_loss": 2.0490183811033926,
    "per_class_metrics": {
      "f1": {
        "conservative": 0.3128491620111732,
        "dressy": 0.6430517711171662,
        "ethnic": 0.13836477987421383,
        "fairy": 0.48297213622291024,
        "feminine": 0.16161616161616163,
        "gal": 0.1507537688442211,
        "girlish": 0.03296703296703296,
        "kireime-casual": 0.2742616033755274,
        "lolita": 0.433048433048433,
        "mode": 0.18095238095238098,
        "natural": 0.16170212765957445,
        "retro": 0.06976744186046512,
        "rock": 0.30730478589420657,
        "street": 0.41399416909620995
      },
      "precision": {
        "conservative": 0.2557077625570776,
        "dressy": 0.5064377682403434,
        "ethnic": 0.36666666666666664,
        "fairy": 0.43333333333333335,
        "feminine": 0.21333333333333335,
        "gal": 0.26785714285714285,
        "girlish": 0.1875,
        "kireime-casual": 0.20569620253164558,
        "lolita": 0.3958333333333333,
        "mode": 0.37254901960784315,
        "natural": 0.1792452830188679,
        "retro": 0.13333333333333333,
        "rock": 0.22181818181818183,
        "street": 0.3736842105263158
      },
      "recall": {
        "conservative": 0.4028776978417266,
        "dressy": 0.8805970149253731,
        "ethnic": 0.08527131782945736,
        "fairy": 0.5454545454545454,
        "feminine": 0.13008130081300814,
        "gal": 0.1048951048951049,
        "girlish": 0.018072289156626505,
        "kireime-casual": 0.41139240506329117,
        "lolita": 0.4779874213836478,
        "mode": 0.11949685534591195,
        "natural": 0.14728682170542637,
        "retro": 0.047244094488188976,
        "rock": 0.5,
        "street": 0.46405228758169936
      },
      "accuracy": {
        "conservative": 0.4028776978417266,
        "dressy": 0.8805970149253731,
        "ethnic": 0.08527131782945736,
        "fairy": 0.5454545454545454,
        "feminine": 0.13008130081300814,
        "gal": 0.1048951048951049,
        "girlish": 0.018072289156626505,
        "kireime-casual": 0.41139240506329117,
        "lolita": 0.4779874213836478,
        "mode": 0.11949685534591195,
        "natural": 0.14728682170542637,
        "retro": 0.047244094488188976,
        "rock": 0.5,
        "street": 0.46405228758169936
      }
    }
  },
  "test_metrics": {
    "test_macro_f1": 0.2758997625964688,
    "test_accuracy": 32.29219143576826,
    "test_macro_precision": 0.28453679366475654,
    "test_macro_recall": 0.3217416079833262,
    "test_loss": 2.003069139662243,
    "per_class_metrics": {
      "f1": {
        "conservative": 0.3400576368876081,
        "dressy": 0.6045340050377834,
        "ethnic": 0.07843137254901962,
        "fairy": 0.5341246290801187,
        "feminine": 0.11594202898550725,
        "gal": 0.07106598984771574,
        "girlish": 0.021978021978021976,
        "kireime-casual": 0.2693156732891832,
        "lolita": 0.47214854111405835,
        "mode": 0.20276497695852536,
        "natural": 0.23580786026200873,
        "retro": 0.13471502590673576,
        "rock": 0.33333333333333337,
        "street": 0.448377581120944
      },
      "precision": {
        "conservative": 0.28365384615384615,
        "dressy": 0.4580152671755725,
        "ethnic": 0.25,
        "fairy": 0.46632124352331605,
        "feminine": 0.1411764705882353,
        "gal": 0.12962962962962962,
        "girlish": 0.125,
        "kireime-casual": 0.20677966101694914,
        "lolita": 0.41013824884792627,
        "mode": 0.3793103448275862,
        "natural": 0.27,
        "retro": 0.19696969696969696,
        "rock": 0.2579185520361991,
        "street": 0.40860215053763443
      },
      "recall": {
        "conservative": 0.4244604316546763,
        "dressy": 0.8888888888888888,
        "ethnic": 0.046511627906976744,
        "fairy": 0.625,
        "feminine": 0.09836065573770492,
        "gal": 0.04895104895104895,
        "girlish": 0.012048192771084338,
        "kireime-casual": 0.3860759493670886,
        "lolita": 0.55625,
        "mode": 0.13836477987421383,
        "natural": 0.20930232558139536,
        "retro": 0.10236220472440945,
        "rock": 0.47107438016528924,
        "street": 0.49673202614379086
      },
      "accuracy": {
        "conservative": 0.4244604316546763,
        "dressy": 0.8888888888888888,
        "ethnic": 0.046511627906976744,
        "fairy": 0.625,
        "feminine": 0.09836065573770492,
        "gal": 0.04895104895104895,
        "girlish": 0.012048192771084338,
        "kireime-casual": 0.3860759493670886,
        "lolita": 0.55625,
        "mode": 0.13836477987421383,
        "natural": 0.20930232558139536,
        "retro": 0.10236220472440945,
        "rock": 0.47107438016528924,
        "street": 0.49673202614379086
      }
    }
  },
  "overfitting_analysis": {
    "overfitting_detected": false,
    "best_val_loss": 2.0490183811033926,
    "val_loss_after_best": 2.0490183811033926,
    "increase_percentage": 0.0,
    "train_val_gap": 0.11367745591748157
  },
  "training_curves": {
    "train_losses": [
      2.638213641890164,
      2.627154938105879,
      2.605222436477398,
      2.567370785515884,
      2.5113930233593647,
      2.447530073133008,
      2.3917410094162515,
      2.3444674204135763,
      2.3079292285031285,
      2.2898308540212695,
      2.270246684551239,
      2.244624437545908,
      2.2259614036001008,
      2.2118432357393463,
      2.2001166043610407,
      2.194910097533259,
      2.1800058660836057,
      2.1629799957933096,
      2.1605549791763567,
      2.162695837020874
    ],
    "val_losses": [
      2.626879269076932,
      2.6058644248593237,
      2.5676497028719996,
      2.501204994417006,
      2.417533870666258,
      2.3458523865669005,
      2.277258449985135,
      2.2316051760027484,
      2.1917532009463154,
      2.1727881623852636,
      2.1590238232766428,
      2.1376708399864937,
      2.114981749365407,
      2.105308334673605,
      2.0882961211665982,
      2.0835900037519393,
      2.082281370316782,
      2.0613094702843697,
      2.051949452969336,
      2.0490183811033926
    ],
    "train_accs": [
      7.493791167260555,
      9.243062304286793,
      12.190908109275457,
      14.70683511499838,
      16.58568189180434,
      17.83824640967498,
      19.220386567325342,
      20.570132815030775,
      21.412374473598963,
      21.563546053341973,
      22.93488824101069,
      23.80952380952381,
      23.56117049994601,
      24.014685239175034,
      24.12266493899147,
      24.543785768275566,
      25.191663967174172,
      25.62358276643991,
      25.796350286146204,
      25.90432998596264
    ],