{
  "experiment_id": "seed_17",
  "seed_value": 17,
  "seed_index": 4,
  "timestamp": "2025-11-18T04:09:52.715116",
  "model_type": "text_only",
  "configuration": {
    "learning_rate": 5e-05,
    "batch_size": 32,
    "early_stopping_patience": 5,
    "dropout": 0.5,
    "weight_decay": 0.0001,
    "max_epochs": 20,
    "model_init_seed": 42,
    "data_split_seed": 17,
    "dataset_size": "100% (full dataset)"
  },
  "training_info": {
    "total_epochs": 20,
    "best_epoch": 20,
    "early_stopped": false,
    "total_time_minutes": 3.458463728427887
  },
  "validation_metrics": {
    "best_val_macro_f1": 0.27502359155229483,
    "best_val_accuracy": 32.006048387096776,
    "best_val_macro_precision": 0.28988667770495574,
    "best_val_macro_recall": 0.3199845284048231,
    "best_val_loss": 2.032250775444892,
    "final_val_macro_f1": 0.27502359155229483,
    "final_val_accuracy": 32.006048387096776,
    "final_val_loss": 2.032250775444892,
    "per_class_metrics": {
      "f1": {
        "conservative": 0.30028328611898014,
        "dressy": 0.6235955056179775,
        "ethnic": 0.05405405405405405,
        "fairy": 0.47910863509749296,
        "feminine": 0.09950248756218905,
        "gal": 0.10256410256410257,
        "girlish": 0.053475935828877004,
        "kireime-casual": 0.3150357995226731,
        "lolita": 0.48587570621468923,
        "mode": 0.17061611374407584,
        "natural": 0.27941176470588236,
        "retro": 0.11702127659574468,
        "rock": 0.3225806451612903,
        "street": 0.44720496894409933
      },
      "precision": {
        "conservative": 0.24766355140186916,
        "dressy": 0.5,
        "ethnic": 0.21052631578947367,
        "fairy": 0.39814814814814814,
        "feminine": 0.1282051282051282,
        "gal": 0.19230769230769232,
        "girlish": 0.23809523809523808,
        "kireime-casual": 0.25287356321839083,
        "lolita": 0.441025641025641,
        "mode": 0.34615384615384615,
        "natural": 0.26573426573426573,
        "retro": 0.18032786885245902,
        "rock": 0.2313167259786477,
        "street": 0.4260355029585799
      },
      "recall": {
        "conservative": 0.381294964028777,
        "dressy": 0.8283582089552238,
        "ethnic": 0.031007751937984496,
        "fairy": 0.6013986013986014,
        "feminine": 0.08130081300813008,
        "gal": 0.06993006993006994,
        "girlish": 0.030120481927710843,
        "kireime-casual": 0.4177215189873418,
        "lolita": 0.5408805031446541,
        "mode": 0.11320754716981132,
        "natural": 0.29457364341085274,
        "retro": 0.08661417322834646,
        "rock": 0.5327868852459017,
        "street": 0.47058823529411764
      },
      "accuracy": {
        "conservative": 0.381294964028777,
        "dressy": 0.8283582089552238,
        "ethnic": 0.031007751937984496,
        "fairy": 0.6013986013986014,
        "feminine": 0.08130081300813008,
        "gal": 0.06993006993006994,
        "girlish": 0.030120481927710843,
        "kireime-casual": 0.4177215189873418,
        "lolita": 0.5408805031446541,
        "mode": 0.11320754716981132,
        "natural": 0.29457364341085274,
        "retro": 0.08661417322834646,
        "rock": 0.5327868852459017,
        "street": 0.47058823529411764
      }
    }
  },
  "test_metrics": {
    "test_macro_f1": 0.29242660286889627,
    "test_accuracy": 33.09823677581864,
    "test_macro_precision": 0.3268966050874141,
    "test_macro_recall": 0.330474045153928,
    "test_loss": 2.025316692533947,
    "per_class_metrics": {
      "f1": {
        "conservative": 0.2973760932944607,
        "dressy": 0.6547619047619047,
        "ethnic": 0.1456953642384106,
        "fairy": 0.4851752021563342,
        "feminine": 0.14925373134328357,
        "gal": 0.13043478260869565,
        "girlish": 0.09326424870466321,
        "kireime-casual": 0.2935323383084577,
        "lolita": 0.4901408450704226,
        "mode": 0.2450592885375494,
        "natural": 0.2285714285714286,
        "retro": 0.1092896174863388,
        "rock": 0.35036496350364965,
        "street": 0.42105263157894735
      },
      "precision": {
        "conservative": 0.25,
        "dressy": 0.5472636815920398,
        "ethnic": 0.5,
        "fairy": 0.3964757709251101,
        "feminine": 0.189873417721519,
        "gal": 0.2926829268292683,
        "girlish": 0.3333333333333333,
        "kireime-casual": 0.24180327868852458,
        "lolita": 0.4461538461538462,
        "mode": 0.32978723404255317,
        "natural": 0.2413793103448276,
        "retro": 0.17857142857142858,
        "rock": 0.2482758620689655,
        "street": 0.38095238095238093
      },
      "recall": {
        "conservative": 0.3669064748201439,
        "dressy": 0.8148148148148148,
        "ethnic": 0.08527131782945736,
        "fairy": 0.625,
        "feminine": 0.12295081967213115,
        "gal": 0.08391608391608392,
        "girlish": 0.05421686746987952,
        "kireime-casual": 0.37341772151898733,
        "lolita": 0.54375,
        "mode": 0.1949685534591195,
        "natural": 0.21705426356589147,
        "retro": 0.07874015748031496,
        "rock": 0.5950413223140496,
        "street": 0.47058823529411764
      },
      "accuracy": {
        "conservative": 0.3669064748201439,
        "dressy": 0.8148148148148148,
        "ethnic": 0.08527131782945736,
        "fairy": 0.625,
        "feminine": 0.12295081967213115,
        "gal": 0.08391608391608392,
        "girlish": 0.05421686746987952,
        "kireime-casual": 0.37341772151898733,
        "lolita": 0.54375,
        "mode": 0.1949685534591195,
        "natural": 0.21705426356589147,
        "retro": 0.07874015748031496,
        "rock": 0.5950413223140496,
        "street": 0.47058823529411764
      }
    }
  },
  "overfitting_analysis": {
    "overfitting_detected": false,
    "best_val_loss": 2.032250775444892,
    "val_loss_after_best": 2.032250775444892,
    "increase_percentage": 0.0,
    "train_val_gap": 0.11890894883997039
  },
  "training_curves": {
    "train_losses": [
      2.63891273942487,
      2.6251393984104023,
      2.597785528774919,
      2.555332770840875,
      2.49119524544683,
      2.4359223193135753,
      2.379209676282159,
      2.330808371510999,
      2.300705418915584,
      2.274487633129646,
      2.2502575455040765,
      2.229854109780542,
      2.2086723899019174,
      2.1936130630558934,
      2.1985897590374126,
      2.185310994756633,
      2.168715310918874,
      2.155470377001269,
      2.151686462451672,
      2.1511597242848626
    ],
    "val_losses": [
      2.627167240265877,
      2.6018996277163104,
      2.5540973178802,
      2.48422009329642,
      2.3958680668184833,
      2.3298352610680366,
      2.262273173178396,
      2.218117527423366,
      2.1914987160313513,
      2.1616854744572795,
      2.1375857187855627,
      2.1168098911162345,
      2.098479442058071,
      2.0894172441574836,
      2.0797009698806272,
      2.06414177725392,
      2.0549976633441065,
      2.051328512930101,
      2.0478049843542037,
      2.032250775444892
    ],
    "train_accs": [
      7.752942446819998,
      9.664183133570889,
      12.687614728431054,
      15.397905193823561,
      17.557499190152253,
      17.687074829931973,
      20.30018356548969,
      20.958859734369938,
      21.89828312277292,
      22.70813087139618,
      23.377605010258073,
      23.917503509340243,
      24.81373501781665,
      25.202461937155814,
      24.7273512579635,
      25.494007126660186,
      25.871936076017708,
      26.368642695173307,
      26.336248785228378,
      26.56300615484289
    ],