{
  "experiment_id": "seed_333",
  "seed_value": 333,
  "seed_index": 24,
  "timestamp": "2025-11-18T05:29:05.503327",
  "model_type": "text_only",
  "configuration": {
    "learning_rate": 5e-05,
    "batch_size": 32,
    "early_stopping_patience": 5,
    "dropout": 0.5,
    "weight_decay": 0.0001,
    "max_epochs": 20,
    "model_init_seed": 42,
    "data_split_seed": 333,
    "dataset_size": "100% (full dataset)"
  },
  "training_info": {
    "total_epochs": 20,
    "best_epoch": 19,
    "early_stopped": false,
    "total_time_minutes": 3.3780699094136555
  },
  "validation_metrics": {
    "best_val_macro_f1": 0.2777171460418055,
    "best_val_accuracy": 32.358870967741936,
    "best_val_macro_precision": 0.29041540883832495,
    "best_val_macro_recall": 0.3209706160625524,
    "best_val_loss": 2.019495423763029,
    "final_val_macro_f1": 0.27669016542571756,
    "final_val_accuracy": 32.15725806451613,
    "final_val_loss": 2.019495423763029,
    "per_class_metrics": {
      "f1": {
        "conservative": 0.296875,
        "dressy": 0.6170798898071626,
        "ethnic": 0.0522875816993464,
        "fairy": 0.47590361445783125,
        "feminine": 0.11702127659574468,
        "gal": 0.12765957446808512,
        "girlish": 0.05181347150259068,
        "kireime-casual": 0.32608695652173914,
        "lolita": 0.4914285714285714,
        "mode": 0.19130434782608693,
        "natural": 0.23684210526315788,
        "retro": 0.1340782122905028,
        "rock": 0.31176470588235294,
        "street": 0.45789473684210524
      },
      "precision": {
        "conservative": 0.23265306122448978,
        "dressy": 0.4890829694323144,
        "ethnic": 0.16666666666666666,
        "fairy": 0.41798941798941797,
        "feminine": 0.16923076923076924,
        "gal": 0.26666666666666666,
        "girlish": 0.18518518518518517,
        "kireime-casual": 0.24834437086092714,
        "lolita": 0.450261780104712,
        "mode": 0.30985915492957744,
        "natural": 0.2727272727272727,
        "retro": 0.23076923076923078,
        "rock": 0.24311926605504589,
        "street": 0.3832599118942731
      },
      "recall": {
        "conservative": 0.41007194244604317,
        "dressy": 0.835820895522388,
        "ethnic": 0.031007751937984496,
        "fairy": 0.5524475524475524,
        "feminine": 0.08943089430894309,
        "gal": 0.08391608391608392,
        "girlish": 0.030120481927710843,
        "kireime-casual": 0.47468354430379744,
        "lolita": 0.5408805031446541,
        "mode": 0.13836477987421383,
        "natural": 0.20930232558139536,
        "retro": 0.09448818897637795,
        "rock": 0.4344262295081967,
        "street": 0.5686274509803921
      },
      "accuracy": {
        "conservative": 0.41007194244604317,
        "dressy": 0.835820895522388,
        "ethnic": 0.031007751937984496,
        "fairy": 0.5524475524475524,
        "feminine": 0.08943089430894309,
        "gal": 0.08391608391608392,
        "girlish": 0.030120481927710843,
        "kireime-casual": 0.47468354430379744,
        "lolita": 0.5408805031446541,
        "mode": 0.13836477987421383,
        "natural": 0.20930232558139536,
        "retro": 0.09448818897637795,
        "rock": 0.4344262295081967,
        "street": 0.5686274509803921
      }
    }
  },
  "test_metrics": {
    "test_macro_f1": 0.2737794314482241,
    "test_accuracy": 31.68765743073048,
    "test_macro_precision": 0.29954847643037646,
    "test_macro_recall": 0.3149171351112439,
    "test_loss": 2.053229600664169,
    "per_class_metrics": {
      "f1": {
        "conservative": 0.2958904109589041,
        "dressy": 0.6529411764705882,
        "ethnic": 0.13071895424836602,
        "fairy": 0.5315068493150685,
        "feminine": 0.09852216748768473,
        "gal": 0.14364640883977903,
        "girlish": 0.0320855614973262,
        "kireime-casual": 0.28112449799196787,
        "lolita": 0.45921450151057397,
        "mode": 0.17857142857142858,
        "natural": 0.17142857142857143,
        "retro": 0.10638297872340426,
        "rock": 0.3352941176470588,
        "street": 0.4155844155844156
      },
      "precision": {
        "conservative": 0.23893805309734514,
        "dressy": 0.5414634146341464,
        "ethnic": 0.4166666666666667,
        "fairy": 0.43891402714932126,
        "feminine": 0.12345679012345678,
        "gal": 0.34210526315789475,
        "girlish": 0.14285714285714285,
        "kireime-casual": 0.20588235294117646,
        "lolita": 0.4444444444444444,
        "mode": 0.3076923076923077,
        "natural": 0.2222222222222222,
        "retro": 0.16393442622950818,
        "rock": 0.2602739726027397,
        "street": 0.3448275862068966
      },
      "recall": {
        "conservative": 0.38848920863309355,
        "dressy": 0.8222222222222222,
        "ethnic": 0.07751937984496124,
        "fairy": 0.6736111111111112,
        "feminine": 0.08196721311475409,
        "gal": 0.09090909090909091,
        "girlish": 0.018072289156626505,
        "kireime-casual": 0.4430379746835443,
        "lolita": 0.475,
        "mode": 0.12578616352201258,
        "natural": 0.13953488372093023,
        "retro": 0.07874015748031496,
        "rock": 0.47107438016528924,
        "street": 0.5228758169934641
      },
      "accuracy": {
        "conservative": 0.38848920863309355,
        "dressy": 0.8222222222222222,
        "ethnic": 0.07751937984496124,
        "fairy": 0.6736111111111112,
        "feminine": 0.08196721311475409,
        "gal": 0.09090909090909091,
        "girlish": 0.018072289156626505,
        "kireime-casual": 0.4430379746835443,
        "lolita": 0.475,
        "mode": 0.12578616352201258,
        "natural": 0.13953488372093023,
        "retro": 0.07874015748031496,
        "rock": 0.47107438016528924,
        "street": 0.5228758169934641
      }
    }
  },
  "overfitting_analysis": {
    "overfitting_detected": false,
    "best_val_loss": 2.019495423763029,
    "val_loss_after_best": 2.019495423763029,
    "increase_percentage": 0.0,
    "train_val_gap": 0.14328254064808155
  },
  "training_curves": {
    "train_losses": [
      2.637490173043876,
      2.627388672170968,
      2.601673157461758,
      2.560607101177347,
      2.5028889171008406,
      2.4370773529184278,
      2.384732091837916,
      2.3439444081536656,
      2.308519085933422,
      2.2765206254761794,
      2.24616010353483,
      2.240786878404946,
      2.2216682614951297,
      2.203448938090226,
      2.1973809871180303,
      2.182509488072889,
      2.172791766709295,
      2.161771167557815,
      2.1627779644111107,
      2.1533010865079945
    ],
    "val_losses": [
      2.6276240502634356,
      2.6045492387587026,
      2.5586295896960842,
      2.489197523363175,
      2.4046273346870177,
      2.3388460989921325,
      2.2686571421161776,
      2.2244733956552323,
      2.1816540591178404,
      2.155161988350653,
      2.127809920618611,
      2.105147400209981,
      2.093123822442947,
      2.0776469842080147,
      2.072938794089902,
      2.0558025933081105,
      2.042665418117277,
      2.032902004257325,
      2.029317682789218,
      2.019495423763029
    ],
    "train_accs": [
      8.01209372637944,
      9.44822373393802,
      12.849584278155707,
      14.901198574667962,
      16.564085951841054,
      18.594104308390023,
      19.40395205701328,
      20.678112514847207,
      21.282798833819243,
      22.49217147176331,
      23.53957455998272,
      23.874311629413672,
      24.079473059064895,
      24.34942230860598,
      24.792139077853363,
      25.278047727027317,
      25.267249757045676,
      26.638591944714392,
      26.06629953568729,
      26.390238635136594
    ],