{
  "experiment_id": "seed_141",
  "seed_value": 141,
  "seed_index": 15,
  "timestamp": "2025-11-18T04:58:08.431449",
  "model_type": "text_only",
  "configuration": {
    "learning_rate": 5e-05,
    "batch_size": 32,
    "early_stopping_patience": 5,
    "dropout": 0.5,
    "weight_decay": 0.0001,
    "max_epochs": 20,
    "model_init_seed": 42,
    "data_split_seed": 141,
    "dataset_size": "100% (full dataset)"
  },
  "training_info": {
    "total_epochs": 20,
    "best_epoch": 20,
    "early_stopped": false,
    "total_time_minutes": 3.383002968629201
  },
  "validation_metrics": {
    "best_val_macro_f1": 0.2727830619102237,
    "best_val_accuracy": 31.552419354838708,
    "best_val_macro_precision": 0.28938366317614506,
    "best_val_macro_recall": 0.3134440640647118,
    "best_val_loss": 2.0437493497325527,
    "final_val_macro_f1": 0.2727830619102237,
    "final_val_accuracy": 31.552419354838708,
    "final_val_loss": 2.0437493497325527,
    "per_class_metrics": {
      "f1": {
        "conservative": 0.31728045325779036,
        "dressy": 0.612565445026178,
        "ethnic": 0.14723926380368096,
        "fairy": 0.4623955431754874,
        "feminine": 0.17757009345794394,
        "gal": 0.09375000000000001,
        "girlish": 0.08121827411167513,
        "kireime-casual": 0.28272251308900526,
        "lolita": 0.4896907216494845,
        "mode": 0.1596244131455399,
        "natural": 0.18502202643171808,
        "retro": 0.1407035175879397,
        "rock": 0.25418060200668896,
        "street": 0.415
      },
      "precision": {
        "conservative": 0.2616822429906542,
        "dressy": 0.4717741935483871,
        "ethnic": 0.35294117647058826,
        "fairy": 0.38425925925925924,
        "feminine": 0.2087912087912088,
        "gal": 0.1836734693877551,
        "girlish": 0.25806451612903225,
        "kireime-casual": 0.24107142857142858,
        "lolita": 0.4148471615720524,
        "mode": 0.3148148148148148,
        "natural": 0.21428571428571427,
        "retro": 0.19444444444444445,
        "rock": 0.21468926553672316,
        "street": 0.3360323886639676
      },
      "recall": {
        "conservative": 0.4028776978417266,
        "dressy": 0.8731343283582089,
        "ethnic": 0.09302325581395349,
        "fairy": 0.5804195804195804,
        "feminine": 0.15447154471544716,
        "gal": 0.06293706293706294,
        "girlish": 0.04819277108433735,
        "kireime-casual": 0.34177215189873417,
        "lolita": 0.5974842767295597,
        "mode": 0.1069182389937107,
        "natural": 0.16279069767441862,
        "retro": 0.11023622047244094,
        "rock": 0.3114754098360656,
        "street": 0.5424836601307189
      },
      "accuracy": {
        "conservative": 0.4028776978417266,
        "dressy": 0.8731343283582089,
        "ethnic": 0.09302325581395349,
        "fairy": 0.5804195804195804,
        "feminine": 0.15447154471544716,
        "gal": 0.06293706293706294,
        "girlish": 0.04819277108433735,
        "kireime-casual": 0.34177215189873417,
        "lolita": 0.5974842767295597,
        "mode": 0.1069182389937107,
        "natural": 0.16279069767441862,
        "retro": 0.11023622047244094,
        "rock": 0.3114754098360656,
        "street": 0.5424836601307189
      }
    }
  },
  "test_metrics": {
    "test_macro_f1": 0.27561725638007356,
    "test_accuracy": 32.544080604534,
    "test_macro_precision": 0.28268342491515563,
    "test_macro_recall": 0.3219379979095193,
    "test_loss": 2.0428961572192965,
    "per_class_metrics": {
      "f1": {
        "conservative": 0.3136094674556213,
        "dressy": 0.6201550387596899,
        "ethnic": 0.08484848484848485,
        "fairy": 0.4818652849740932,
        "feminine": 0.09803921568627451,
        "gal": 0.1134020618556701,
        "girlish": 0.0816326530612245,
        "kireime-casual": 0.26943005181347146,
        "lolita": 0.47738693467336685,
        "mode": 0.2145922746781116,
        "natural": 0.21198156682027652,
        "retro": 0.07650273224043715,
        "rock": 0.33999999999999997,
        "street": 0.4751958224543081
      },
      "precision": {
        "conservative": 0.2663316582914573,
        "dressy": 0.47619047619047616,
        "ethnic": 0.19444444444444445,
        "fairy": 0.384297520661157,
        "feminine": 0.12195121951219512,
        "gal": 0.21568627450980393,
        "girlish": 0.26666666666666666,
        "kireime-casual": 0.22807017543859648,
        "lolita": 0.39915966386554624,
        "mode": 0.33783783783783783,
        "natural": 0.26136363636363635,
        "retro": 0.125,
        "rock": 0.2849162011173184,
        "street": 0.39565217391304347
      },
      "recall": {
        "conservative": 0.381294964028777,
        "dressy": 0.8888888888888888,
        "ethnic": 0.05426356589147287,
        "fairy": 0.6458333333333334,
        "feminine": 0.08196721311475409,
        "gal": 0.07692307692307693,
        "girlish": 0.04819277108433735,
        "kireime-casual": 0.3291139240506329,
        "lolita": 0.59375,
        "mode": 0.15723270440251572,
        "natural": 0.17829457364341086,
        "retro": 0.05511811023622047,
        "rock": 0.4214876033057851,
        "street": 0.5947712418300654
      },
      "accuracy": {
        "conservative": 0.381294964028777,
        "dressy": 0.8888888888888888,
        "ethnic": 0.05426356589147287,
        "fairy": 0.6458333333333334,
        "feminine": 0.08196721311475409,
        "gal": 0.07692307692307693,
        "girlish": 0.04819277108433735,
        "kireime-casual": 0.3291139240506329,
        "lolita": 0.59375,
        "mode": 0.15723270440251572,
        "natural": 0.17829457364341086,
        "retro": 0.05511811023622047,
        "rock": 0.4214876033057851,
        "street": 0.5947712418300654
      }
    }
  },
  "overfitting_analysis": {
    "overfitting_detected": false,
    "best_val_loss": 2.0437493497325527,
    "val_loss_after_best": 2.0437493497325527,
    "increase_percentage": 0.0,
    "train_val_gap": 0.10118629147399139
  },
  "training_curves": {
    "train_losses": [
      2.6382516071714206,
      2.6277267579374644,
      2.6047502172404324,
      2.5660378086155857,
      2.507099722171652,
      2.442041639623971,
      2.3878376746999805,
      2.34020268177164,
      2.2990640895120027,
      2.2765470085472894,
      2.248690196974524,
      2.230608449311092,
      2.220797415026303,
      2.2036704733453947,
      2.19120800577361,
      2.1782796362350725,
      2.1847658535529826,
      2.1688163740881556,
      2.149897353813566,
      2.144935641206544
    ],
    "val_losses": [
      2.6274564189295613,
      2.6066009959866925,
      2.5660210847854614,
      2.497841069775243,
      2.4126561841657086,
      2.3334810733795166,
      2.267571703080208,
      2.218674611660742,
      2.1823970271695043,
      2.1604991920532717,
      2.141996675922025,
      2.127081826809914,
      2.1125209869876986,
      2.103366317287568,
      2.088951954918523,
      2.08051404453093,
      2.0718103012731,
      2.063990266092362,
      2.0520832846241612,
      2.0437493497325527
    ],
    "train_accs": [
      7.569376957132059,
      9.135082604470359,
      12.342079689018465,
      14.598855415181946,
      17.881438289601554,
      18.496922578555232,
      20.321779505452973,
      21.03444552424144,
      22.254616132167154,
      22.924090271029048,
      23.409998920203,
      24.284634488716122,
      23.917503509340243,
      24.392614188532555,
      25.018896447467878,
      25.267249757045676,
      25.44001727675197,
      25.418421336788683,
      26.649389914696037,
      26.703379764604254
    ],