{
  "experiment_id": "seed_360",
  "seed_value": 360,
  "seed_index": 26,
  "timestamp": "2025-11-18T05:35:58.471771",
  "model_type": "text_only",
  "configuration": {
    "learning_rate": 5e-05,
    "batch_size": 32,
    "early_stopping_patience": 5,
    "dropout": 0.5,
    "weight_decay": 0.0001,
    "max_epochs": 20,
    "model_init_seed": 42,
    "data_split_seed": 360,
    "dataset_size": "100% (full dataset)"
  },
  "training_info": {
    "total_epochs": 20,
    "best_epoch": 20,
    "early_stopped": false,
    "total_time_minutes": 3.3734326998392743
  },
  "validation_metrics": {
    "best_val_macro_f1": 0.28499771015283704,
    "best_val_accuracy": 33.215725806451616,
    "best_val_macro_precision": 0.29563703589415596,
    "best_val_macro_recall": 0.3308165171664769,
    "best_val_loss": 2.0187188386917114,
    "final_val_macro_f1": 0.28499771015283704,
    "final_val_accuracy": 33.215725806451616,
    "final_val_loss": 2.0189897168067192,
    "per_class_metrics": {
      "f1": {
        "conservative": 0.27301587301587305,
        "dressy": 0.6647887323943662,
        "ethnic": 0.1411764705882353,
        "fairy": 0.5040214477211795,
        "feminine": 0.16964285714285715,
        "gal": 0.056497175141242945,
        "girlish": 0.03296703296703296,
        "kireime-casual": 0.35813953488372086,
        "lolita": 0.5,
        "mode": 0.22058823529411767,
        "natural": 0.16853932584269662,
        "retro": 0.14736842105263157,
        "rock": 0.3333333333333333,
        "street": 0.419889502762431
      },
      "precision": {
        "conservative": 0.24431818181818182,
        "dressy": 0.5339366515837104,
        "ethnic": 0.2926829268292683,
        "fairy": 0.40869565217391307,
        "feminine": 0.18811881188118812,
        "gal": 0.14705882352941177,
        "girlish": 0.1875,
        "kireime-casual": 0.28308823529411764,
        "lolita": 0.4517766497461929,
        "mode": 0.26548672566371684,
        "natural": 0.30612244897959184,
        "retro": 0.2222222222222222,
        "rock": 0.24427480916030533,
        "street": 0.36363636363636365
      },
      "recall": {
        "conservative": 0.30935251798561153,
        "dressy": 0.8805970149253731,
        "ethnic": 0.09302325581395349,
        "fairy": 0.6573426573426573,
        "feminine": 0.15447154471544716,
        "gal": 0.03496503496503497,
        "girlish": 0.018072289156626505,
        "kireime-casual": 0.4873417721518987,
        "lolita": 0.559748427672956,
        "mode": 0.18867924528301888,
        "natural": 0.11627906976744186,
        "retro": 0.11023622047244094,
        "rock": 0.5245901639344263,
        "street": 0.49673202614379086
      },
      "accuracy": {
        "conservative": 0.30935251798561153,
        "dressy": 0.8805970149253731,
        "ethnic": 0.09302325581395349,
        "fairy": 0.6573426573426573,
        "feminine": 0.15447154471544716,
        "gal": 0.03496503496503497,
        "girlish": 0.018072289156626505,
        "kireime-casual": 0.4873417721518987,
        "lolita": 0.559748427672956,
        "mode": 0.18867924528301888,
        "natural": 0.11627906976744186,
        "retro": 0.11023622047244094,
        "rock": 0.5245901639344263,
        "street": 0.49673202614379086
      }
    }
  },
  "test_metrics": {
    "test_macro_f1": 0.28257338198719634,
    "test_accuracy": 32.896725440806044,
    "test_macro_precision": 0.29848607635440344,
    "test_macro_recall": 0.32619151583775186,
    "test_loss": 2.046951727261619,
    "per_class_metrics": {
      "f1": {
        "conservative": 0.3176470588235294,
        "dressy": 0.639784946236559,
        "ethnic": 0.11695906432748539,
        "fairy": 0.49322493224932246,
        "feminine": 0.09478672985781991,
        "gal": 0.10465116279069768,
        "girlish": 0.06349206349206349,
        "kireime-casual": 0.26598465473145777,
        "lolita": 0.5057471264367817,
        "mode": 0.26760563380281693,
        "natural": 0.17708333333333334,
        "retro": 0.10752688172043011,
        "rock": 0.3191489361702128,
        "street": 0.4823848238482385
      },
      "precision": {
        "conservative": 0.26865671641791045,
        "dressy": 0.5021097046413502,
        "ethnic": 0.23809523809523808,
        "fairy": 0.40444444444444444,
        "feminine": 0.11235955056179775,
        "gal": 0.3103448275862069,
        "girlish": 0.2608695652173913,
        "kireime-casual": 0.22317596566523606,
        "lolita": 0.46808510638297873,
        "mode": 0.304,
        "natural": 0.2698412698412698,
        "retro": 0.1694915254237288,
        "rock": 0.23529411764705882,
        "street": 0.41203703703703703
      },
      "recall": {
        "conservative": 0.38848920863309355,
        "dressy": 0.8814814814814815,
        "ethnic": 0.07751937984496124,
        "fairy": 0.6319444444444444,
        "feminine": 0.08196721311475409,
        "gal": 0.06293706293706294,
        "girlish": 0.03614457831325301,
        "kireime-casual": 0.3291139240506329,
        "lolita": 0.55,
        "mode": 0.2389937106918239,
        "natural": 0.13178294573643412,
        "retro": 0.07874015748031496,
        "rock": 0.49586776859504134,
        "street": 0.5816993464052288
      },
      "accuracy": {
        "conservative": 0.38848920863309355,
        "dressy": 0.8814814814814815,
        "ethnic": 0.07751937984496124,
        "fairy": 0.6319444444444444,
        "feminine": 0.08196721311475409,
        "gal": 0.06293706293706294,
        "girlish": 0.03614457831325301,
        "kireime-casual": 0.3291139240506329,
        "lolita": 0.55,
        "mode": 0.2389937106918239,
        "natural": 0.13178294573643412,
        "retro": 0.07874015748031496,
        "rock": 0.49586776859504134,
        "street": 0.5816993464052288
      }
    }
  },
  "overfitting_analysis": {
    "overfitting_detected": false,
    "best_val_loss": 2.0187188386917114,
    "val_loss_after_best": 2.0189897168067192,
    "increase_percentage": 0.0,
    "train_val_gap": 0.14320165741032564
  },
  "training_curves": {
    "train_losses": [
      2.6383364307469335,
      2.627377774797637,
      2.6078117699458683,
      2.5694644130509476,
      2.5114724710069853,
      2.4433385158407277,
      2.390925227362534,
      2.3528686613872134,
      2.3099042144314996,
      2.281548116535976,
      2.258206076868649,
      2.242126626803957,
      2.228361333649734,
      2.211525018050753,
      2.195239505685609,
      2.190630380449624,
      2.182795326874174,
      2.178755518896826,
      2.160321962422338,
      2.161920496102037
    ],
    "val_losses": [
      2.62723567024354,
      2.606381081765698,
      2.5695520408691896,
      2.500526785850525,
      2.411531348382273,
      2.330176991801108,
      2.270140444078753,
      2.2174393803842607,
      2.172789973597373,
      2.1441843355855634,
      2.1254146425954756,
      2.110202795074832,
      2.0894665968033577,
      2.0743027060262618,
      2.060345390150624,
      2.0646316524474853,
      2.0418191033024944,
      2.0371876647395473,
      2.0187188386917114,
      2.0189897168067192
    ],
    "train_accs": [
      7.6773566569484935,
      9.286254184213368,
      12.115322319403951,
      14.77162293488824,
      16.888025051290356,
      18.15138753914264,
      19.598315516682863,
      19.61991145664615,
      21.05604146420473,
      21.43397041356225,
      22.675736961451246,
      23.701544109707374,
      23.669150199762445,
      24.047079149119966,
      24.30623042867941,
      25.450815246733615,
      25.386027426843754,
      25.202461937155814,
      25.7207644962747,
      25.70996652629306
    ],