{
  "experiment_id": "seed_115",
  "seed_value": 115,
  "seed_index": 12,
  "timestamp": "2025-11-18T04:47:49.233798",
  "model_type": "text_only",
  "configuration": {
    "learning_rate": 5e-05,
    "batch_size": 32,
    "early_stopping_patience": 5,
    "dropout": 0.5,
    "weight_decay": 0.0001,
    "max_epochs": 20,
    "model_init_seed": 42,
    "data_split_seed": 115,
    "dataset_size": "100% (full dataset)"
  },
  "training_info": {
    "total_epochs": 20,
    "best_epoch": 19,
    "early_stopped": false,
    "total_time_minutes": 3.352577356497447
  },
  "validation_metrics": {
    "best_val_macro_f1": 0.2891651570077146,
    "best_val_accuracy": 33.618951612903224,
    "best_val_macro_precision": 0.3125477049782133,
    "best_val_macro_recall": 0.3323627778720023,
    "best_val_loss": 2.008031687428874,
    "final_val_macro_f1": 0.2838471468685767,
    "final_val_accuracy": 33.568548387096776,
    "final_val_loss": 2.008031687428874,
    "per_class_metrics": {
      "f1": {
        "conservative": 0.32307692307692304,
        "dressy": 0.5750636132315522,
        "ethnic": 0.15,
        "fairy": 0.5126760563380283,
        "feminine": 0.12345679012345678,
        "gal": 0.15217391304347827,
        "girlish": 0.0,
        "kireime-casual": 0.3150357995226731,
        "lolita": 0.5545722713864306,
        "mode": 0.2575107296137339,
        "natural": 0.20408163265306123,
        "retro": 0.14545454545454545,
        "rock": 0.2977099236641222,
        "street": 0.4375
      },
      "precision": {
        "conservative": 0.250996015936255,
        "dressy": 0.4362934362934363,
        "ethnic": 0.3870967741935484,
        "fairy": 0.42924528301886794,
        "feminine": 0.125,
        "gal": 0.34146341463414637,
        "girlish": 0.0,
        "kireime-casual": 0.25287356321839083,
        "lolita": 0.5222222222222223,
        "mode": 0.40540540540540543,
        "natural": 0.29850746268656714,
        "retro": 0.3157894736842105,
        "rock": 0.2785714285714286,
        "street": 0.33220338983050846
      },
      "recall": {
        "conservative": 0.45323741007194246,
        "dressy": 0.8432835820895522,
        "ethnic": 0.09302325581395349,
        "fairy": 0.6363636363636364,
        "feminine": 0.12195121951219512,
        "gal": 0.0979020979020979,
        "girlish": 0.0,
        "kireime-casual": 0.4177215189873418,
        "lolita": 0.5911949685534591,
        "mode": 0.18867924528301888,
        "natural": 0.15503875968992248,
        "retro": 0.09448818897637795,
        "rock": 0.319672131147541,
        "street": 0.6405228758169934
      },
      "accuracy": {
        "conservative": 0.45323741007194246,
        "dressy": 0.8432835820895522,
        "ethnic": 0.09302325581395349,
        "fairy": 0.6363636363636364,
        "feminine": 0.12195121951219512,
        "gal": 0.0979020979020979,
        "girlish": 0.0,
        "kireime-casual": 0.4177215189873418,
        "lolita": 0.5911949685534591,
        "mode": 0.18867924528301888,
        "natural": 0.15503875968992248,
        "retro": 0.09448818897637795,
        "rock": 0.319672131147541,
        "street": 0.6405228758169934
      }
    }
  },
  "test_metrics": {
    "test_macro_f1": 0.24971728990098926,
    "test_accuracy": 30.025188916876573,
    "test_macro_precision": 0.2714021552342971,
    "test_macro_recall": 0.29674146013798736,
    "test_loss": 2.0350084815706526,
    "per_class_metrics": {
      "f1": {
        "conservative": 0.3,
        "dressy": 0.6086956521739131,
        "ethnic": 0.09589041095890412,
        "fairy": 0.5,
        "feminine": 0.168141592920354,
        "gal": 0.08743169398907104,
        "girlish": 0.052083333333333336,
        "kireime-casual": 0.2239185750636132,
        "lolita": 0.4619883040935673,
        "mode": 0.18025751072961374,
        "natural": 0.12021857923497267,
        "retro": 0.04371584699453552,
        "rock": 0.22545454545454546,
        "street": 0.42824601366742593
      },
      "precision": {
        "conservative": 0.22419928825622776,
        "dressy": 0.46484375,
        "ethnic": 0.4117647058823529,
        "fairy": 0.41363636363636364,
        "feminine": 0.18269230769230768,
        "gal": 0.2,
        "girlish": 0.19230769230769232,
        "kireime-casual": 0.18723404255319148,
        "lolita": 0.4340659340659341,
        "mode": 0.28378378378378377,
        "natural": 0.2037037037037037,
        "retro": 0.07142857142857142,
        "rock": 0.2012987012987013,
        "street": 0.32867132867132864
      },
      "recall": {
        "conservative": 0.45323741007194246,
        "dressy": 0.8814814814814815,
        "ethnic": 0.05426356589147287,
        "fairy": 0.6319444444444444,
        "feminine": 0.1557377049180328,
        "gal": 0.055944055944055944,
        "girlish": 0.030120481927710843,
        "kireime-casual": 0.27848101265822783,
        "lolita": 0.49375,
        "mode": 0.1320754716981132,
        "natural": 0.08527131782945736,
        "retro": 0.031496062992125984,
        "rock": 0.256198347107438,
        "street": 0.6143790849673203
      },
      "accuracy": {
        "conservative": 0.45323741007194246,
        "dressy": 0.8814814814814815,
        "ethnic": 0.05426356589147287,
        "fairy": 0.6319444444444444,
        "feminine": 0.1557377049180328,
        "gal": 0.055944055944055944,
        "girlish": 0.030120481927710843,
        "kireime-casual": 0.27848101265822783,
        "lolita": 0.49375,
        "mode": 0.1320754716981132,
        "natural": 0.08527131782945736,
        "retro": 0.031496062992125984,
        "rock": 0.256198347107438,
        "street": 0.6143790849673203
      }
    }
  },
  "overfitting_analysis": {
    "overfitting_detected": false,
    "best_val_loss": 2.008031687428874,
    "val_loss_after_best": 2.008031687428874,
    "increase_percentage": 0.0,
    "train_val_gap": 0.15949541887266383
  },
  "training_curves": {
    "train_losses": [
      2.6387804721963817,
      2.62677851380973,
      2.60720089550676,
      2.571200525349584,
      2.5126026926369502,
      2.4475728668015577,
      2.395418308521139,
      2.3507940432121015,
      2.3133126513711337,
      2.287837003839427,
      2.262161683214122,
      2.2422630495038525,
      2.224700525300256,
      2.2118507927861706,
      2.20604344195333,
      2.193592540149031,
      2.1711176551621536,
      2.1713862567112363,
      2.167527106301538,
      2.165068669565793
    ],
    "val_losses": [
      2.6268632450411395,
      2.6067047772868985,
      2.5663219921050535,
      2.5015427258706864,
      2.4137368702119395,
      2.33390413945721,
      2.264506409245153,
      2.2111648321151733,
      2.172846657614554,
      2.1414027175595685,
      2.115494910747774,
      2.0938907015708184,
      2.0897132542825516,
      2.064733270675905,
      2.0550859397457493,
      2.037440586474634,
      2.03403659982066,
      2.0239048138741524,
      2.0094873020725865,
      2.008031687428874
    ],
    "train_accs": [
      7.558578987150415,
      9.394233884029802,
      11.92095885973437,
      14.004967066191556,
      16.564085951841054,
      18.162185509124285,
      19.501133786848072,
      20.753698304718714,
      21.477162293488824,
      21.71471763308498,
      23.064463880790413,
      23.93909944930353,
      23.550372529964367,
      24.111866969009824,
      24.738149227945147,
      24.84612892776158,
      26.09869344563222,
      25.882734045999353,
      25.569592916531693,
      26.055501565705647
    ],