{
  "experiment_id": "seed_215",
  "seed_value": 215,
  "seed_index": 16,
  "timestamp": "2025-11-18T05:01:34.758322",
  "model_type": "text_only",
  "configuration": {
    "learning_rate": 5e-05,
    "batch_size": 32,
    "early_stopping_patience": 5,
    "dropout": 0.5,
    "weight_decay": 0.0001,
    "max_epochs": 20,
    "model_init_seed": 42,
    "data_split_seed": 215,
    "dataset_size": "100% (full dataset)"
  },
  "training_info": {
    "total_epochs": 20,
    "best_epoch": 20,
    "early_stopped": false,
    "total_time_minutes": 3.368379251162211
  },
  "validation_metrics": {
    "best_val_macro_f1": 0.27998326542045743,
    "best_val_accuracy": 32.358870967741936,
    "best_val_macro_precision": 0.3066911274678152,
    "best_val_macro_recall": 0.31994865622313945,
    "best_val_loss": 2.03963356056521,
    "final_val_macro_f1": 0.27998326542045743,
    "final_val_accuracy": 32.358870967741936,
    "final_val_loss": 2.0431626439094543,
    "per_class_metrics": {
      "f1": {
        "conservative": 0.3,
        "dressy": 0.6432432432432432,
        "ethnic": 0.1581920903954802,
        "fairy": 0.5105105105105104,
        "feminine": 0.13402061855670105,
        "gal": 0.12765957446808512,
        "girlish": 0.05263157894736842,
        "kireime-casual": 0.2932166301969365,
        "lolita": 0.475,
        "mode": 0.2616822429906542,
        "natural": 0.15469613259668508,
        "retro": 0.09523809523809523,
        "rock": 0.27299703264094954,
        "street": 0.4406779661016949
      },
      "precision": {
        "conservative": 0.2537313432835821,
        "dressy": 0.5042372881355932,
        "ethnic": 0.2916666666666667,
        "fairy": 0.4473684210526316,
        "feminine": 0.18309859154929578,
        "gal": 0.26666666666666666,
        "girlish": 0.20833333333333334,
        "kireime-casual": 0.22408026755852842,
        "lolita": 0.4720496894409938,
        "mode": 0.25925925925925924,
        "natural": 0.2692307692307692,
        "retro": 0.35,
        "rock": 0.21395348837209302,
        "street": 0.35
      },
      "recall": {
        "conservative": 0.3669064748201439,
        "dressy": 0.8880597014925373,
        "ethnic": 0.10852713178294573,
        "fairy": 0.5944055944055944,
        "feminine": 0.10569105691056911,
        "gal": 0.08391608391608392,
        "girlish": 0.030120481927710843,
        "kireime-casual": 0.4240506329113924,
        "lolita": 0.4779874213836478,
        "mode": 0.2641509433962264,
        "natural": 0.10852713178294573,
        "retro": 0.05511811023622047,
        "rock": 0.3770491803278688,
        "street": 0.5947712418300654
      },
      "accuracy": {
        "conservative": 0.3669064748201439,
        "dressy": 0.8880597014925373,
        "ethnic": 0.10852713178294573,
        "fairy": 0.5944055944055944,
        "feminine": 0.10569105691056911,
        "gal": 0.08391608391608392,
        "girlish": 0.030120481927710843,
        "kireime-casual": 0.4240506329113924,
        "lolita": 0.4779874213836478,
        "mode": 0.2641509433962264,
        "natural": 0.10852713178294573,
        "retro": 0.05511811023622047,
        "rock": 0.3770491803278688,
        "street": 0.5947712418300654
      }
    }
  },
  "test_metrics": {
    "test_macro_f1": 0.27788524687678684,
    "test_accuracy": 32.49370277078086,
    "test_macro_precision": 0.29158173466760295,
    "test_macro_recall": 0.322667806583872,
    "test_loss": 2.0166580222901844,
    "per_class_metrics": {
      "f1": {
        "conservative": 0.27027027027027023,
        "dressy": 0.6201550387596899,
        "ethnic": 0.10055865921787709,
        "fairy": 0.49586776859504134,
        "feminine": 0.12121212121212122,
        "gal": 0.1507537688442211,
        "girlish": 0.02247191011235955,
        "kireime-casual": 0.25850340136054417,
        "lolita": 0.49673202614379086,
        "mode": 0.261437908496732,
        "natural": 0.12716763005780346,
        "retro": 0.1226993865030675,
        "rock": 0.36781609195402304,
        "street": 0.4747474747474748
      },
      "precision": {
        "conservative": 0.23195876288659795,
        "dressy": 0.47619047619047616,
        "ethnic": 0.18,
        "fairy": 0.410958904109589,
        "feminine": 0.15789473684210525,
        "gal": 0.26785714285714285,
        "girlish": 0.16666666666666666,
        "kireime-casual": 0.20141342756183744,
        "lolita": 0.5205479452054794,
        "mode": 0.272108843537415,
        "natural": 0.25,
        "retro": 0.2777777777777778,
        "rock": 0.28193832599118945,
        "street": 0.3868312757201646
      },
      "recall": {
        "conservative": 0.3237410071942446,
        "dressy": 0.8888888888888888,
        "ethnic": 0.06976744186046512,
        "fairy": 0.625,
        "feminine": 0.09836065573770492,
        "gal": 0.1048951048951049,
        "girlish": 0.012048192771084338,
        "kireime-casual": 0.36075949367088606,
        "lolita": 0.475,
        "mode": 0.25157232704402516,
        "natural": 0.08527131782945736,
        "retro": 0.07874015748031496,
        "rock": 0.5289256198347108,
        "street": 0.6143790849673203
      },
      "accuracy": {
        "conservative": 0.3237410071942446,
        "dressy": 0.8888888888888888,
        "ethnic": 0.06976744186046512,
        "fairy": 0.625,
        "feminine": 0.09836065573770492,
        "gal": 0.1048951048951049,
        "girlish": 0.012048192771084338,
        "kireime-casual": 0.36075949367088606,
        "lolita": 0.475,
        "mode": 0.25157232704402516,
        "natural": 0.08527131782945736,
        "retro": 0.07874015748031496,
        "rock": 0.5289256198347108,
        "street": 0.6143790849673203
      }
    }
  },
  "overfitting_analysis": {
    "overfitting_detected": false,
    "best_val_loss": 2.03963356056521,
    "val_loss_after_best": 2.0431626439094543,
    "increase_percentage": 0.0,
    "train_val_gap": 0.11729766174206091
  },
  "training_curves": {
    "train_losses": [
      2.6394081847421056,
      2.626360478894464,
      2.6050282618095135,
      2.5624318542151614,
      2.500489698607346,
      2.4355193047687926,
      2.3820482393790936,
      2.3393391387215976,
      2.3019028310118053,
      2.2797312646076597,
      2.254556854428916,
      2.2418258218929688,
      2.223505972171652,
      2.204080609617562,
      2.2027175500475127,
      2.1845259444466953,
      2.1812072166081133,
      2.1690138672960217,
      2.1566517464045822,
      2.156931222307271
    ],
    "val_losses": [
      2.627766236182182,
      2.6065378227541522,
      2.5634819653726395,
      2.489642427813622,
      2.404759241688636,
      2.322597453671117,
      2.267211594889241,
      2.222240311484183,
      2.18372755858206,
      2.164093127173762,
      2.135235196159732,
      2.116757208301175,
      2.103416112161452,
      2.096064955957474,
      2.08489284400017,
      2.069142549268661,
      2.0692207428716842,
      2.0494535084693664,
      2.03963356056521,
      2.0431626439094543
    ],
    "train_accs": [
      7.35341755749919,
      9.631789223625958,
      11.888564949789439,
      14.933592484612893,
      17.276751970629523,
      18.788467768059604,
      20.278587625526402,
      20.80768815462693,
      21.40157650361732,
      21.865889212827987,
      22.40578771191016,
      23.39920095022136,
      23.6583522297808,
      24.198250728862973,
      24.079473059064895,
      25.051290357412807,
      25.083684267357736,
      25.418421336788683,
      25.515603066623473,
      26.379440665154952
    ],