{
  "experiment_id": "seed_120",
  "seed_value": 120,
  "seed_index": 13,
  "timestamp": "2025-11-18T04:51:15.363142",
  "model_type": "text_only",
  "configuration": {
    "learning_rate": 5e-05,
    "batch_size": 32,
    "early_stopping_patience": 5,
    "dropout": 0.5,
    "weight_decay": 0.0001,
    "max_epochs": 20,
    "model_init_seed": 42,
    "data_split_seed": 120,
    "dataset_size": "100% (full dataset)"
  },
  "training_info": {
    "total_epochs": 20,
    "best_epoch": 20,
    "early_stopped": false,
    "total_time_minutes": 3.3648495078086853
  },
  "validation_metrics": {
    "best_val_macro_f1": 0.2802290453208157,
    "best_val_accuracy": 32.207661290322584,
    "best_val_macro_precision": 0.28615042310403077,
    "best_val_macro_recall": 0.32003908883144844,
    "best_val_loss": 2.0435688091862585,
    "final_val_macro_f1": 0.2802290453208157,
    "final_val_accuracy": 32.207661290322584,
    "final_val_loss": 2.0435688091862585,
    "per_class_metrics": {
      "f1": {
        "conservative": 0.35772357723577236,
        "dressy": 0.5796344647519582,
        "ethnic": 0.15476190476190474,
        "fairy": 0.48071216617210677,
        "feminine": 0.12121212121212122,
        "gal": 0.10731707317073172,
        "girlish": 0.02072538860103627,
        "kireime-casual": 0.3034482758620689,
        "lolita": 0.5080385852090032,
        "mode": 0.2053231939163498,
        "natural": 0.2523364485981308,
        "retro": 0.0930232558139535,
        "rock": 0.29283489096573206,
        "street": 0.4461152882205514
      },
      "precision": {
        "conservative": 0.28695652173913044,
        "dressy": 0.4457831325301205,
        "ethnic": 0.3333333333333333,
        "fairy": 0.4175257731958763,
        "feminine": 0.16,
        "gal": 0.1774193548387097,
        "girlish": 0.07407407407407407,
        "kireime-casual": 0.23826714801444043,
        "lolita": 0.5197368421052632,
        "mode": 0.25961538461538464,
        "natural": 0.3176470588235294,
        "retro": 0.17777777777777778,
        "rock": 0.23618090452261306,
        "street": 0.3617886178861789
      },
      "recall": {
        "conservative": 0.4748201438848921,
        "dressy": 0.8283582089552238,
        "ethnic": 0.10077519379844961,
        "fairy": 0.5664335664335665,
        "feminine": 0.0975609756097561,
        "gal": 0.07692307692307693,
        "girlish": 0.012048192771084338,
        "kireime-casual": 0.4177215189873418,
        "lolita": 0.4968553459119497,
        "mode": 0.16981132075471697,
        "natural": 0.20930232558139536,
        "retro": 0.06299212598425197,
        "rock": 0.38524590163934425,
        "street": 0.5816993464052288
      },
      "accuracy": {
        "conservative": 0.4748201438848921,
        "dressy": 0.8283582089552238,
        "ethnic": 0.10077519379844961,
        "fairy": 0.5664335664335665,
        "feminine": 0.0975609756097561,
        "gal": 0.07692307692307693,
        "girlish": 0.012048192771084338,
        "kireime-casual": 0.4177215189873418,
        "lolita": 0.4968553459119497,
        "mode": 0.16981132075471697,
        "natural": 0.20930232558139536,
        "retro": 0.06299212598425197,
        "rock": 0.38524590163934425,
        "street": 0.5816993464052288
      }
    }
  },
  "test_metrics": {
    "test_macro_f1": 0.28336953851790725,
    "test_accuracy": 32.594458438287155,
    "test_macro_precision": 0.2979347036405713,
    "test_macro_recall": 0.3237823855933496,
    "test_loss": 2.004858756822253,
    "per_class_metrics": {
      "f1": {
        "conservative": 0.2764227642276423,
        "dressy": 0.6153846153846154,
        "ethnic": 0.10843373493975904,
        "fairy": 0.5421686746987951,
        "feminine": 0.101010101010101,
        "gal": 0.1407035175879397,
        "girlish": 0.053763440860215055,
        "kireime-casual": 0.2830188679245283,
        "lolita": 0.5165165165165165,
        "mode": 0.2071713147410358,
        "natural": 0.19909502262443438,
        "retro": 0.13559322033898305,
        "rock": 0.3323943661971831,
        "street": 0.45549738219895286
      },
      "precision": {
        "conservative": 0.2217391304347826,
        "dressy": 0.4793388429752066,
        "ethnic": 0.24324324324324326,
        "fairy": 0.4787234042553192,
        "feminine": 0.13157894736842105,
        "gal": 0.25,
        "girlish": 0.25,
        "kireime-casual": 0.22556390977443608,
        "lolita": 0.49710982658959535,
        "mode": 0.2826086956521739,
        "natural": 0.2391304347826087,
        "retro": 0.24,
        "rock": 0.25213675213675213,
        "street": 0.3799126637554585
      },
      "recall": {
        "conservative": 0.3669064748201439,
        "dressy": 0.8592592592592593,
        "ethnic": 0.06976744186046512,
        "fairy": 0.625,
        "feminine": 0.08196721311475409,
        "gal": 0.0979020979020979,
        "girlish": 0.030120481927710843,
        "kireime-casual": 0.379746835443038,
        "lolita": 0.5375,
        "mode": 0.16352201257861634,
        "natural": 0.17054263565891473,
        "retro": 0.09448818897637795,
        "rock": 0.48760330578512395,
        "street": 0.5686274509803921
      },
      "accuracy": {
        "conservative": 0.3669064748201439,
        "dressy": 0.8592592592592593,
        "ethnic": 0.06976744186046512,
        "fairy": 0.625,
        "feminine": 0.08196721311475409,
        "gal": 0.0979020979020979,
        "girlish": 0.030120481927710843,
        "kireime-casual": 0.379746835443038,
        "lolita": 0.5375,
        "mode": 0.16352201257861634,
        "natural": 0.17054263565891473,
        "retro": 0.09448818897637795,
        "rock": 0.48760330578512395,
        "street": 0.5686274509803921
      }
    }
  },
  "overfitting_analysis": {
    "overfitting_detected": false,
    "best_val_loss": 2.0435688091862585,
    "val_loss_after_best": 2.0435688091862585,
    "increase_percentage": 0.0,
    "train_val_gap": 0.10701564641895223
  },
  "training_curves": {
    "train_losses": [
      2.639665195859712,
      2.6270378079907646,
      2.6028204136881334,
      2.5620310734058247,
      2.505935516028569,
      2.4420475729580584,
      2.3791444992196973,
      2.3438196494661527,
      2.300545261646139,
      2.280593786157411,
      2.2621689525143855,
      2.239420213781554,
      2.2238036069376714,
      2.2091625986428096,
      2.2022173121057707,
      2.1932492531579117,
      2.176563314733834,
      2.181482066779301,
      2.172947715479752,
      2.1505844556052107
    ],
    "val_losses": [
      2.6283288578833304,
      2.6068302239141157,
      2.5628829694563344,
      2.4962233189613587,
      2.41885022963247,
      2.34614590291054,
      2.2855587890071254,
      2.2376336820663942,
      2.198739351764802,
      2.178328441035363,
      2.1632973955523584,
      2.1330288802423785,
      2.125038062372515,
      2.107690320860955,
      2.1019386476086033,
      2.0773061398536927,
      2.070163003859981,
      2.0587986746141986,
      2.0565933104484313,
      2.0435688091862585
    ],
    "train_accs": [
      7.439801317352337,
      10.07450599287334,
      12.406867508908325,
      14.890400604686318,
      17.222762120721303,
      18.453730698628657,
      20.386567325342835,
      20.408163265306122,
      21.757909513011555,
      22.233020192203867,
      22.643343051506317,
      22.740524781341108,
      24.165856818918044,
      24.25224057877119,
      24.263038548752835,
      24.46819997840406,
      25.50480509664183,
      26.077097505668934,
      25.83954216607278,
      25.990713745815786
    ],