{
  "experiment_id": "seed_309",
  "seed_value": 309,
  "seed_index": 22,
  "timestamp": "2025-11-18T05:22:11.869178",
  "model_type": "text_only",
  "configuration": {
    "learning_rate": 5e-05,
    "batch_size": 32,
    "early_stopping_patience": 5,
    "dropout": 0.5,
    "weight_decay": 0.0001,
    "max_epochs": 20,
    "model_init_seed": 42,
    "data_split_seed": 309,
    "dataset_size": "100% (full dataset)"
  },
  "training_info": {
    "total_epochs": 20,
    "best_epoch": 20,
    "early_stopped": false,
    "total_time_minutes": 3.371973955631256
  },
  "validation_metrics": {
    "best_val_macro_f1": 0.2609315310503843,
    "best_val_accuracy": 30.090725806451612,
    "best_val_macro_precision": 0.2783389421807413,
    "best_val_macro_recall": 0.30097632730877827,
    "best_val_loss": 2.0372763372236684,
    "final_val_macro_f1": 0.2609315310503843,
    "final_val_accuracy": 30.090725806451612,
    "final_val_loss": 2.0372763372236684,
    "per_class_metrics": {
      "f1": {
        "conservative": 0.2639296187683285,
        "dressy": 0.6036745406824148,
        "ethnic": 0.13496932515337423,
        "fairy": 0.47318611987381703,
        "feminine": 0.14782608695652175,
        "gal": 0.10752688172043011,
        "girlish": 0.022222222222222223,
        "kireime-casual": 0.2588726513569937,
        "lolita": 0.433048433048433,
        "mode": 0.22499999999999998,
        "natural": 0.15533980582524273,
        "retro": 0.07142857142857142,
        "rock": 0.3225806451612903,
        "street": 0.4334365325077399
      },
      "precision": {
        "conservative": 0.22277227722772278,
        "dressy": 0.46558704453441296,
        "ethnic": 0.3235294117647059,
        "fairy": 0.43103448275862066,
        "feminine": 0.1588785046728972,
        "gal": 0.23255813953488372,
        "girlish": 0.14285714285714285,
        "kireime-casual": 0.19314641744548286,
        "lolita": 0.3958333333333333,
        "mode": 0.3333333333333333,
        "natural": 0.2077922077922078,
        "retro": 0.14634146341463414,
        "rock": 0.2313167259786477,
        "street": 0.4117647058823529
      },
      "recall": {
        "conservative": 0.3237410071942446,
        "dressy": 0.8582089552238806,
        "ethnic": 0.08527131782945736,
        "fairy": 0.5244755244755245,
        "feminine": 0.13821138211382114,
        "gal": 0.06993006993006994,
        "girlish": 0.012048192771084338,
        "kireime-casual": 0.3924050632911392,
        "lolita": 0.4779874213836478,
        "mode": 0.16981132075471697,
        "natural": 0.12403100775193798,
        "retro": 0.047244094488188976,
        "rock": 0.5327868852459017,
        "street": 0.45751633986928103
      },
      "accuracy": {
        "conservative": 0.3237410071942446,
        "dressy": 0.8582089552238806,
        "ethnic": 0.08527131782945736,
        "fairy": 0.5244755244755245,
        "feminine": 0.13821138211382114,
        "gal": 0.06993006993006994,
        "girlish": 0.012048192771084338,
        "kireime-casual": 0.3924050632911392,
        "lolita": 0.4779874213836478,
        "mode": 0.16981132075471697,
        "natural": 0.12403100775193798,
        "retro": 0.047244094488188976,
        "rock": 0.5327868852459017,
        "street": 0.45751633986928103
      }
    }
  },
  "test_metrics": {
    "test_macro_f1": 0.287388829924769,
    "test_accuracy": 32.9471032745592,
    "test_macro_precision": 0.31012826862928505,
    "test_macro_recall": 0.3295786481162966,
    "test_loss": 2.0183913575278387,
    "per_class_metrics": {
      "f1": {
        "conservative": 0.31216931216931215,
        "dressy": 0.6295264623955432,
        "ethnic": 0.1125,
        "fairy": 0.5288753799392097,
        "feminine": 0.16736401673640167,
        "gal": 0.13333333333333333,
        "girlish": 0.022222222222222223,
        "kireime-casual": 0.2863436123348018,
        "lolita": 0.5373961218836566,
        "mode": 0.2032520325203252,
        "natural": 0.1739130434782609,
        "retro": 0.15384615384615385,
        "rock": 0.3613861386138613,
        "street": 0.40131578947368424
      },
      "precision": {
        "conservative": 0.24686192468619247,
        "dressy": 0.5044642857142857,
        "ethnic": 0.2903225806451613,
        "fairy": 0.4702702702702703,
        "feminine": 0.17094017094017094,
        "gal": 0.32432432432432434,
        "girlish": 0.14285714285714285,
        "kireime-casual": 0.2195945945945946,
        "lolita": 0.48258706467661694,
        "mode": 0.28735632183908044,
        "natural": 0.23076923076923078,
        "retro": 0.30952380952380953,
        "rock": 0.2579505300353357,
        "street": 0.40397350993377484
      },
      "recall": {
        "conservative": 0.4244604316546763,
        "dressy": 0.837037037037037,
        "ethnic": 0.06976744186046512,
        "fairy": 0.6041666666666666,
        "feminine": 0.16393442622950818,
        "gal": 0.08391608391608392,
        "girlish": 0.012048192771084338,
        "kireime-casual": 0.41139240506329117,
        "lolita": 0.60625,
        "mode": 0.15723270440251572,
        "natural": 0.13953488372093023,
        "retro": 0.10236220472440945,
        "rock": 0.6033057851239669,
        "street": 0.39869281045751637
      },
      "accuracy": {
        "conservative": 0.4244604316546763,
        "dressy": 0.837037037037037,
        "ethnic": 0.06976744186046512,
        "fairy": 0.6041666666666666,
        "feminine": 0.16393442622950818,
        "gal": 0.08391608391608392,
        "girlish": 0.012048192771084338,
        "kireime-casual": 0.41139240506329117,
        "lolita": 0.60625,
        "mode": 0.15723270440251572,
        "natural": 0.13953488372093023,
        "retro": 0.10236220472440945,
        "rock": 0.6033057851239669,
        "street": 0.39869281045751637
      }
    }
  },
  "overfitting_analysis": {
    "overfitting_detected": false,
    "best_val_loss": 2.0372763372236684,
    "val_loss_after_best": 2.0372763372236684,
    "increase_percentage": 0.0,
    "train_val_gap": 0.11966695564076923
  },
  "training_curves": {
    "train_losses": [
      2.636586516478966,
      2.626413641304805,
      2.605181809951519,
      2.562945001700829,
      2.505629400549264,
      2.4404170241849177,
      2.3823418066419406,
      2.338948569626644,
      2.3053968692648,
      2.2743268563829617,
      2.2575424568406466,
      2.2384941220283507,
      2.22042123778113,
      2.2138402104377746,
      2.2025252823171946,
      2.20440865426228,
      2.1794341457301174,
      2.1713982064148474,
      2.1628032417132936,
      2.1569432928644376
    ],
    "val_losses": [
      2.625945141238551,
      2.6051648163026377,
      2.56477952003479,
      2.495371837769785,
      2.4085758732211207,
      2.33520144800986,
      2.2685429896077802,
      2.230295192810797,
      2.2004037287927445,
      2.1633579327214147,
      2.14203239833155,
      2.1190907378350534,
      2.108241004328574,
      2.0965953161639552,
      2.089159109900075,
      2.0794080688107397,
      2.063428242360392,
      2.0572215703225907,
      2.0450574851805166,
      2.0372763372236684
    ],
    "train_accs": [
      8.022891696361084,
      9.588597343699384,
      12.277291869128604,
      15.570672713529856,
      16.909620991253643,
      18.64809415829824,
      20.21379980563654,
      20.71050642479214,
      21.077637404168016,
      22.675736961451246,
      22.913292301047402,
      23.56117049994601,
      24.20904869884462,
      24.014685239175034,
      24.824532987798293,
      23.960695389266817,
      25.234855847100746,
      25.483209156678544,
      26.012309685779073,
      25.191663967174172
    ],