{
  "experiment_id": "seed_259",
  "seed_value": 259,
  "seed_index": 18,
  "timestamp": "2025-11-18T05:08:27.125460",
  "model_type": "text_only",
  "configuration": {
    "learning_rate": 5e-05,
    "batch_size": 32,
    "early_stopping_patience": 5,
    "dropout": 0.5,
    "weight_decay": 0.0001,
    "max_epochs": 20,
    "model_init_seed": 42,
    "data_split_seed": 259,
    "dataset_size": "100% (full dataset)"
  },
  "training_info": {
    "total_epochs": 20,
    "best_epoch": 20,
    "early_stopped": false,
    "total_time_minutes": 3.3630975246429444
  },
  "validation_metrics": {
    "best_val_macro_f1": 0.27990827355714865,
    "best_val_accuracy": 32.358870967741936,
    "best_val_macro_precision": 0.31431284473005494,
    "best_val_macro_recall": 0.32192544483431323,
    "best_val_loss": 2.0186321754609384,
    "final_val_macro_f1": 0.27990827355714865,
    "final_val_accuracy": 32.358870967741936,
    "final_val_loss": 2.0186321754609384,
    "per_class_metrics": {
      "f1": {
        "conservative": 0.34551495016611294,
        "dressy": 0.6428571428571428,
        "ethnic": 0.08450704225352114,
        "fairy": 0.4659685863874346,
        "feminine": 0.1764705882352941,
        "gal": 0.1183431952662722,
        "girlish": 0.052356020942408384,
        "kireime-casual": 0.2781774580335732,
        "lolita": 0.42613636363636365,
        "mode": 0.22388059701492538,
        "natural": 0.22672064777327938,
        "retro": 0.10112359550561796,
        "rock": 0.2958904109589041,
        "street": 0.4807692307692307
      },
      "precision": {
        "conservative": 0.32098765432098764,
        "dressy": 0.5346534653465347,
        "ethnic": 0.46153846153846156,
        "fairy": 0.3723849372384937,
        "feminine": 0.2222222222222222,
        "gal": 0.38461538461538464,
        "girlish": 0.2,
        "kireime-casual": 0.22393822393822393,
        "lolita": 0.38860103626943004,
        "mode": 0.27522935779816515,
        "natural": 0.23728813559322035,
        "retro": 0.17647058823529413,
        "rock": 0.2222222222222222,
        "street": 0.38022813688212925
      },
      "recall": {
        "conservative": 0.37410071942446044,
        "dressy": 0.8059701492537313,
        "ethnic": 0.046511627906976744,
        "fairy": 0.6223776223776224,
        "feminine": 0.14634146341463414,
        "gal": 0.06993006993006994,
        "girlish": 0.030120481927710843,
        "kireime-casual": 0.3670886075949367,
        "lolita": 0.4716981132075472,
        "mode": 0.18867924528301888,
        "natural": 0.21705426356589147,
        "retro": 0.07086614173228346,
        "rock": 0.4426229508196721,
        "street": 0.6535947712418301
      },
      "accuracy": {
        "conservative": 0.37410071942446044,
        "dressy": 0.8059701492537313,
        "ethnic": 0.046511627906976744,
        "fairy": 0.6223776223776224,
        "feminine": 0.14634146341463414,
        "gal": 0.06993006993006994,
        "girlish": 0.030120481927710843,
        "kireime-casual": 0.3670886075949367,
        "lolita": 0.4716981132075472,
        "mode": 0.18867924528301888,
        "natural": 0.21705426356589147,
        "retro": 0.07086614173228346,
        "rock": 0.4426229508196721,
        "street": 0.6535947712418301
      }
    }
  },
  "test_metrics": {
    "test_macro_f1": 0.26380409772463004,
    "test_accuracy": 31.083123425692694,
    "test_macro_precision": 0.2685172732092988,
    "test_macro_recall": 0.30828108841530083,
    "test_loss": 2.059911606803773,
    "per_class_metrics": {
      "f1": {
        "conservative": 0.2412698412698413,
        "dressy": 0.6765578635014836,
        "ethnic": 0.0273972602739726,
        "fairy": 0.4611260053619303,
        "feminine": 0.10055865921787709,
        "gal": 0.10285714285714287,
        "girlish": 0.03125,
        "kireime-casual": 0.2935779816513761,
        "lolita": 0.48377581120943947,
        "mode": 0.199203187250996,
        "natural": 0.2362204724409449,
        "retro": 0.10638297872340426,
        "rock": 0.2978723404255319,
        "street": 0.4352078239608802
      },
      "precision": {
        "conservative": 0.2159090909090909,
        "dressy": 0.5643564356435643,
        "ethnic": 0.11764705882352941,
        "fairy": 0.37554585152838427,
        "feminine": 0.15789473684210525,
        "gal": 0.28125,
        "girlish": 0.11538461538461539,
        "kireime-casual": 0.2302158273381295,
        "lolita": 0.4581005586592179,
        "mode": 0.2717391304347826,
        "natural": 0.24,
        "retro": 0.16393442622950818,
        "rock": 0.2196078431372549,
        "street": 0.34765625
      },
      "recall": {
        "conservative": 0.2733812949640288,
        "dressy": 0.8444444444444444,
        "ethnic": 0.015503875968992248,
        "fairy": 0.5972222222222222,
        "feminine": 0.07377049180327869,
        "gal": 0.06293706293706294,
        "girlish": 0.018072289156626505,
        "kireime-casual": 0.4050632911392405,
        "lolita": 0.5125,
        "mode": 0.15723270440251572,
        "natural": 0.23255813953488372,
        "retro": 0.07874015748031496,
        "rock": 0.4628099173553719,
        "street": 0.5816993464052288
      },
      "accuracy": {
        "conservative": 0.2733812949640288,
        "dressy": 0.8444444444444444,
        "ethnic": 0.015503875968992248,
        "fairy": 0.5972222222222222,
        "feminine": 0.07377049180327869,
        "gal": 0.06293706293706294,
        "girlish": 0.018072289156626505,
        "kireime-casual": 0.4050632911392405,
        "lolita": 0.5125,
        "mode": 0.15723270440251572,
        "natural": 0.23255813953488372,
        "retro": 0.07874015748031496,
        "rock": 0.4628099173553719,
        "street": 0.5816993464052288
      }
    }
  },
  "overfitting_analysis": {
    "overfitting_detected": false,
    "best_val_loss": 2.0186321754609384,
    "val_loss_after_best": 2.0186321754609384,
    "increase_percentage": 0.0,
    "train_val_gap": 0.14375520752322313
  },
  "training_curves": {
    "train_losses": [
      2.640072116358527,
      2.626732552462611,
      2.605164416082974,
      2.563550277413993,
      2.5030427357246134,
      2.443007858868303,
      2.3868430524036803,
      2.3444919101123154,
      2.3061549441567784,
      2.2848826260402286,
      2.2531028357045404,
      2.2460111502943367,
      2.2253505110740663,
      2.213168062012771,
      2.203849420465272,
      2.1832173853084957,
      2.176441061907801,
      2.174642802929056,
      2.165375658150377,
      2.1623873829841616
    ],
    "val_losses": [
      2.6261524846476894,
      2.604045060373122,
      2.560309660050177,
      2.4918691458240634,
      2.4031288777628252,
      2.327197724773038,
      2.266173812650865,
      2.217222894391706,
      2.185026305337106,
      2.151928982427043,
      2.12635939351974,
      2.1057021214116003,
      2.0858392888499844,
      2.076876761451844,
      2.0587057932730644,
      2.0457108443783176,
      2.0339187345197125,
      2.023018923497969,
      2.0291430873255574,
      2.0186321754609384
    ],
    "train_accs": [
      6.997084548104956,
      10.214879602634705,
      12.558039088651334,
      14.750026994924955,
      16.909620991253643,
      18.669690098261526,
      19.663103336572725,
      20.12741604578339,
      22.448979591836736,
      22.071050642479214,
      23.194039520570133,
      23.356009070294785,
      23.917503509340243,
      24.30623042867941,
      24.565381708238853,
      25.267249757045676,
      24.975704567541303,
      25.418421336788683,
      26.368642695173307,
      25.569592916531693
    ],