{
  "experiment_id": "seed_112",
  "seed_value": 112,
  "seed_index": 11,
  "timestamp": "2025-11-18T04:44:23.843959",
  "model_type": "text_only",
  "configuration": {
    "learning_rate": 5e-05,
    "batch_size": 32,
    "early_stopping_patience": 5,
    "dropout": 0.5,
    "weight_decay": 0.0001,
    "max_epochs": 20,
    "model_init_seed": 42,
    "data_split_seed": 112,
    "dataset_size": "100% (full dataset)"
  },
  "training_info": {
    "total_epochs": 20,
    "best_epoch": 17,
    "early_stopped": false,
    "total_time_minutes": 3.3478468815485636
  },
  "validation_metrics": {
    "best_val_macro_f1": 0.2696316457305499,
    "best_val_accuracy": 31.199596774193548,
    "best_val_macro_precision": 0.29248542056496435,
    "best_val_macro_recall": 0.3101669544590656,
    "best_val_loss": 2.036534338228164,
    "final_val_macro_f1": 0.2649716439724977,
    "final_val_accuracy": 30.796370967741936,
    "final_val_loss": 2.036534338228164,
    "per_class_metrics": {
      "f1": {
        "conservative": 0.27419354838709675,
        "dressy": 0.6253369272237197,
        "ethnic": 0.1081081081081081,
        "fairy": 0.49090909090909096,
        "feminine": 0.09442060085836909,
        "gal": 0.14054054054054052,
        "girlish": 0.021739130434782608,
        "kireime-casual": 0.29193899782135074,
        "lolita": 0.47262247838616717,
        "mode": 0.1735159817351598,
        "natural": 0.18099547511312214,
        "retro": 0.12,
        "rock": 0.2973760932944607,
        "street": 0.48314606741573035
      },
      "precision": {
        "conservative": 0.21888412017167383,
        "dressy": 0.48945147679324896,
        "ethnic": 0.42105263157894735,
        "fairy": 0.43315508021390375,
        "feminine": 0.1,
        "gal": 0.30952380952380953,
        "girlish": 0.1111111111111111,
        "kireime-casual": 0.22259136212624583,
        "lolita": 0.43617021276595747,
        "mode": 0.31666666666666665,
        "natural": 0.21739130434782608,
        "retro": 0.1643835616438356,
        "rock": 0.23076923076923078,
        "street": 0.4236453201970443
      },
      "recall": {
        "conservative": 0.3669064748201439,
        "dressy": 0.8656716417910447,
        "ethnic": 0.06201550387596899,
        "fairy": 0.5664335664335665,
        "feminine": 0.08943089430894309,
        "gal": 0.09090909090909091,
        "girlish": 0.012048192771084338,
        "kireime-casual": 0.4240506329113924,
        "lolita": 0.5157232704402516,
        "mode": 0.11949685534591195,
        "natural": 0.15503875968992248,
        "retro": 0.09448818897637795,
        "rock": 0.4180327868852459,
        "street": 0.5620915032679739
      },
      "accuracy": {
        "conservative": 0.3669064748201439,
        "dressy": 0.8656716417910447,
        "ethnic": 0.06201550387596899,
        "fairy": 0.5664335664335665,
        "feminine": 0.08943089430894309,
        "gal": 0.09090909090909091,
        "girlish": 0.012048192771084338,
        "kireime-casual": 0.4240506329113924,
        "lolita": 0.5157232704402516,
        "mode": 0.11949685534591195,
        "natural": 0.15503875968992248,
        "retro": 0.09448818897637795,
        "rock": 0.4180327868852459,
        "street": 0.5620915032679739
      }
    }
  },
  "test_metrics": {
    "test_macro_f1": 0.27498706654778243,
    "test_accuracy": 31.738035264483628,
    "test_macro_precision": 0.30024861357471083,
    "test_macro_recall": 0.3160573005490929,
    "test_loss": 2.0039316945605807,
    "per_class_metrics": {
      "f1": {
        "conservative": 0.3106267029972752,
        "dressy": 0.5909090909090909,
        "ethnic": 0.06944444444444445,
        "fairy": 0.4935897435897435,
        "feminine": 0.14953271028037382,
        "gal": 0.11578947368421053,
        "girlish": 0.022727272727272728,
        "kireime-casual": 0.29959514170040485,
        "lolita": 0.44642857142857145,
        "mode": 0.18666666666666665,
        "natural": 0.2393162393162393,
        "retro": 0.1717171717171717,
        "rock": 0.2996941896024465,
        "street": 0.453781512605042
      },
      "precision": {
        "conservative": 0.25,
        "dressy": 0.4482758620689655,
        "ethnic": 0.3333333333333333,
        "fairy": 0.4583333333333333,
        "feminine": 0.17391304347826086,
        "gal": 0.23404255319148937,
        "girlish": 0.2,
        "kireime-casual": 0.22023809523809523,
        "lolita": 0.42613636363636365,
        "mode": 0.3181818181818182,
        "natural": 0.26666666666666666,
        "retro": 0.23943661971830985,
        "rock": 0.23786407766990292,
        "street": 0.39705882352941174
      },
      "recall": {
        "conservative": 0.41007194244604317,
        "dressy": 0.8666666666666667,
        "ethnic": 0.03875968992248062,
        "fairy": 0.5347222222222222,
        "feminine": 0.13114754098360656,
        "gal": 0.07692307692307693,
        "girlish": 0.012048192771084338,
        "kireime-casual": 0.46835443037974683,
        "lolita": 0.46875,
        "mode": 0.1320754716981132,
        "natural": 0.21705426356589147,
        "retro": 0.13385826771653545,
        "rock": 0.4049586776859504,
        "street": 0.5294117647058824
      },
      "accuracy": {
        "conservative": 0.41007194244604317,
        "dressy": 0.8666666666666667,
        "ethnic": 0.03875968992248062,
        "fairy": 0.5347222222222222,
        "feminine": 0.13114754098360656,
        "gal": 0.07692307692307693,
        "girlish": 0.012048192771084338,
        "kireime-casual": 0.46835443037974683,
        "lolita": 0.46875,
        "mode": 0.1320754716981132,
        "natural": 0.21705426356589147,
        "retro": 0.13385826771653545,
        "rock": 0.4049586776859504,
        "street": 0.5294117647058824
      }
    }
  },
  "overfitting_analysis": {
    "overfitting_detected": false,
    "best_val_loss": 2.036534338228164,
    "val_loss_after_best": 2.047330358336049,
    "increase_percentage": 0.53011726368815,
    "train_val_gap": 0.14845386161422303
  },
  "training_curves": {
    "train_losses": [
      2.639076097258206,
      2.6272176569905774,
      2.6071961386450404,
      2.571138467459843,
      2.515216790396592,
      2.4517523017422906,
      2.3859383369314258,
      2.34333500697695,
      2.301287133940335,
      2.281125641280207,
      2.2612045296307266,
      2.2419859470992254,
      2.227067123610398,
      2.206252630003567,
      2.206236213651197,
      2.187623817756258,
      2.1849881998423872,
      2.1724458612244706,
      2.168303537779841,
      2.1558140355965185
    ],
    "val_losses": [
      2.6282702799766295,
      2.609447306202304,
      2.5694219066250708,
      2.500874034820064,
      2.4186790220199095,
      2.3446551253718715,
      2.279666237292751,
      2.220274402249244,
      2.185666174657883,
      2.161740670281072,
      2.133589086994048,
      2.1149129598371443,
      2.0997876255742964,
      2.0812590833633178,
      2.0806369396948043,
      2.060236721269546,
      2.0489991076530947,
      2.047330358336049,
      2.0473428272431895,
      2.036534338228164
    ],
    "train_accs": [
      7.310225677572617,
      9.01630493467228,
      12.126120289385595,
      15.408703163805205,
      17.42792355037253,
      17.773458589785122,
      20.570132815030775,
      20.969657704351583,
      22.276212072130438,
      23.075261850772055,
      22.84850448115754,
      23.172443580606846,
      23.895907569376956,
      24.964906597559658,
      24.111866969009824,
      24.954108627578016,
      25.256451787064034,
      25.580390886513335,
      26.163481265522083,
      25.731562466256342
    ],