metric,mean,std,min,max,median,q25,q75,cv_percent,ci_95_lower,ci_95_upper,n
Test Macro F1,0.8310843219571422,0.009444397276486577,0.8068973995965277,0.8562312938639192,0.8304059525361756,0.8258117092342179,0.8370920284988697,1.1363945904124046,0.82749743799839,0.8346712059158944,30
Test Accuracy,83.11838790931988,0.9251204843405888,80.70528967254408,85.59193954659949,83.04785894206549,82.51889168765743,83.727959697733,1.1130154320965326,82.767036761327,83.46973905731275,30
Test Macro Precision,0.832373182541947,0.009255124657640846,0.8087823778911645,0.8560242918729243,0.8319555437096721,0.8265883088540242,0.837407497401889,1.1118960643802864,0.8288581823572986,0.8358881827265955,30
Test Macro Recall,0.8338016347275842,0.009482773718556268,0.8096334195345104,0.859153868398402,0.833789530929725,0.8280025527446372,0.8388605869517927,1.1372937307390187,0.8302001757948634,0.837403093660305,30
Best Val Macro F1,0.8372560755894968,0.007406084818054048,0.8196622933825556,0.8530169275807747,0.8374259581540074,0.8336102934447186,0.841608006118941,0.8845662675949599,0.8344433215244836,0.8400688296545099,30
Best Val Accuracy,83.72647849462366,0.7268945945128283,82.00604838709677,85.33266129032258,83.71975806451613,83.32913306451613,84.24899193548387,0.8681776751897006,83.4504114800294,84.00254550921792,30
