{
  "train_loss": [
    1.6492184180392526,
    0.918367764902878,
    0.6092219550974641,
    0.428317895049558,
    0.32459434948113963,
    0.25900718724438887,
    0.21168716142282767,
    0.16707469167181366,
    0.18171963750491094,
    0.13929522001413325
  ],
  "val_loss": [
    0.9169297349440944,
    0.685837885806587,
    0.871295748276619,
    0.9444038053574163,
    0.8052344341451296,
    1.0266696490745852,
    0.9779665260815356,
    1.07200342585172,
    1.073883231605218,
    1.308738919187386
  ],
  "val_macro_f1": [
    0.6936669467038978,
    0.7820776271511851,
    0.7610866644669061,
    0.7514519551381798,
    0.7994654378523449,
    0.7673103977595838,
    0.7836396521962323,
    0.7868804173049097,
    0.7730881696490073,
    0.7467665124626542
  ],
  "train_acc": [
    0.4696150519031142,
    0.7227508650519031,
    0.8212586505190311,
    0.8798659169550173,
    0.9140354671280276,
    0.9310121107266436,
    0.9445285467128027,
    0.9554498269896193,
    0.9546929065743944,
    0.963992214532872
  ],
  "val_acc": [
    0.7013118062563067,
    0.7805247225025227,
    0.760343087790111,
    0.7527749747729566,
    0.798183652875883,
    0.768920282542886,
    0.7835519677093845,
    0.7865792129162462,
    0.7729566094853683,
    0.7416750756811302
  ]
}