{
  "train_loss": [
    1.9211045947041892,
    0.9783788787452408,
    0.5058268765986584,
    0.2593647600973354,
    0.15305776087161166,
    0.09987455664466821,
    0.07708385303152473,
    0.06316287283202356,
    0.04791161857519595,
    0.05323215166693328
  ],
  "val_loss": [
    1.041060677751162,
    0.6669348216682341,
    0.7115392335789235,
    0.8184804197036174,
    0.7841891729386615,
    0.9087575175447011,
    1.0449400539354887,
    1.0398559155004656,
    1.092808149536972,
    1.0622700694892049
  ],
  "val_macro_f1": [
    0.700180313598172,
    0.7979309753152716,
    0.7863705279080466,
    0.7817280202663986,
    0.8140435125968181,
    0.79567734164037,
    0.7830433842107134,
    0.802497678947056,
    0.8095376231149495,
    0.8108726629394355
  ],
  "train_acc": [
    0.377378892733564,
    0.698205017301038,
    0.8558607266435986,
    0.9355536332179931,
    0.9666955017301038,
    0.9785899653979239,
    0.9855103806228374,
    0.9865916955017301,
    0.9900519031141869,
    0.9905925605536332
  ],
  "val_acc": [
    0.7108980827447023,
    0.7961654894046418,
    0.7850655903128153,
    0.7850655903128153,
    0.8123107971745711,
    0.7921291624621595,
    0.7820383451059536,
    0.8022199798183652,
    0.8057517658930373,
    0.8082744702320888
  ]
}