{
  "train_loss": [
    1.641290985125159,
    0.9333599881111132,
    0.6045994933011416,
    0.41706966969690523,
    0.323145393140382,
    0.2322247411192082,
    0.22408117540825198,
    0.19481267549329562,
    0.14681771637349805
  ],
  "val_loss": [
    0.8026645854792128,
    0.719197538618363,
    0.7893305988202302,
    0.8037329605441281,
    1.013531179288562,
    1.0319669436734813,
    1.0247587340570963,
    1.0583690818094702,
    1.0878673991870689
  ],
  "val_macro_f1": [
    0.7525575955582088,
    0.755973021303488,
    0.7570558617504738,
    0.7853293268247639,
    0.7641346121350752,
    0.7737125374330989,
    0.7694581459540922,
    0.774591973601411,
    0.7651569258985312
  ],
  "train_acc": [
    0.4643166089965398,
    0.7146410034602076,
    0.8208261245674741,
    0.8823529411764706,
    0.9131704152249135,
    0.9352292387543253,
    0.9409602076124568,
    0.9515570934256056,
    0.960856401384083
  ],
  "val_acc": [
    0.7537840565085772,
    0.7573158425832492,
    0.756811301715439,
    0.781029263370333,
    0.763874873864783,
    0.7749747729566094,
    0.7679112008072654,
    0.7764883955600403,
    0.760343087790111
  ]
}