{
  "train_loss": [
    1.6534536091101624,
    0.911036438041183,
    0.6188573028802047,
    0.4075199396294706,
    0.298031241655556,
    0.25454680691231496,
    0.2166565758108474,
    0.1764293934080015,
    0.16788497587801263,
    0.14780580481855926,
    0.13414260701221578,
    0.14912013897743193
  ],
  "val_loss": [
    0.8383134888592209,
    0.8411536542726934,
    0.7578699979724365,
    0.8511708137606516,
    0.8994550445726974,
    0.8870051117044404,
    0.9247289679485903,
    0.9843046540689516,
    1.117887786551032,
    0.9939664142163082,
    1.1236912830085255,
    1.0106709266887783
  ],
  "val_macro_f1": [
    0.7371914216550906,
    0.746182196090242,
    0.7786080258916089,
    0.7675558213956303,
    0.7779015121486141,
    0.790321018073527,
    0.7961478374848207,
    0.7860931786966097,
    0.7745856511036235,
    0.7705612803971891,
    0.7710009907481351,
    0.7799863644252876
  ],
  "train_acc": [
    0.46539792387543255,
    0.7244809688581315,
    0.8216911764705882,
    0.8848399653979239,
    0.9187932525951558,
    0.9340397923875432,
    0.9446366782006921,
    0.9566392733564014,
    0.9570717993079585,
    0.963992214532872,
    0.9648572664359861,
    0.9615051903114187
  ],
  "val_acc": [
    0.7376387487386479,
    0.7426841574167508,
    0.7754793138244198,
    0.768920282542886,
    0.7790110998990918,
    0.7906155398587286,
    0.7936427850655903,
    0.7870837537840565,
    0.7749747729566094,
    0.7704339051463168,
    0.7684157416750756,
    0.7820383451059536
  ]
}