{
  "experiment_id": "LR5e-5_BS32",
  "description": "Best Test F1 (0.8115) from Phase 1",
  "timestamp": "2025-11-17T22:23:44.567503",
  "configuration": {
    "learning_rate": 5e-05,
    "batch_size": 32,
    "early_stopping_patience": 5,
    "dropout": 0.5,
    "weight_decay": 0.0001,
    "max_epochs": 20,
    "random_seed": 42,
    "dataset_size": "100% (full dataset)"
  },
  "training_info": {
    "total_epochs": 20,
    "best_epoch": 18,
    "early_stopped": false,
    "total_time_minutes": 4.167791982491811
  },
  "validation_metrics": {
    "best_val_macro_f1": 0.8340825958424284,
    "best_val_accuracy": 83.36693548387096,
    "best_val_loss": 0.48956218433956944,
    "final_val_macro_f1": 0.831942652351926,
    "final_val_accuracy": 83.21572580645162,
    "final_val_loss": 0.5215260319171413
  },
  "test_metrics": {
    "test_macro_f1": 0.8356783904037853,
    "test_accuracy": 83.47607052896726,
    "test_loss": 0.490749707770726
  },
  "overfitting_analysis": {
    "overfitting_detected": true,
    "best_val_loss": 0.48956218433956944,
    "val_loss_after_best": 0.5453120878627223,
    "increase_percentage": 11.387706262149473,
    "train_val_gap": -0.12960375177614947
  },
  "training_curves": {
    "train_losses": [
      2.1131751089260495,
      1.1600848927580076,
      0.871655589136584,
      0.7454437906372136,
      0.6669394342549916,
      0.6252866982899863,
      0.5801616098860215,
      0.556578807635554,
      0.5103668803798741,
      0.5040828629300512,
      0.4688671054511235,
      0.44690754570323843,
      0.43827232913724307,
      0.4253446156865564,
      0.4073018803164877,
      0.39925610199570655,
      0.38338502260117696,
      0.35995843256341997,
      0.35859072447336954,
      0.3402614062973138
    ],
    "val_losses": [
      1.1959624684626056,
      0.7447249355816072,
      0.6097470276778744,
      0.5745430790608929,
      0.5261530431528245,
      0.5093992263559373,
      0.5082393906289532,
      0.4984848177240741,
      0.4948034317743394,
      0.49674981568128834,
      0.5019142812778873,
      0.48956218433956944,
      0.4932358048615917,
      0.5192285367558079,
      0.49802072754790705,
      0.5089456410177292,
      0.519219528042501,
      0.5116659419671181,
      0.5453120878627223,
      0.5215260319171413
    ],
    "train_accs": [
      31.91879926573804,
      62.17471115430299,
      71.49335924846129,
      75.63977972141238,
      77.74538386783284,
      79.12752402548321,
      81.02796674225246,
      81.54626930137134,
      83.28474246841594,
      83.1767627685995,
      84.87204405571752,
      85.6602958643775,
      85.3363567649282,
      86.00583090379008,
      86.77248677248677,
      86.90206241226649,
      87.40956700140373,
      88.0466472303207,
      88.17622287010042,
      88.5433538494763
    ],
    "val_accs": [
      67.84274193548387,
      76.36088709677419,
      79.63709677419355,
      80.24193548387096,
      81.85483870967742,
      81.75403225806451,
      82.96370967741936,
      82.20766129032258,
      83.26612903225806,
      82.8125,
      83.16532258064517,
      83.06451612903226,
      83.1149193548387,
      82.76209677419355,
      82.76209677419355,
      83.26612903225806,
      82.9133064516129,
      83.36693548387096,
      83.21572580645162,
      83.21572580645162
    ],
    "val_macro_f1s": [
      0.6648247893210572,
      0.7633335974866678,
      0.7971959371388921,
      0.8033850122615298,
      0.8173711526807502,
      0.8165545923939562,
      0.8294887688498778,
      0.8197579866608026,
      0.8315261268422605,
      0.8287319470265341,
      0.8318816514735831,
      0.8302334730053158,
      0.8314416773073255,
      0.8277575407688387,
      0.8262262238679124,
      0.8325315589380364,
      0.8291050769299982,
      0.8340825958424284,
      0.8332613346066554,
      0.831942652351926
    ],
    "learning_rates": [
      4.995066821070679e-05,
      4.980286753286195e-05,
      4.955718126821722e-05,
      4.9214579028215776e-05,
      4.877641290737884e-05,
      4.8244412147206284e-05,
      4.762067631165049e-05,
      4.6907667001096584e-05,
      4.610819813755037e-05,
      4.5225424859373677e-05,
      4.426283106939472e-05,
      4.322421568553528e-05,
      4.211367764821721e-05,
      4.0935599743717234e-05,
      3.969463130731183e-05,
      3.839566987447491e-05,
      3.7043841852542874e-05,
      3.564448228912681e-05,
      3.420311381711694e-05,
      3.272542485937368e-05
    ]
  }
}