{
  "experiment_id": "LR5e-5_BS16",
  "description": "Best Val F1 (0.8218) from Phase 1",
  "timestamp": "2025-11-17T22:19:31.372734",
  "configuration": {
    "learning_rate": 5e-05,
    "batch_size": 16,
    "early_stopping_patience": 5,
    "dropout": 0.5,
    "weight_decay": 0.0001,
    "max_epochs": 20,
    "random_seed": 42,
    "dataset_size": "100% (full dataset)"
  },
  "training_info": {
    "total_epochs": 15,
    "best_epoch": 10,
    "early_stopped": true,
    "total_time_minutes": 3.6884691953659057
  },
  "validation_metrics": {
    "best_val_macro_f1": 0.8289037140505038,
    "best_val_accuracy": 82.8125,
    "best_val_loss": 0.5220606184053805,
    "final_val_macro_f1": 0.8251267628977353,
    "final_val_accuracy": 82.5100806451613,
    "final_val_loss": 0.573749237183121
  },
  "test_metrics": {
    "test_macro_f1": 0.8273576764647366,
    "test_accuracy": 82.77078085642317,
    "test_loss": 0.4937570218294859
  },
  "overfitting_analysis": {
    "overfitting_detected": false,
    "best_val_loss": 0.5220606184053805,
    "val_loss_after_best": 0.5275287699975795,
    "increase_percentage": 1.0474169855794235,
    "train_val_gap": -0.06771010904466479
  },
  "training_curves": {
    "train_losses": [
      1.8624180396809684,
      0.9846627737985786,
      0.7753557310743653,
      0.6834253738015015,
      0.6053730994720328,
      0.5655765943036178,
      0.5350231493667206,
      0.5160314258001423,
      0.4755270123507487,
      0.45435050936071575,
      0.44370898135997267,
      0.4337960358818475,
      0.3939470733485357,
      0.3927333162412279,
      0.3752760690394049
    ],
    "val_losses": [
      0.9500641928565118,
      0.6239043968098779,
      0.5684801183881298,
      0.5578536180959593,
      0.5220606184053805,
      0.5404044791094719,
      0.5291690255004552,
      0.5330020566621134,
      0.5445031256925675,
      0.5403657567296778,
      0.5275287699975795,
      0.5524638080368599,
      0.5526737758529282,
      0.5661886789866032,
      0.573749237183121
    ],
    "train_accs": [
      38.375985314760825,
      67.47651441528993,
      74.39801317352338,
      77.55102040816327,
      79.82939207429003,
      81.41669366159162,
      81.99978404060036,
      83.3495302883058,
      84.33214555663535,
      85.19598315516683,
      85.36875067487313,
      85.60630601446928,
      86.94525429219307,
      86.79408271245006,
      87.48515279127524
    ],
    "val_accs": [
      73.58870967741936,
      80.04032258064517,
      80.04032258064517,
      80.24193548387096,
      81.80443548387096,
      81.25,
      81.60282258064517,
      81.75403225806451,
      81.75403225806451,
      82.8125,
      82.61088709677419,
      82.10685483870968,
      81.1491935483871,
      81.3508064516129,
      82.5100806451613
    ],
    "val_macro_f1s": [
      0.7357236432947792,
      0.7989547065938508,
      0.798932026926841,
      0.8025828630526817,
      0.8174394991318933,
      0.812854684018359,
      0.8167215628410552,
      0.8189629060582663,
      0.8181020761602303,
      0.8289037140505038,
      0.8248853533030587,
      0.8223068364158994,
      0.8104220405204304,
      0.8142085707694918,
      0.8251267628977353
    ],
    "learning_rates": [
      4.995066821070679e-05,
      4.980286753286195e-05,
      4.955718126821722e-05,
      4.9214579028215776e-05,
      4.877641290737884e-05,
      4.8244412147206284e-05,
      4.762067631165049e-05,
      4.6907667001096584e-05,
      4.610819813755037e-05,
      4.5225424859373677e-05,
      4.426283106939472e-05,
      4.322421568553528e-05,
      4.211367764821721e-05,
      4.0935599743717234e-05,
      3.969463130731183e-05
    ]
  }
}