{
  "caption_condition": "class_randomized",
  "test_macro_f1": {
    "metric": "Test Macro F1",
    "mean": 0.8266789121336549,
    "std": 0.006328539641458384,
    "min": 0.8150738361917508,
    "max": 0.8391495964194313,
    "median": 0.8277075761024382,
    "q25": 0.8217709865224716,
    "q75": 0.8319033926640029,
    "cv_percent": 0.7655378102151474,
    "ci_95_lower": 0.8242753985310675,
    "ci_95_upper": 0.8290824257362422,
    "n": 30
  },
  "test_accuracy": {
    "metric": "Test Accuracy",
    "mean": 0.8265353263782708,
    "std": 0.0063773732145235296,
    "min": 0.8137304391721353,
    "max": 0.8398180899444164,
    "median": 0.8279081394336001,
    "q25": 0.8210444229183758,
    "q75": 0.8316906424896926,
    "cv_percent": 0.7715790252387678,
    "ci_95_lower": 0.8241132662920119,
    "ci_95_upper": 0.8289573864645297,
    "n": 30
  },
  "n_seeds": 30
}