{
  "train_loss": [
    1.615439955905647,
    0.9040791286754979,
    0.6184284207652803,
    0.4219231846577981,
    0.31973034381918014,
    0.23505206225652595,
    0.2179914952665052,
    0.157074908084626,
    0.19483511595886885
  ],
  "val_loss": [
    0.9987348283215319,
    0.7737943620903099,
    0.8246494018586444,
    0.827880129263211,
    0.903985204417578,
    0.9898086679811795,
    1.0977283813036776,
    1.0104488972818815,
    1.013674353133778
  ],
  "val_macro_f1": [
    0.6593412499505078,
    0.7538081634965487,
    0.7581886195489894,
    0.781823920360095,
    0.7753155600789113,
    0.7638179646160576,
    0.7639397140499108,
    0.7803557516795385,
    0.7528503965435416
  ],
  "train_acc": [
    0.4801038062283737,
    0.7240484429065744,
    0.8234212802768166,
    0.8804065743944637,
    0.9163062283737025,
    0.9368512110726643,
    0.9455017301038062,
    0.9611807958477508,
    0.9483131487889274
  ],
  "val_acc": [
    0.665489404641776,
    0.7542885973763875,
    0.7558022199798183,
    0.7800201816347124,
    0.7739656912209889,
    0.7618567103935419,
    0.7633703329969728,
    0.7820383451059536,
    0.7537840565085772
  ]
}