{
  "train_loss": [
    1.940060284310971,
    0.9531797776997708,
    0.49443671334161066,
    0.26179686699152815,
    0.14115531022006253,
    0.0930367841878358,
    0.07205323013879848,
    0.06858056090179199,
    0.03968998677641875,
    0.059971930981197984,
    0.047497732919289576,
    0.04485385585254039,
    0.02883985431084996
  ],
  "val_loss": [
    1.1089858934809533,
    0.7099151023702112,
    0.73243445816603,
    0.813846347581005,
    0.7569561601587309,
    0.9087433117910784,
    0.9781755426697486,
    0.8713278421900948,
    1.0634904904394409,
    1.0960642759181656,
    1.04089652433405,
    1.1115221715598969,
    1.121980905532837
  ],
  "val_macro_f1": [
    0.6599709855741548,
    0.7765887427762602,
    0.7742647117409135,
    0.7713956763375931,
    0.8216802930587835,
    0.8047633797923602,
    0.8097113665201621,
    0.8219346109978669,
    0.8184393595595119,
    0.8018213260005489,
    0.8079478641294452,
    0.8054540741043825,
    0.8136256115905188
  ],
  "train_acc": [
    0.3745674740484429,
    0.7078287197231834,
    0.8602941176470589,
    0.9355536332179931,
    0.9682093425605537,
    0.9803200692041523,
    0.9854022491349481,
    0.9868079584775087,
    0.9934039792387543,
    0.9854022491349481,
    0.990484429065744,
    0.9897275086505191,
    0.9951340830449827
  ],
  "val_acc": [
    0.6594349142280524,
    0.7780020181634713,
    0.7759838546922301,
    0.7729566094853683,
    0.8203834510595358,
    0.8032290615539859,
    0.8082744702320888,
    0.8213925327951564,
    0.8168516649848637,
    0.7996972754793138,
    0.806760847628658,
    0.801715438950555,
    0.8128153380423815
  ]
}