{
  "train_loss": [
    1.9100176846692307,
    0.9376687382744258,
    0.4629320380081355,
    0.23461499848889644,
    0.13628615792131754,
    0.0765710637669456,
    0.07121686964814639,
    0.056237181332800215,
    0.05682273711815837,
    0.05512630712614752,
    0.04138215140126981,
    0.037649015589878224,
    0.022406863776973374,
    0.03154783010173422,
    0.05765556916594505
  ],
  "val_loss": [
    1.0113633940246343,
    0.7048197795235666,
    0.6332119660889945,
    0.7181806861452089,
    0.8364036121714848,
    0.9809759898575475,
    1.0170413219603953,
    1.113134821235953,
    1.0976085923875256,
    1.063136460862896,
    1.098362429712182,
    1.1354277203710963,
    1.2504951179207995,
    1.2688366052000122,
    1.0084620699752591
  ],
  "val_macro_f1": [
    0.7217875703371853,
    0.7757677363482373,
    0.7993914678797378,
    0.7995039837480639,
    0.8095361810836631,
    0.7914677483869567,
    0.8008928053903549,
    0.7954771202208095,
    0.7924759402343051,
    0.8116574563228804,
    0.8026452671767347,
    0.8050982197627913,
    0.805218749047549,
    0.8066725867804758,
    0.8074165886453901
  ],
  "train_acc": [
    0.39554498269896193,
    0.7104238754325259,
    0.8731617647058824,
    0.9459342560553633,
    0.9695069204152249,
    0.9858347750865052,
    0.9852941176470589,
    0.9891868512110726,
    0.9874567474048442,
    0.9888624567474048,
    0.9914576124567474,
    0.9929714532871973,
    0.9949178200692042,
    0.9930795847750865,
    0.9869160899653979
  ],
  "val_acc": [
    0.7265388496468214,
    0.7754793138244198,
    0.7966700302724521,
    0.7951564076690212,
    0.8082744702320888,
    0.7891019172552977,
    0.8002018163471241,
    0.7951564076690212,
    0.7891019172552977,
    0.8092835519677094,
    0.801715438950555,
    0.8027245206861756,
    0.8027245206861756,
    0.8027245206861756,
    0.8062563067608476
  ]
}