{
  "train_loss": [
    1.9285115985309376,
    0.9595853515149813,
    0.4967535882672637,
    0.25654620936327327,
    0.13075685303877382,
    0.08306655384419699,
    0.057803973297759326,
    0.06425982441714478,
    0.05977855794209098
  ],
  "val_loss": [
    1.071782979666886,
    0.678311497965446,
    0.6789858213106149,
    0.6796227712202987,
    0.9236358899762244,
    0.9210340343378146,
    1.1090779880702677,
    1.0400551289891378,
    1.0539451122404226
  ],
  "val_macro_f1": [
    0.6938039831131044,
    0.7873145628644219,
    0.7858153984242483,
    0.8235669309375296,
    0.7953635278766662,
    0.8036647900165576,
    0.7942703622564071,
    0.8057798600845804,
    0.8100778068128717
  ],
  "train_acc": [
    0.3762975778546713,
    0.6974480968858131,
    0.8581314878892734,
    0.9337153979238755,
    0.9711288927335641,
    0.982590830449827,
    0.9886461937716263,
    0.9858347750865052,
    0.9872404844290658
  ],
  "val_acc": [
    0.6992936427850656,
    0.784561049445005,
    0.7850655903128153,
    0.8183652875882946,
    0.7921291624621595,
    0.8002018163471241,
    0.7916246215943491,
    0.8002018163471241,
    0.8062563067608476
  ]
}