{
  "experiment_id": "ES5_Drop0.4_WD1e-5",
  "timestamp": "2025-11-17T20:50:56.536152",
  "configuration": {
    "patience": 5,
    "dropout": 0.4,
    "weight_decay": 1e-05,
    "learning_rate": 0.0001,
    "batch_size": 16,
    "max_epochs": 20,
    "random_seed": 42
  },
  "training_info": {
    "total_epochs": 14,
    "best_epoch": 9,
    "early_stopped": true,
    "total_time_minutes": 1.7644001324971517
  },
  "validation_metrics": {
    "best_val_macro_f1": 0.8157056379676302,
    "best_val_accuracy": 81.65322580645162,
    "best_val_loss": 0.5595676431492451,
    "final_val_macro_f1": 0.7949364895024298,
    "final_val_accuracy": 79.63709677419355,
    "final_val_loss": 0.637326592399228
  },
  "test_metrics": {
    "test_macro_f1": 0.8070948899176023,
    "test_accuracy": 80.76535750251762,
    "test_loss": 0.5639592622414172
  },
  "overfitting_analysis": {
    "overfitting_detected": false,
    "best_val_loss": 0.5595676431492451,
    "val_loss_after_best": 0.5703578067402686,
    "increase_percentage": 1.9283037043200821,
    "train_val_gap": -0.17081475048445083
  },
  "training_curves": {
    "train_losses": [
      1.8020998960938948,
      0.9250765125299322,
      0.7125155183261839,
      0.6395657404229559,
      0.5577504415450425,
      0.48436572407854017,
      0.44683536273138275,
      0.42804391151615256,
      0.3887528926647943,
      0.3641251597168117,
      0.3274786793337814,
      0.3294025028317139,
      0.3003002007459772,
      0.27945438196946837
    ],
    "val_losses": [
      0.8510976731777191,
      0.6126312877862684,
      0.5674099395832708,
      0.5795972801504596,
      0.561375890888514,
      0.5600932582972511,
      0.572914338760799,
      0.5895952640041229,
      0.5595676431492451,
      0.5703578067402686,
      0.6395248156641761,
      0.5891852469574059,
      0.6139715400434309,
      0.637326592399228
    ],
    "train_accs": [
      40.259179265658744,
      69.09287257019439,
      76.39308855291577,
      79.07127429805615,
      81.07991360691145,
      84.12526997840173,
      85.2267818574514,
      85.39956803455723,
      86.76025917926566,
      88.0561555075594,
      88.76889848812095,
      88.94168466522679,
      89.93520518358531,
      90.34557235421167
    ],
    "val_accs": [
      73.38709677419355,
      79.43548387096774,
      80.04032258064517,
      79.53629032258064,
      80.9475806451613,
      80.84677419354838,
      79.93951612903226,
      80.54435483870968,
      81.65322580645162,
      80.54435483870968,
      79.53629032258064,
      80.64516129032258,
      81.45161290322581,
      79.63709677419355
    ],
    "val_macro_f1s": [
      0.7281749000576836,
      0.7936482426995936,
      0.8005461355973066,
      0.7963663367181691,
      0.8075893991953959,
      0.8063029816355953,
      0.7960211448643886,
      0.8030160576441674,
      0.8157056379676302,
      0.8046527531026516,
      0.7963107764523677,
      0.8073154095625581,
      0.8139914632227211,
      0.7949364895024298
    ],
    "learning_rates": [
      9.990133642141359e-05,
      9.96057350657239e-05,
      9.911436253643444e-05,
      9.842915805643155e-05,
      9.755282581475769e-05,
      9.648882429441257e-05,
      9.524135262330098e-05,
      9.381533400219317e-05,
      9.221639627510075e-05,
      9.045084971874735e-05,
      8.852566213878945e-05,
      8.644843137107056e-05,
      8.422735529643442e-05,
      8.187119948743447e-05
    ]
  }
}