{
  "experiment_id": "ES5_Drop0.4_WD1e-4",
  "timestamp": "2025-11-17T20:52:44.972360",
  "configuration": {
    "patience": 5,
    "dropout": 0.4,
    "weight_decay": 0.0001,
    "learning_rate": 0.0001,
    "batch_size": 16,
    "max_epochs": 20,
    "random_seed": 42
  },
  "training_info": {
    "total_epochs": 14,
    "best_epoch": 9,
    "early_stopped": true,
    "total_time_minutes": 1.769528297583262
  },
  "validation_metrics": {
    "best_val_macro_f1": 0.8118542514413986,
    "best_val_accuracy": 81.1491935483871,
    "best_val_loss": 0.5384974869028214,
    "final_val_macro_f1": 0.7992438286879233,
    "final_val_accuracy": 80.04032258064517,
    "final_val_loss": 0.6677127216131457
  },
  "test_metrics": {
    "test_macro_f1": 0.8048982326690289,
    "test_accuracy": 80.56394763343404,
    "test_loss": 0.595034273075206
  },
  "overfitting_analysis": {
    "overfitting_detected": true,
    "best_val_loss": 0.5384974869028214,
    "val_loss_after_best": 0.5939485550888123,
    "increase_percentage": 10.297368053641023,
    "train_val_gap": -0.16899090844711018
  },
  "training_curves": {
    "train_losses": [
      1.8057169799146982,
      0.8940308394103215,
      0.7313809433887745,
      0.6262654311184226,
      0.5444478941117895,
      0.49077190027154727,
      0.45108385522817745,
      0.430821442449915,
      0.3695065784557112,
      0.360204742707569,
      0.3207834945477802,
      0.31264138743281367,
      0.28227847840251596,
      0.2793197166399452
    ],
    "val_losses": [
      0.8649898762664487,
      0.630333607715945,
      0.5748491075731093,
      0.5709914990490482,
      0.5384974869028214,
      0.5650265791243122,
      0.5782562645692979,
      0.5617987919718989,
      0.5894854196136997,
      0.5939485550888123,
      0.6066815672862914,
      0.631035081080852,
      0.6646430683472464,
      0.6677127216131457
    ],
    "train_accs": [
      43.00215982721382,
      71.1231101511879,
      75.50755939524838,
      79.43844492440604,
      81.96544276457884,
      84.01727861771059,
      85.01079913606911,
      85.37796976241901,
      87.60259179265658,
      87.77537796976242,
      88.83369330453564,
      89.54643628509719,
      90.51835853131749,
      90.58315334773218
    ],
    "val_accs": [
      69.55645161290323,
      78.2258064516129,
      80.14112903225806,
      80.04032258064517,
      80.74596774193549,
      80.24193548387096,
      80.24193548387096,
      78.72983870967742,
      81.1491935483871,
      80.74596774193549,
      80.64516129032258,
      80.34274193548387,
      80.9475806451613,
      80.04032258064517
    ],
    "val_macro_f1s": [
      0.6885415008372721,
      0.7816739595495452,
      0.7998714867196254,
      0.8016790588418562,
      0.8058933647997233,
      0.8018852221403526,
      0.800821898556351,
      0.7862940653256115,
      0.8118542514413986,
      0.8058647466581649,
      0.80661413118941,
      0.8032611363099358,
      0.8076494592849135,
      0.7992438286879233
    ],
    "learning_rates": [
      9.990133642141359e-05,
      9.96057350657239e-05,
      9.911436253643444e-05,
      9.842915805643155e-05,
      9.755282581475769e-05,
      9.648882429441257e-05,
      9.524135262330098e-05,
      9.381533400219317e-05,
      9.221639627510075e-05,
      9.045084971874735e-05,
      8.852566213878945e-05,
      8.644843137107056e-05,
      8.422735529643442e-05,
      8.187119948743447e-05
    ]
  }
}