{
  "experiment_id": "ES5_Drop0.5_WD1e-5",
  "timestamp": "2025-11-17T20:54:26.450887",
  "configuration": {
    "patience": 5,
    "dropout": 0.5,
    "weight_decay": 1e-05,
    "learning_rate": 0.0001,
    "batch_size": 16,
    "max_epochs": 20,
    "random_seed": 42
  },
  "training_info": {
    "total_epochs": 13,
    "best_epoch": 8,
    "early_stopped": true,
    "total_time_minutes": 1.65169012149175
  },
  "validation_metrics": {
    "best_val_macro_f1": 0.8134239848246475,
    "best_val_accuracy": 81.5524193548387,
    "best_val_loss": 0.5441300006162736,
    "final_val_macro_f1": 0.8085780603600415,
    "final_val_accuracy": 80.84677419354838,
    "final_val_loss": 0.6232317270590894
  },
  "test_metrics": {
    "test_macro_f1": 0.8010712961133405,
    "test_accuracy": 80.26183282980865,
    "test_loss": 0.5745862493853248
  },
  "overfitting_analysis": {
    "overfitting_detected": true,
    "best_val_loss": 0.5441300006162736,
    "val_loss_after_best": 0.6093117508196062,
    "increase_percentage": 11.979076715032939,
    "train_val_gap": -0.03135079673685148
  },
  "training_curves": {
    "train_losses": [
      1.9955053972786871,
      1.0701903735769207,
      0.7988404710231156,
      0.7054584638825778,
      0.6564875075015528,
      0.5881617208493167,
      0.521146611509652,
      0.5127792038794221,
      0.4571834473774351,
      0.4303000627663629,
      0.4045669601138296,
      0.398960746927508,
      0.35859824858991235
    ],
    "val_losses": [
      0.9730758022877478,
      0.6758220436111573,
      0.6489762358607785,
      0.5595744436065997,
      0.5873915764593309,
      0.6460100397948296,
      0.5880035342228028,
      0.5441300006162736,
      0.6093117508196062,
      0.5919589866553584,
      0.6145736901389975,
      0.6565521492833092,
      0.6232317270590894
    ],
    "train_accs": [
      33.52051835853132,
      64.94600431965442,
      73.04535637149029,
      77.32181425485962,
      78.09935205183585,
      80.79913606911447,
      82.93736501079914,
      83.52051835853132,
      85.05399568034558,
      86.26349892008639,
      87.10583153347733,
      87.36501079913607,
      88.59611231101512
    ],
    "val_accs": [
      69.75806451612904,
      77.52016129032258,
      78.0241935483871,
      79.63709677419355,
      80.04032258064517,
      78.52822580645162,
      80.04032258064517,
      81.5524193548387,
      78.93145161290323,
      80.44354838709677,
      81.25,
      80.54435483870968,
      80.84677419354838
    ],
    "val_macro_f1s": [
      0.6913358882038416,
      0.772454210994618,
      0.7750608861723257,
      0.7958068380671132,
      0.797781818288486,
      0.7828470056432184,
      0.8008240442159166,
      0.8134239848246475,
      0.7907433432210196,
      0.8040825640179616,
      0.813148952811451,
      0.8047255137118682,
      0.8085780603600415
    ],
    "learning_rates": [
      9.990133642141359e-05,
      9.96057350657239e-05,
      9.911436253643444e-05,
      9.842915805643155e-05,
      9.755282581475769e-05,
      9.648882429441257e-05,
      9.524135262330098e-05,
      9.381533400219317e-05,
      9.221639627510075e-05,
      9.045084971874735e-05,
      8.852566213878945e-05,
      8.644843137107056e-05,
      8.422735529643442e-05
    ]
  }
}