{
  "experiment_id": "ES5_Drop0.5_WD1e-4",
  "timestamp": "2025-11-17T20:56:14.765069",
  "configuration": {
    "patience": 5,
    "dropout": 0.5,
    "weight_decay": 0.0001,
    "learning_rate": 0.0001,
    "batch_size": 16,
    "max_epochs": 20,
    "random_seed": 42
  },
  "training_info": {
    "total_epochs": 14,
    "best_epoch": 9,
    "early_stopped": true,
    "total_time_minutes": 1.7675601561864218
  },
  "validation_metrics": {
    "best_val_macro_f1": 0.8185754000245427,
    "best_val_accuracy": 81.85483870967742,
    "best_val_loss": 0.5563245961262334,
    "final_val_macro_f1": 0.7898139625015644,
    "final_val_accuracy": 79.03225806451613,
    "final_val_loss": 0.6553852695130533
  },
  "test_metrics": {
    "test_macro_f1": 0.8140480304729165,
    "test_accuracy": 81.26888217522658,
    "test_loss": 0.5948655199969098
  },
  "overfitting_analysis": {
    "overfitting_detected": true,
    "best_val_loss": 0.5563245961262334,
    "val_loss_after_best": 0.6087578025556379,
    "increase_percentage": 9.424930480245584,
    "train_val_gap": -0.0950721379943934
  },
  "training_curves": {
    "train_losses": [
      1.9851261438994572,
      1.0785102531827728,
      0.847365892395891,
      0.7297446612654062,
      0.6663208281685566,
      0.5801477561736929,
      0.5317685103878893,
      0.5153811792875158,
      0.46125245813184,
      0.4212488030115592,
      0.42337981700126465,
      0.3851885192288921,
      0.36600424995453196,
      0.33818491451956073
    ],
    "val_losses": [
      1.029770525232438,
      0.6793057433059139,
      0.6070029966292843,
      0.5725243466515695,
      0.5659382831185095,
      0.6081634805567803,
      0.5895665828739444,
      0.6577870083912727,
      0.5563245961262334,
      0.6087578025556379,
      0.6485519274588554,
      0.5892817143711352,
      0.6115275346223386,
      0.6553852695130533
    ],
    "train_accs": [
      35.78833693304536,
      63.9524838012959,
      72.33261339092873,
      75.55075593952483,
      78.42332613390928,
      80.95032397408207,
      83.17494600431965,
      82.87257019438445,
      84.88120950323975,
      85.87473002159827,
      86.17710583153348,
      87.2354211663067,
      88.38012958963283,
      88.74730021598272
    ],
    "val_accs": [
      71.27016129032258,
      77.31854838709677,
      77.92338709677419,
      80.9475806451613,
      80.54435483870968,
      78.83064516129032,
      79.43548387096774,
      78.52822580645162,
      81.85483870967742,
      79.43548387096774,
      77.72177419354838,
      80.44354838709677,
      81.04838709677419,
      79.03225806451613
    ],
    "val_macro_f1s": [
      0.7040690950273778,
      0.7731631728991079,
      0.7791462250020523,
      0.8092390364046059,
      0.8036272660538337,
      0.7883588333470506,
      0.7926399530528309,
      0.7831596509889953,
      0.8185754000245427,
      0.7934543974424465,
      0.7787995861111751,
      0.8042288721681912,
      0.8096299728258403,
      0.7898139625015644
    ],
    "learning_rates": [
      9.990133642141359e-05,
      9.96057350657239e-05,
      9.911436253643444e-05,
      9.842915805643155e-05,
      9.755282581475769e-05,
      9.648882429441257e-05,
      9.524135262330098e-05,
      9.381533400219317e-05,
      9.221639627510075e-05,
      9.045084971874735e-05,
      8.852566213878945e-05,
      8.644843137107056e-05,
      8.422735529643442e-05,
      8.187119948743447e-05
    ]
  }
}