{
  "experiment_id": "ES7_Drop0.4_WD1e-5",
  "timestamp": "2025-11-17T20:58:40.753118",
  "configuration": {
    "patience": 7,
    "dropout": 0.4,
    "weight_decay": 1e-05,
    "learning_rate": 0.0001,
    "batch_size": 16,
    "max_epochs": 20,
    "random_seed": 42
  },
  "training_info": {
    "total_epochs": 19,
    "best_epoch": 12,
    "early_stopped": true,
    "total_time_minutes": 2.3952202200889587
  },
  "validation_metrics": {
    "best_val_macro_f1": 0.8177100573117408,
    "best_val_accuracy": 81.95564516129032,
    "best_val_loss": 0.548841335360081,
    "final_val_macro_f1": 0.8131271925648701,
    "final_val_accuracy": 81.25,
    "final_val_loss": 0.6779804337289064
  },
  "test_metrics": {
    "test_macro_f1": 0.8104630890320126,
    "test_accuracy": 81.067472306143,
    "test_loss": 0.6229635861365952
  },
  "overfitting_analysis": {
    "overfitting_detected": true,
    "best_val_loss": 0.548841335360081,
    "val_loss_after_best": 0.6417630104528319,
    "increase_percentage": 16.93051691009887,
    "train_val_gap": -0.22438106198274055
  },
  "training_curves": {
    "train_losses": [
      1.8297976376681493,
      0.9010817642869621,
      0.7109734335850025,
      0.6218437017037951,
      0.5581196049292539,
      0.4942098361536347,
      0.45690536808607907,
      0.42497951241916626,
      0.37723221265678775,
      0.38374492347497363,
      0.35025666246897186,
      0.3244602733773404,
      0.2944279373013254,
      0.29337147939950226,
      0.24582597583468105,
      0.2535695867548729,
      0.2290959892473344,
      0.22266502617376632,
      0.215934333004507
    ],
    "val_losses": [
      0.8472660578066303,
      0.6082935001580946,
      0.6118959536956202,
      0.5505396562718576,
      0.548841335360081,
      0.5744342457863593,
      0.5874888437890238,
      0.6123990040392645,
      0.5961897977657856,
      0.5797354396312467,
      0.5938889898600117,
      0.5770821277833273,
      0.6417630104528319,
      0.66271568714611,
      0.6484124177405911,
      0.6450277398670873,
      0.7257237512798559,
      0.7178518140628454,
      0.6779804337289064
    ],
    "train_accs": [
      40.36717062634989,
      69.56803455723542,
      76.7818574514039,
      80.08639308855291,
      81.8574514038877,
      83.45572354211663,
      85.2267818574514,
      85.16198704103672,
      87.0842332613391,
      87.34341252699784,
      88.33693304535637,
      89.15766738660908,
      90.51835853131749,
      90.28077753779698,
      91.46868250539957,
      91.51187904967603,
      92.2462203023758,
      92.2462203023758,
      92.87257019438445
    ],
    "val_accs": [
      72.47983870967742,
      78.32661290322581,
      78.52822580645162,
      79.93951612903226,
      80.34274193548387,
      81.5524193548387,
      79.63709677419355,
      79.23387096774194,
      81.04838709677419,
      81.75403225806451,
      80.64516129032258,
      81.95564516129032,
      81.3508064516129,
      80.04032258064517,
      81.04838709677419,
      80.84677419354838,
      79.73790322580645,
      79.73790322580645,
      81.25
    ],
    "val_macro_f1s": [
      0.7211958857179243,
      0.7807851931987736,
      0.7853921979857323,
      0.8002685936287396,
      0.8049583522018905,
      0.8158169933685043,
      0.7940195510046698,
      0.7936236664617591,
      0.8090149536159671,
      0.8175269673375806,
      0.806142228038687,
      0.8177100573117408,
      0.8109932900741661,
      0.8000033034250562,
      0.8109067732036486,
      0.8089608018886377,
      0.7982618059486092,
      0.7974452700985809,
      0.8131271925648701
    ],
    "learning_rates": [
      9.990133642141359e-05,
      9.96057350657239e-05,
      9.911436253643444e-05,
      9.842915805643155e-05,
      9.755282581475769e-05,
      9.648882429441257e-05,
      9.524135262330098e-05,
      9.381533400219317e-05,
      9.221639627510075e-05,
      9.045084971874735e-05,
      8.852566213878945e-05,
      8.644843137107056e-05,
      8.422735529643442e-05,
      8.187119948743447e-05,
      7.938926261462366e-05,
      7.679133974894982e-05,
      7.408768370508575e-05,
      7.128896457825361e-05,
      6.840622763423389e-05
    ]
  }
}