{
  "experiment_id": "ES7_Drop0.4_WD1e-4",
  "timestamp": "2025-11-17T21:00:58.218886",
  "configuration": {
    "patience": 7,
    "dropout": 0.4,
    "weight_decay": 0.0001,
    "learning_rate": 0.0001,
    "batch_size": 16,
    "max_epochs": 20,
    "random_seed": 42
  },
  "training_info": {
    "total_epochs": 18,
    "best_epoch": 11,
    "early_stopped": true,
    "total_time_minutes": 2.2536160985628766
  },
  "validation_metrics": {
    "best_val_macro_f1": 0.8142607744028653,
    "best_val_accuracy": 81.3508064516129,
    "best_val_loss": 0.5487298794811771,
    "final_val_macro_f1": 0.7980305243649857,
    "final_val_accuracy": 79.83870967741936,
    "final_val_loss": 0.7471577157416651
  },
  "test_metrics": {
    "test_macro_f1": 0.8055079805735479,
    "test_accuracy": 80.56394763343404,
    "test_loss": 0.6377484541504629
  },
  "overfitting_analysis": {
    "overfitting_detected": true,
    "best_val_loss": 0.5487298794811771,
    "val_loss_after_best": 0.6483190811930164,
    "increase_percentage": 18.149039342636243,
    "train_val_gap": -0.21772060885785083
  },
  "training_curves": {
    "train_losses": [
      1.7834970153611283,
      0.8907461284049626,
      0.694972085413234,
      0.6071310581703638,
      0.5314864502384745,
      0.4892898002575184,
      0.42754708796996493,
      0.41299735334669724,
      0.3815702639520168,
      0.36456469297409055,
      0.3310092706233263,
      0.3103911688679765,
      0.29124403164304535,
      0.28456698215470233,
      0.2622532703271457,
      0.23695361931198117,
      0.228893266528331,
      0.21114045056546557
    ],
    "val_losses": [
      0.8358801040918596,
      0.6221924167006246,
      0.6086462013904126,
      0.5701463441214254,
      0.6221140780516209,
      0.5487298794811771,
      0.5511217813097662,
      0.6200255256506705,
      0.6203615535651484,
      0.6056203821734074,
      0.6152237553990656,
      0.6483190811930164,
      0.6475240147762722,
      0.6791869852571718,
      0.6618200801312923,
      0.6834492659376513,
      0.6748949855325683,
      0.7471577157416651
    ],
    "train_accs": [
      43.23974082073434,
      70.47516198704103,
      77.42980561555076,
      79.78401727861771,
      82.6133909287257,
      83.56371490280777,
      85.63714902807776,
      86.22030237580994,
      87.10583153347733,
      88.38012958963283,
      88.38012958963283,
      89.39524838012959,
      90.21598272138229,
      90.0,
      91.1231101511879,
      91.8574514038877,
      92.52699784017278,
      92.6133909287257
    ],
    "val_accs": [
      73.08467741935483,
      77.01612903225806,
      78.0241935483871,
      79.63709677419355,
      77.72177419354838,
      80.64516129032258,
      79.63709677419355,
      79.43548387096774,
      78.93145161290323,
      79.83870967741936,
      81.3508064516129,
      80.44354838709677,
      80.64516129032258,
      79.83870967741936,
      80.34274193548387,
      81.1491935483871,
      81.25,
      79.83870967741936
    ],
    "val_macro_f1s": [
      0.7273014080047151,
      0.7693875044834378,
      0.7788113933770278,
      0.7939120306025996,
      0.7723708284270084,
      0.8081815934615406,
      0.7960256330466199,
      0.7922546528701264,
      0.7872909078749422,
      0.7982964311571356,
      0.8142607744028653,
      0.8035426477531216,
      0.8058217329276517,
      0.7977027036269079,
      0.8032594385679407,
      0.8086597184352005,
      0.8122135972729108,
      0.7980305243649857
    ],
    "learning_rates": [
      9.990133642141359e-05,
      9.96057350657239e-05,
      9.911436253643444e-05,
      9.842915805643155e-05,
      9.755282581475769e-05,
      9.648882429441257e-05,
      9.524135262330098e-05,
      9.381533400219317e-05,
      9.221639627510075e-05,
      9.045084971874735e-05,
      8.852566213878945e-05,
      8.644843137107056e-05,
      8.422735529643442e-05,
      8.187119948743447e-05,
      7.938926261462366e-05,
      7.679133974894982e-05,
      7.408768370508575e-05,
      7.128896457825361e-05
    ]
  }
}