{
  "experiment_id": "ES7_Drop0.5_WD1e-4",
  "timestamp": "2025-11-17T21:06:06.192030",
  "configuration": {
    "patience": 7,
    "dropout": 0.5,
    "weight_decay": 0.0001,
    "learning_rate": 0.0001,
    "batch_size": 16,
    "max_epochs": 20,
    "random_seed": 42
  },
  "training_info": {
    "total_epochs": 20,
    "best_epoch": 17,
    "early_stopped": false,
    "total_time_minutes": 2.527408007780711
  },
  "validation_metrics": {
    "best_val_macro_f1": 0.8128097637898033,
    "best_val_accuracy": 81.25,
    "best_val_loss": 0.5506395127984786,
    "final_val_macro_f1": 0.8074182206899643,
    "final_val_accuracy": 80.84677419354838,
    "final_val_loss": 0.6365436227811921
  },
  "test_metrics": {
    "test_macro_f1": 0.8198586961628633,
    "test_accuracy": 81.97381671701913,
    "test_loss": 0.6473376682833842
  },
  "overfitting_analysis": {
    "overfitting_detected": true,
    "best_val_loss": 0.5506395127984786,
    "val_loss_after_best": 0.6528774134574398,
    "increase_percentage": 18.567120281536706,
    "train_val_gap": -0.21000619781565122
  },
  "training_curves": {
    "train_losses": [
      2.035225610075326,
      1.1127634584903716,
      0.8258054449640472,
      0.7079808454575209,
      0.6433201219501167,
      0.578475702219996,
      0.5530403509222228,
      0.49530908388310463,
      0.45255371658452626,
      0.45741028627701874,
      0.417619174706011,
      0.39092653372549807,
      0.36836189122806334,
      0.34225970980679166,
      0.30794459503336713,
      0.307270591217896,
      0.34063331498282734,
      0.28202830132675066,
      0.25993750416513145,
      0.24424330701023855
    ],
    "val_losses": [
      1.0049696862697601,
      0.7019004456458553,
      0.6000449897781495,
      0.5735942752611253,
      0.6206726693818646,
      0.5836497893737208,
      0.5549162229703318,
      0.5506395127984786,
      0.5680076673386558,
      0.577295217542879,
      0.592876665414341,
      0.5825396261868938,
      0.5935610165038416,
      0.6428818327164457,
      0.6389580906158493,
      0.633073930778811,
      0.6457189589498504,
      0.6528774134574398,
      0.6509254227482504,
      0.6365436227811921
    ],
    "train_accs": [
      34.600431965442766,
      63.131749460043196,
      72.39740820734342,
      76.91144708423326,
      78.98488120950324,
      81.07991360691145,
      81.74946004319655,
      83.58531317494601,
      85.33477321814254,
      85.05399568034558,
      86.09071274298056,
      87.19222462203024,
      87.94816414686825,
      88.63930885529157,
      89.61123110151188,
      90.17278617710583,
      88.89848812095032,
      90.8207343412527,
      91.87904967602591,
      92.03023758099351
    ],
    "val_accs": [
      69.25403225806451,
      77.21774193548387,
      78.4274193548387,
      78.0241935483871,
      76.91532258064517,
      78.62903225806451,
      79.23387096774194,
      80.64516129032258,
      80.9475806451613,
      80.44354838709677,
      80.74596774193549,
      80.9475806451613,
      80.24193548387096,
      80.64516129032258,
      81.1491935483871,
      80.64516129032258,
      81.25,
      79.93951612903226,
      80.54435483870968,
      80.84677419354838
    ],
    "val_macro_f1s": [
      0.6857041774897944,
      0.7646226789896111,
      0.7849005063231332,
      0.7763232843500436,
      0.768009477246882,
      0.7853202727131793,
      0.792771436044026,
      0.8050036163230786,
      0.8088739204002208,
      0.8036689115430263,
      0.8066082338123535,
      0.8076515797320176,
      0.803123837602251,
      0.8052636300750711,
      0.8088763861595148,
      0.807127555572721,
      0.8128097637898033,
      0.8009705934092929,
      0.8035318265853729,
      0.8074182206899643
    ],
    "learning_rates": [
      9.990133642141359e-05,
      9.96057350657239e-05,
      9.911436253643444e-05,
      9.842915805643155e-05,
      9.755282581475769e-05,
      9.648882429441257e-05,
      9.524135262330098e-05,
      9.381533400219317e-05,
      9.221639627510075e-05,
      9.045084971874735e-05,
      8.852566213878945e-05,
      8.644843137107056e-05,
      8.422735529643442e-05,
      8.187119948743447e-05,
      7.938926261462366e-05,
      7.679133974894982e-05,
      7.408768370508575e-05,
      7.128896457825361e-05,
      6.840622763423389e-05,
      6.545084971874736e-05
    ]
  }
}