{
  "experiment_id": "ES7_Drop0.5_WD1e-5",
  "timestamp": "2025-11-17T21:03:32.281832",
  "configuration": {
    "patience": 7,
    "dropout": 0.5,
    "weight_decay": 1e-05,
    "learning_rate": 0.0001,
    "batch_size": 16,
    "max_epochs": 20,
    "random_seed": 42
  },
  "training_info": {
    "total_epochs": 20,
    "best_epoch": 17,
    "early_stopped": false,
    "total_time_minutes": 2.5302825291951496
  },
  "validation_metrics": {
    "best_val_macro_f1": 0.8172919527732915,
    "best_val_accuracy": 81.75403225806451,
    "best_val_loss": 0.5490897603092655,
    "final_val_macro_f1": 0.8121668653650506,
    "final_val_accuracy": 81.1491935483871,
    "final_val_loss": 0.6538255720008765
  },
  "test_metrics": {
    "test_macro_f1": 0.8032164016050348,
    "test_accuracy": 80.26183282980865,
    "test_loss": 0.7178349991343798
  },
  "overfitting_analysis": {
    "overfitting_detected": true,
    "best_val_loss": 0.5490897603092655,
    "val_loss_after_best": 0.6837922959558426,
    "increase_percentage": 24.53197006819216,
    "train_val_gap": -0.2753925615809733
  },
  "training_curves": {
    "train_losses": [
      2.0389854766171553,
      1.0845988836781733,
      0.8304543125218359,
      0.717887138909307,
      0.6084269759470019,
      0.5836047813810151,
      0.5386602061062024,
      0.47216587873368426,
      0.45683379130887575,
      0.4091152143632544,
      0.3954507584458795,
      0.38154136362517704,
      0.35290459991143697,
      0.32904401668186845,
      0.2934171646961878,
      0.30753216902757513,
      0.2736971987282922,
      0.2502295174989207,
      0.2462185946052316,
      0.2258062699119207
    ],
    "val_losses": [
      0.9794731716955861,
      0.6755747035626443,
      0.603367964586904,
      0.6099168004528168,
      0.5585848245649568,
      0.5891061101949984,
      0.5490897603092655,
      0.5933251773878452,
      0.5696653397453408,
      0.6401360568500334,
      0.5835141830386654,
      0.618664470951884,
      0.6346586502848133,
      0.643282808243267,
      0.6716440008772958,
      0.6167016230944183,
      0.6352514396271398,
      0.6837922959558426,
      0.7093262530622944,
      0.6538255720008765
    ],
    "train_accs": [
      33.60691144708424,
      63.32613390928726,
      72.33261339092873,
      76.00431965442765,
      80.8207343412527,
      80.71274298056156,
      82.0086393088553,
      84.29805615550755,
      84.73002159827213,
      86.63066954643628,
      87.81857451403887,
      87.71058315334773,
      88.70410367170626,
      89.04967602591793,
      90.04319654427646,
      89.67602591792657,
      91.20950323974083,
      91.29589632829374,
      92.1598272138229,
      92.87257019438445
    ],
    "val_accs": [
      71.16935483870968,
      77.92338709677419,
      78.62903225806451,
      79.13306451612904,
      80.04032258064517,
      80.64516129032258,
      80.14112903225806,
      80.44354838709677,
      80.44354838709677,
      79.83870967741936,
      80.84677419354838,
      80.24193548387096,
      80.14112903225806,
      80.24193548387096,
      79.93951612903226,
      81.04838709677419,
      81.75403225806451,
      79.73790322580645,
      80.74596774193549,
      81.1491935483871
    ],
    "val_macro_f1s": [
      0.7080089544249694,
      0.777538129118729,
      0.7865949221563806,
      0.7888086331051678,
      0.7984883799986201,
      0.8033902655262629,
      0.7998182909153048,
      0.8040411981613296,
      0.8022762313322975,
      0.7955728214606216,
      0.8078664128787748,
      0.8024347267797093,
      0.8015193794144577,
      0.8009129685733097,
      0.7979365307750956,
      0.8109228262639626,
      0.8172919527732915,
      0.797958705500621,
      0.8081479405890201,
      0.8121668653650506
    ],
    "learning_rates": [
      9.990133642141359e-05,
      9.96057350657239e-05,
      9.911436253643444e-05,
      9.842915805643155e-05,
      9.755282581475769e-05,
      9.648882429441257e-05,
      9.524135262330098e-05,
      9.381533400219317e-05,
      9.221639627510075e-05,
      9.045084971874735e-05,
      8.852566213878945e-05,
      8.644843137107056e-05,
      8.422735529643442e-05,
      8.187119948743447e-05,
      7.938926261462366e-05,
      7.679133974894982e-05,
      7.408768370508575e-05,
      7.128896457825361e-05,
      6.840622763423389e-05,
      6.545084971874736e-05
    ]
  }
}