{
  "train_loss": [
    1.668171997662234,
    0.9373998472718426,
    0.6234339802142452,
    0.44410076764473455,
    0.3136266933360933,
    0.2766221976584423,
    0.218191677079275,
    0.19261649570663084,
    0.14516744440402127,
    0.1617139690526629,
    0.13629608192709902,
    0.13026767123529243,
    0.11471128881390119,
    0.11280066955667054,
    0.11684954712960134
  ],
  "val_loss": [
    0.9060599195848921,
    0.7434513829310174,
    0.755292647662004,
    0.8110874067882957,
    1.0205554727588966,
    0.9205530315306786,
    0.9179288901907404,
    1.1074006234480802,
    1.2244402039664544,
    1.013067442762142,
    1.1945302782337792,
    1.371807065188103,
    1.1990958488312307,
    1.3858462528792688,
    1.1675025132662353
  ],
  "val_macro_f1": [
    0.7032204337325071,
    0.7479262219842465,
    0.7674083241485329,
    0.7698393323327164,
    0.7380511000684447,
    0.7691769443900448,
    0.7706341903930737,
    0.7586726164345678,
    0.7589404844245895,
    0.7778837475735342,
    0.7493621973569982,
    0.7371977848201661,
    0.7712729524443331,
    0.734489725708725,
    0.7271938468948018
  ],
  "train_acc": [
    0.45101643598615915,
    0.7152897923875432,
    0.8149870242214533,
    0.8739186851211073,
    0.9139273356401384,
    0.9253892733564014,
    0.9433391003460208,
    0.9505839100346021,
    0.9637759515570934,
    0.9591262975778547,
    0.9645328719723183,
    0.9684256055363322,
    0.9711288927335641,
    0.9728589965397924,
    0.9712370242214533
  ],
  "val_acc": [
    0.7033299697275479,
    0.7512613521695257,
    0.768920282542886,
    0.7699293642785066,
    0.736125126135217,
    0.7704339051463168,
    0.7699293642785066,
    0.7573158425832492,
    0.760343087790111,
    0.7769929364278506,
    0.7487386478304743,
    0.736125126135217,
    0.7709384460141272,
    0.7315842583249244,
    0.7285570131180625
  ]
}