{
  "train_loss": [
    1.9325605024515964,
    0.9459542607353633,
    0.4737273554179083,
    0.23182614507301869,
    0.12221327764352713,
    0.089625184562792,
    0.07485968841297816,
    0.05661469233902268,
    0.04323566983418481
  ],
  "val_loss": [
    1.0607522302631414,
    0.7366735607415709,
    0.7017393891674238,
    0.7467171713694795,
    0.8873232150174053,
    0.9784816658099893,
    1.0947467165084708,
    1.1082401694250636,
    1.1001061365895508
  ],
  "val_macro_f1": [
    0.6679243631706774,
    0.7439730840871844,
    0.781174325888391,
    0.7938508442439546,
    0.7919463413354684,
    0.7805582895078692,
    0.7812827763458874,
    0.788029234971842,
    0.7911433561171038
  ],
  "train_acc": [
    0.3796496539792388,
    0.7117214532871973,
    0.8701340830449827,
    0.9424740484429066,
    0.9751297577854672,
    0.9812932525951558,
    0.984969723183391,
    0.9884299307958477,
    0.9913494809688581
  ],
  "val_acc": [
    0.6765893037336024,
    0.7441977800201817,
    0.7815338042381433,
    0.7901109989909183,
    0.7875882946518667,
    0.7795156407669022,
    0.7840565085771948,
    0.7840565085771948,
    0.7875882946518667
  ]
}