{
  "train_loss": [
    1.660260222568644,
    0.8973863766138735,
    0.5967907007770761,
    0.38234105501259485,
    0.31320212709243733,
    0.247732115529194,
    0.16938725857637746,
    0.17337759011860124,
    0.16380961031804447,
    0.13511739614513094,
    0.16106204053058343
  ],
  "val_loss": [
    1.019438931126407,
    0.7422064133777868,
    0.8312230730874748,
    0.8883010674677752,
    0.9143658170305515,
    0.9066196525493857,
    1.0350868991236875,
    1.0603984996721554,
    1.1152104248192187,
    1.6126002262747732,
    1.1175291890092383
  ],
  "val_macro_f1": [
    0.6509746377265574,
    0.7518892272094252,
    0.7446187364000856,
    0.7626255088393102,
    0.7705697268520658,
    0.7860720934850596,
    0.751618126456992,
    0.7795663595657701,
    0.7600331819815853,
    0.728232615907997,
    0.7811419487487273
  ],
  "train_acc": [
    0.4619377162629758,
    0.7331314878892734,
    0.8293685121107266,
    0.8952205882352942,
    0.9145761245674741,
    0.9340397923875432,
    0.9540441176470589,
    0.9531790657439446,
    0.9610726643598616,
    0.9626946366782007,
    0.9622621107266436
  ],
  "val_acc": [
    0.6513622603430878,
    0.7497477295660948,
    0.7477295660948536,
    0.7598385469223007,
    0.7694248234106963,
    0.784561049445005,
    0.7532795156407669,
    0.777497477295661,
    0.7598385469223007,
    0.7336024217961655,
    0.7805247225025227
  ]
}