{
  "train_loss": [
    1.6501325964927673,
    0.9107044879153732,
    0.603017025147033,
    0.43004524373935993,
    0.3169525581505472,
    0.2664765575868448,
    0.1975242990394571,
    0.18337715007235847,
    0.15696509893996494
  ],
  "val_loss": [
    0.9567998997739298,
    0.7207070465202469,
    0.818865767219616,
    0.7736038878399364,
    0.9873627899994644,
    0.858665127806905,
    1.1747763552052166,
    1.127512597051326,
    1.2379387858221316
  ],
  "val_macro_f1": [
    0.6973329144661408,
    0.7787357472121261,
    0.7567513504205277,
    0.7901379320106302,
    0.7620167830700618,
    0.7783240913388089,
    0.7454908069377678,
    0.77179882082503,
    0.7595526636477384
  ],
  "train_acc": [
    0.46756055363321797,
    0.7243728373702422,
    0.8252595155709342,
    0.8834342560553633,
    0.9125216262975778,
    0.9291738754325259,
    0.9460423875432526,
    0.9523140138408305,
    0.9588019031141869
  ],
  "val_acc": [
    0.6997981836528759,
    0.7785065590312815,
    0.7573158425832492,
    0.7891019172552977,
    0.7669021190716448,
    0.7805247225025227,
    0.7426841574167508,
    0.7729566094853683,
    0.7633703329969728
  ]
}