{
  "experiment_id": "seed_141",
  "seed_value": 141,
  "seed_index": 15,
  "timestamp": "2025-11-18T02:00:56.080227",
  "configuration": {
    "learning_rate": 5e-05,
    "batch_size": 32,
    "early_stopping_patience": 5,
    "dropout": 0.5,
    "weight_decay": 0.0001,
    "max_epochs": 20,
    "model_init_seed": 42,
    "data_split_seed": 141,
    "dataset_size": "100% (full dataset)"
  },
  "training_info": {
    "total_epochs": 12,
    "best_epoch": 7,
    "early_stopped": true,
    "total_time_minutes": 2.487025527159373
  },
  "validation_metrics": {
    "best_val_macro_f1": 0.8237960655276879,
    "best_val_accuracy": 82.40927419354838,
    "best_val_loss": 0.5077246706331929,
    "final_val_macro_f1": 0.8187354351398822,
    "final_val_accuracy": 82.10685483870968,
    "final_val_loss": 0.5356496225201315,
    "per_class_metrics": {
      "f1": {
        "conservative": 0.7279693486590039,
        "dressy": 0.9552238805970149,
        "ethnic": 0.8581818181818182,
        "fairy": 0.9337748344370861,
        "feminine": 0.7710843373493976,
        "gal": 0.8661971830985915,
        "girlish": 0.6900584795321637,
        "kireime-casual": 0.7220447284345048,
        "lolita": 0.9430379746835443,
        "mode": 0.8231292517006802,
        "natural": 0.7596899224806202,
        "retro": 0.7510204081632653,
        "rock": 0.8467153284671532,
        "street": 0.8850174216027874
      },
      "precision": {
        "conservative": 0.7786885245901639,
        "dressy": 0.9552238805970149,
        "ethnic": 0.8082191780821918,
        "fairy": 0.8867924528301887,
        "feminine": 0.7619047619047619,
        "gal": 0.8723404255319149,
        "girlish": 0.6704545454545454,
        "kireime-casual": 0.7290322580645161,
        "lolita": 0.9490445859872612,
        "mode": 0.8962962962962963,
        "natural": 0.7596899224806202,
        "retro": 0.7796610169491526,
        "rock": 0.7631578947368421,
        "street": 0.9477611940298507
      },
      "recall": {
        "conservative": 0.6834532374100719,
        "dressy": 0.9552238805970149,
        "ethnic": 0.9147286821705426,
        "fairy": 0.986013986013986,
        "feminine": 0.7804878048780488,
        "gal": 0.8601398601398601,
        "girlish": 0.7108433734939759,
        "kireime-casual": 0.7151898734177216,
        "lolita": 0.9371069182389937,
        "mode": 0.7610062893081762,
        "natural": 0.7596899224806202,
        "retro": 0.7244094488188977,
        "rock": 0.9508196721311475,
        "street": 0.8300653594771242
      }
    },
    "best_val_macro_precision": 0.825590495538237,
    "best_val_macro_recall": 0.8263698791840131
  },
  "test_metrics": {
    "test_macro_f1": 0.8068973995965277,
    "test_accuracy": 80.70528967254408,
    "test_loss": 0.5862448943985833,
    "per_class_metrics": {
      "f1": {
        "conservative": 0.7851851851851852,
        "dressy": 0.951310861423221,
        "ethnic": 0.8110236220472441,
        "fairy": 0.903225806451613,
        "feminine": 0.7171314741035857,
        "gal": 0.8623188405797102,
        "girlish": 0.703030303030303,
        "kireime-casual": 0.6976744186046512,
        "lolita": 0.8722741433021807,
        "mode": 0.7878787878787878,
        "natural": 0.7703180212014133,
        "retro": 0.7666666666666668,
        "rock": 0.8161764705882353,
        "street": 0.8523489932885906
      },
      "precision": {
        "conservative": 0.8091603053435115,
        "dressy": 0.9621212121212122,
        "ethnic": 0.824,
        "fairy": 0.8433734939759037,
        "feminine": 0.6976744186046512,
        "gal": 0.8947368421052632,
        "girlish": 0.7073170731707317,
        "kireime-casual": 0.7342657342657343,
        "lolita": 0.8695652173913043,
        "mode": 0.8478260869565217,
        "natural": 0.7077922077922078,
        "retro": 0.8141592920353983,
        "rock": 0.7350993377483444,
        "street": 0.8758620689655172
      },
      "recall": {
        "conservative": 0.762589928057554,
        "dressy": 0.9407407407407408,
        "ethnic": 0.7984496124031008,
        "fairy": 0.9722222222222222,
        "feminine": 0.7377049180327869,
        "gal": 0.8321678321678322,
        "girlish": 0.6987951807228916,
        "kireime-casual": 0.6645569620253164,
        "lolita": 0.875,
        "mode": 0.7358490566037735,
        "natural": 0.8449612403100775,
        "retro": 0.7244094488188977,
        "rock": 0.9173553719008265,
        "street": 0.8300653594771242
      }
    },
    "test_macro_precision": 0.8087823778911645,
    "test_macro_recall": 0.8096334195345104
  },
  "overfitting_analysis": {
    "overfitting_detected": false,
    "best_val_loss": 0.5077246706331929,
    "val_loss_after_best": 0.5152864804671656,
    "increase_percentage": 1.4893524524900916,
    "train_val_gap": 0.06955612303981262
  },
  "training_curves": {
    "train_losses": [
      2.106661719700386,
      1.1065869127881938,
      0.8407064723557439,
      0.7386125307658623,
      0.6628483189591046,
      0.6119221001349646,
      0.5772807936730056,
      0.5567029101581409,
      0.525643633717093,
      0.5111287086174405,
      0.4776715590522207,
      0.4574004570214913
    ],
    "val_losses": [
      1.119807202969828,
      0.6816779721167779,
      0.5954470985358761,
      0.5543668683498136,
      0.5345773223427034,
      0.5203798569498523,
      0.5115965789844913,
      0.5152864804671656,
      0.5146421758878615,
      0.5077246706331929,
      0.5185028470812305,
      0.5356496225201315
    ],
    "train_accs": [
      33.905625742360435,
      64.2155274808336,
      72.2924090271029,
      76.05010258071482,
      77.69139401792464,
      80.13173523377606,
      81.56786524133463,
      81.42749163157326,
      82.65846020948062,
      83.6734693877551,
      84.32134758665372,
      84.8180542058093
    ],
    "val_accs": [
      70.36290322580645,
      77.57056451612904,
      79.3850806451613,
      80.74596774193549,
      80.59475806451613,
      81.25,
      82.40927419354838,
      82.00604838709677,
      82.15725806451613,
      81.65322580645162,
      82.30846774193549,
      82.10685483870968
    ],
    "val_macro_f1s": [
      0.6933199528438443,
      0.7744398501337635,
      0.7932773590681216,
      0.8070350529610766,
      0.8038703839308987,
      0.8112714332031555,
      0.8237960655276879,
      0.8195715858015861,
      0.8209359101221166,
      0.8165748581171917,
      0.8210953602428986,
      0.8187354351398822
    ],
    "learning_rates": [
      4.995066821070679e-05,
      4.980286753286195e-05,
      4.955718126821722e-05,
      4.9214579028215776e-05,
      4.877641290737884e-05,
      4.8244412147206284e-05,
      4.762067631165049e-05,
      4.6907667001096584e-05,
      4.610819813755037e-05,
      4.5225424859373677e-05,
      4.426283106939472e-05,
      4.322421568553528e-05
    ]
  },
  "data_split_info": {
    "train_size": 9261,
    "val_size": 1984,
    "test_size": 1985
  },
  "per_class_metrics_timestamp": "2025-11-18T03:12:34.063620"
}