{
  "experiment_id": "seed_333",
  "seed_value": 333,
  "seed_index": 24,
  "timestamp": "2025-11-18T02:35:38.184896",
  "configuration": {
    "learning_rate": 5e-05,
    "batch_size": 32,
    "early_stopping_patience": 5,
    "dropout": 0.5,
    "weight_decay": 0.0001,
    "max_epochs": 20,
    "model_init_seed": 42,
    "data_split_seed": 333,
    "dataset_size": "100% (full dataset)"
  },
  "training_info": {
    "total_epochs": 20,
    "best_epoch": 19,
    "early_stopped": false,
    "total_time_minutes": 4.171039267381032
  },
  "validation_metrics": {
    "best_val_macro_f1": 0.8378462563150607,
    "best_val_accuracy": 83.71975806451613,
    "best_val_loss": 0.4940336136327636,
    "final_val_macro_f1": 0.8334356058328184,
    "final_val_accuracy": 83.36693548387096,
    "final_val_loss": 0.516944978626505,
    "per_class_metrics": {
      "f1": {
        "conservative": 0.8088235294117648,
        "dressy": 0.9597069597069599,
        "ethnic": 0.858267716535433,
        "fairy": 0.8943661971830986,
        "feminine": 0.7644787644787646,
        "gal": 0.8723404255319149,
        "girlish": 0.7204968944099379,
        "kireime-casual": 0.762214983713355,
        "lolita": 0.9259259259259259,
        "mode": 0.7867867867867868,
        "natural": 0.8821292775665398,
        "retro": 0.7983539094650205,
        "rock": 0.8063241106719368,
        "street": 0.8896321070234113
      },
      "precision": {
        "conservative": 0.8270676691729323,
        "dressy": 0.9424460431654677,
        "ethnic": 0.872,
        "fairy": 0.900709219858156,
        "feminine": 0.7279411764705882,
        "gal": 0.8848920863309353,
        "girlish": 0.7435897435897436,
        "kireime-casual": 0.785234899328859,
        "lolita": 0.9090909090909091,
        "mode": 0.7528735632183908,
        "natural": 0.8656716417910447,
        "retro": 0.8362068965517241,
        "rock": 0.7786259541984732,
        "street": 0.910958904109589
      },
      "recall": {
        "conservative": 0.7913669064748201,
        "dressy": 0.9776119402985075,
        "ethnic": 0.8449612403100775,
        "fairy": 0.8881118881118881,
        "feminine": 0.8048780487804879,
        "gal": 0.8601398601398601,
        "girlish": 0.6987951807228916,
        "kireime-casual": 0.740506329113924,
        "lolita": 0.9433962264150944,
        "mode": 0.8238993710691824,
        "natural": 0.8992248062015504,
        "retro": 0.7637795275590551,
        "rock": 0.8360655737704918,
        "street": 0.869281045751634
      }
    },
    "best_val_macro_precision": 0.8383791933483439,
    "best_val_macro_recall": 0.8387155674799619
  },
  "test_metrics": {
    "test_macro_f1": 0.8352168983040001,
    "test_accuracy": 83.47607052896726,
    "test_loss": 0.5618154950558193,
    "per_class_metrics": {
      "f1": {
        "conservative": 0.7902097902097902,
        "dressy": 0.9473684210526315,
        "ethnic": 0.8221343873517787,
        "fairy": 0.9452054794520548,
        "feminine": 0.7449392712550607,
        "gal": 0.8644688644688644,
        "girlish": 0.7106918238993711,
        "kireime-casual": 0.7412140575079873,
        "lolita": 0.9400630914826499,
        "mode": 0.7928994082840236,
        "natural": 0.8281249999999999,
        "retro": 0.8212927756653992,
        "rock": 0.8395061728395061,
        "street": 0.9049180327868853
      },
      "precision": {
        "conservative": 0.7687074829931972,
        "dressy": 0.9618320610687023,
        "ethnic": 0.8387096774193549,
        "fairy": 0.9324324324324325,
        "feminine": 0.736,
        "gal": 0.9076923076923077,
        "girlish": 0.743421052631579,
        "kireime-casual": 0.7483870967741936,
        "lolita": 0.9490445859872612,
        "mode": 0.7486033519553073,
        "natural": 0.8346456692913385,
        "retro": 0.7941176470588235,
        "rock": 0.8360655737704918,
        "street": 0.9078947368421053
      },
      "recall": {
        "conservative": 0.8129496402877698,
        "dressy": 0.9333333333333333,
        "ethnic": 0.8062015503875969,
        "fairy": 0.9583333333333334,
        "feminine": 0.7540983606557377,
        "gal": 0.8251748251748252,
        "girlish": 0.6807228915662651,
        "kireime-casual": 0.7341772151898734,
        "lolita": 0.93125,
        "mode": 0.8427672955974843,
        "natural": 0.8217054263565892,
        "retro": 0.8503937007874016,
        "rock": 0.8429752066115702,
        "street": 0.9019607843137255
      }
    },
    "test_macro_precision": 0.8362538339940784,
    "test_macro_recall": 0.8354316831139647
  },
  "overfitting_analysis": {
    "overfitting_detected": false,
    "best_val_loss": 0.4940336136327636,
    "val_loss_after_best": 0.516944978626505,
    "increase_percentage": 4.637612575643975,
    "train_val_gap": -0.13651499430813702
  },
  "training_curves": {
    "train_losses": [
      2.1138156833319828,
      1.0952618654431967,
      0.8288939245815935,
      0.7340304819674327,
      0.6720817620384282,
      0.6280825943782412,
      0.587505823271028,
      0.5464479101115259,
      0.525960192495379,
      0.4999220986304612,
      0.479665316846864,
      0.4606033814878299,
      0.43967331136608945,
      0.43609069503586867,
      0.4184972389761744,
      0.4091727214383668,
      0.38705069114421975,
      0.37885963328439615,
      0.3575186193246266,
      0.35568294016451674
    ],
    "val_losses": [
      1.1294267908219369,
      0.7047104527873378,
      0.6041569488663827,
      0.562604534049188,
      0.5363180543626508,
      0.5408921409999171,
      0.5258175305301144,
      0.5083303485185869,
      0.4996414767397988,
      0.4959254751522695,
      0.5158606277358148,
      0.5006851140529879,
      0.5009903805630822,
      0.5046326907411698,
      0.506732004304086,
      0.4940336136327636,
      0.5115579101106813,
      0.5369595052494157,
      0.5117651226539766,
      0.516944978626505
    ],
    "train_accs": [
      33.40891912320484,
      64.57186049022783,
      72.83230752618508,
      76.10409243062304,
      77.5618183781449,
      79.13832199546485,
      80.39088651333549,
      82.14015765036173,
      82.44250080984774,
      83.39272216823237,
      83.87863081740633,
      85.02321563546053,
      85.42274052478135,
      85.5631141345427,
      86.17859842349638,
      86.36216391318432,
      86.81567865241334,
      87.3015873015873,
      87.8954756505777,
      88.19781881006371
    ],
    "val_accs": [
      70.86693548387096,
      77.8225806451613,
      78.72983870967742,
      80.24193548387096,
      81.95564516129032,
      81.30040322580645,
      82.56048387096774,
      82.20766129032258,
      82.66129032258064,
      83.16532258064517,
      83.46774193548387,
      83.06451612903226,
      82.35887096774194,
      83.01411290322581,
      83.26612903225806,
      83.46774193548387,
      82.7116935483871,
      81.95564516129032,
      83.71975806451613,
      83.36693548387096
    ],
    "val_macro_f1s": [
      0.7005136119735885,
      0.7783684662393041,
      0.787657821003685,
      0.8018612165295116,
      0.8207093396608747,
      0.8137733081145369,
      0.82490169477637,
      0.8213748392526856,
      0.8270188160040747,
      0.8318013346924606,
      0.8340308515344425,
      0.8309616581900227,
      0.8226190440546386,
      0.8293262597229552,
      0.8322365858881922,
      0.8358991750438997,
      0.8267434870073618,
      0.8182241240210745,
      0.8378462563150607,
      0.8334356058328184
    ],