{
  "experiment_id": "seed_102",
  "seed_value": 102,
  "seed_index": 10,
  "timestamp": "2025-11-18T01:43:08.661454",
  "configuration": {
    "learning_rate": 5e-05,
    "batch_size": 32,
    "early_stopping_patience": 5,
    "dropout": 0.5,
    "weight_decay": 0.0001,
    "max_epochs": 20,
    "model_init_seed": 42,
    "data_split_seed": 102,
    "dataset_size": "100% (full dataset)"
  },
  "training_info": {
    "total_epochs": 13,
    "best_epoch": 8,
    "early_stopped": true,
    "total_time_minutes": 2.6982272545496624
  },
  "validation_metrics": {
    "best_val_macro_f1": 0.8392318682743684,
    "best_val_accuracy": 83.92137096774194,
    "best_val_loss": 0.4643024802207947,
    "final_val_macro_f1": 0.8303290323557453,
    "final_val_accuracy": 83.06451612903226,
    "final_val_loss": 0.4782431928380843,
    "per_class_metrics": {
      "f1": {
        "conservative": 0.7756653992395438,
        "dressy": 0.9505703422053232,
        "ethnic": 0.8452830188679246,
        "fairy": 0.9103448275862069,
        "feminine": 0.796812749003984,
        "gal": 0.8745519713261648,
        "girlish": 0.7725856697819314,
        "kireime-casual": 0.7428571428571427,
        "lolita": 0.9423076923076923,
        "mode": 0.8012618296529969,
        "natural": 0.8248175182481752,
        "retro": 0.7832699619771863,
        "rock": 0.824,
        "street": 0.9049180327868853
      },
      "precision": {
        "conservative": 0.8225806451612904,
        "dressy": 0.9689922480620154,
        "ethnic": 0.8235294117647058,
        "fairy": 0.8979591836734694,
        "feminine": 0.78125,
        "gal": 0.8970588235294118,
        "girlish": 0.8,
        "kireime-casual": 0.7452229299363057,
        "lolita": 0.9607843137254902,
        "mode": 0.8037974683544303,
        "natural": 0.7793103448275862,
        "retro": 0.7573529411764706,
        "rock": 0.8046875,
        "street": 0.9078947368421053
      },
      "recall": {
        "conservative": 0.7338129496402878,
        "dressy": 0.9328358208955224,
        "ethnic": 0.8682170542635659,
        "fairy": 0.9230769230769231,
        "feminine": 0.8130081300813008,
        "gal": 0.8531468531468531,
        "girlish": 0.7469879518072289,
        "kireime-casual": 0.740506329113924,
        "lolita": 0.9245283018867925,
        "mode": 0.7987421383647799,
        "natural": 0.875968992248062,
        "retro": 0.8110236220472441,
        "rock": 0.8442622950819673,
        "street": 0.9019607843137255
      }
    },
    "best_val_macro_precision": 0.8393157533609487,
    "best_val_macro_recall": 0.8405770104262984
  },
  "test_metrics": {
    "test_macro_f1": 0.8258114759507958,
    "test_accuracy": 82.51889168765743,
    "test_loss": 0.49778261236728183,
    "per_class_metrics": {
      "f1": {
        "conservative": 0.7575757575757576,
        "dressy": 0.9621212121212122,
        "ethnic": 0.856060606060606,
        "fairy": 0.9383561643835616,
        "feminine": 0.7449392712550607,
        "gal": 0.8754448398576513,
        "girlish": 0.7190332326283988,
        "kireime-casual": 0.7147335423197492,
        "lolita": 0.932475884244373,
        "mode": 0.7697160883280757,
        "natural": 0.7854545454545455,
        "retro": 0.7894736842105262,
        "rock": 0.8050847457627119,
        "street": 0.9108910891089109
      },
      "precision": {
        "conservative": 0.8,
        "dressy": 0.9844961240310077,
        "ethnic": 0.837037037037037,
        "fairy": 0.9256756756756757,
        "feminine": 0.736,
        "gal": 0.8913043478260869,
        "girlish": 0.7212121212121212,
        "kireime-casual": 0.7080745341614907,
        "lolita": 0.9602649006622517,
        "mode": 0.7721518987341772,
        "natural": 0.7397260273972602,
        "retro": 0.7553956834532374,
        "rock": 0.8260869565217391,
        "street": 0.92
      },
      "recall": {
        "conservative": 0.7194244604316546,
        "dressy": 0.9407407407407408,
        "ethnic": 0.875968992248062,
        "fairy": 0.9513888888888888,
        "feminine": 0.7540983606557377,
        "gal": 0.8601398601398601,
        "girlish": 0.7168674698795181,
        "kireime-casual": 0.7215189873417721,
        "lolita": 0.90625,
        "mode": 0.7672955974842768,
        "natural": 0.8372093023255814,
        "retro": 0.8267716535433071,
        "rock": 0.7851239669421488,
        "street": 0.9019607843137255
      }
    },
    "test_macro_precision": 0.8269589504794347,
    "test_macro_recall": 0.8260542189239481
  },
  "overfitting_analysis": {
    "overfitting_detected": false,
    "best_val_loss": 0.4643024802207947,
    "val_loss_after_best": 0.5132788006336458,
    "increase_percentage": 10.548365020484262,
    "train_val_gap": 0.10552195593200886
  },
  "training_curves": {
    "train_losses": [
      2.0937366880219557,
      1.1030091532345476,
      0.8581875229703969,
      0.7424472195321116,
      0.6844599126741804,
      0.6351661388216348,
      0.593320553878258,
      0.5698244361528035,
      0.541950907018678,
      0.5014545352808361,
      0.4998135006633298,
      0.4705681343016953,
      0.44983932370769564
    ],
    "val_losses": [
      1.0890331835516038,
      0.6630311815008041,
      0.5989042789705338,
      0.5575150001433588,
      0.5154387559140882,
      0.5030813914152884,
      0.4943618541282992,
      0.4643024802207947,
      0.5132788006336458,
      0.48221219475230864,
      0.4696263329636666,
      0.4930657304583057,
      0.4782431928380843
    ],
    "train_accs": [
      34.531908001295754,
      64.83101176978728,
      72.09804556743332,
      75.348234531908,
      76.96793002915452,
      78.95475650577691,
      80.53126012309686,
      81.17913832199547,
      82.11856171039844,
      83.29554043839758,
      83.47910592808552,
      84.69927653601123,
      85.07720548536875
    ],
    "val_accs": [
      73.08467741935483,
      79.3850806451613,
      80.29233870967742,
      80.34274193548387,
      83.21572580645162,
      82.7116935483871,
      83.41733870967742,
      83.92137096774194,
      81.85483870967742,
      83.66935483870968,
      82.61088709677419,
      83.51814516129032,
      83.06451612903226
    ],
    "val_macro_f1s": [
      0.723717816268002,
      0.7941911376973892,
      0.8016327292982577,
      0.8032612506213967,
      0.8329171708140496,
      0.8272069357972403,
      0.83494890650406,
      0.8392318682743684,
      0.819160743805752,
      0.8372784952503636,
      0.8251190091365512,
      0.8350080041497208,
      0.8303290323557453
    ],
    "learning_rates": [
      4.995066821070679e-05,
      4.980286753286195e-05,
      4.955718126821722e-05,
      4.9214579028215776e-05,
      4.877641290737884e-05,
      4.8244412147206284e-05,
      4.762067631165049e-05,
      4.6907667001096584e-05,
      4.610819813755037e-05,
      4.5225424859373677e-05,
      4.426283106939472e-05,
      4.322421568553528e-05,
      4.211367764821721e-05
    ]
  },
  "data_split_info": {
    "train_size": 9261,
    "val_size": 1984,
    "test_size": 1985
  },
  "per_class_metrics_timestamp": "2025-11-18T03:12:10.908119"
}