{
  "experiment_id": "seed_367",
  "seed_value": 367,
  "seed_index": 27,
  "timestamp": "2025-11-18T02:46:48.034765",
  "configuration": {
    "learning_rate": 5e-05,
    "batch_size": 32,
    "early_stopping_patience": 5,
    "dropout": 0.5,
    "weight_decay": 0.0001,
    "max_epochs": 20,
    "model_init_seed": 42,
    "data_split_seed": 367,
    "dataset_size": "100% (full dataset)"
  },
  "training_info": {
    "total_epochs": 20,
    "best_epoch": 15,
    "early_stopped": true,
    "total_time_minutes": 4.26666663090388
  },
  "validation_metrics": {
    "best_val_macro_f1": 0.8454064495044309,
    "best_val_accuracy": 84.4758064516129,
    "best_val_loss": 0.44944172833235035,
    "final_val_macro_f1": 0.8355210481112246,
    "final_val_accuracy": 83.51814516129032,
    "final_val_loss": 0.4590657328165347,
    "per_class_metrics": {
      "f1": {
        "conservative": 0.8115942028985508,
        "dressy": 0.9812734082397004,
        "ethnic": 0.8682170542635659,
        "fairy": 0.9375,
        "feminine": 0.7528517110266161,
        "gal": 0.903225806451613,
        "girlish": 0.7023809523809523,
        "kireime-casual": 0.7167235494880547,
        "lolita": 0.9418960244648318,
        "mode": 0.8466666666666667,
        "natural": 0.8085106382978724,
        "retro": 0.803347280334728,
        "rock": 0.8638132295719845,
        "street": 0.8976897689768976
      },
      "precision": {
        "conservative": 0.8175182481751825,
        "dressy": 0.9849624060150376,
        "ethnic": 0.8682170542635659,
        "fairy": 0.9310344827586207,
        "feminine": 0.7071428571428572,
        "gal": 0.9264705882352942,
        "girlish": 0.6941176470588235,
        "kireime-casual": 0.7777777777777778,
        "lolita": 0.9166666666666666,
        "mode": 0.900709219858156,
        "natural": 0.7450980392156863,
        "retro": 0.8571428571428571,
        "rock": 0.8222222222222222,
        "street": 0.9066666666666666
      },
      "recall": {
        "conservative": 0.8057553956834532,
        "dressy": 0.9776119402985075,
        "ethnic": 0.8682170542635659,
        "fairy": 0.9440559440559441,
        "feminine": 0.8048780487804879,
        "gal": 0.8811188811188811,
        "girlish": 0.7108433734939759,
        "kireime-casual": 0.6645569620253164,
        "lolita": 0.9685534591194969,
        "mode": 0.7987421383647799,
        "natural": 0.8837209302325582,
        "retro": 0.7559055118110236,
        "rock": 0.9098360655737705,
        "street": 0.8888888888888888
      }
    },
    "best_val_macro_precision": 0.846839052371387,
    "best_val_macro_recall": 0.847334613836475
  },
  "test_metrics": {
    "test_macro_f1": 0.8302606024418637,
    "test_accuracy": 83.02267002518892,
    "test_loss": 0.4966339094976392,
    "per_class_metrics": {
      "f1": {
        "conservative": 0.7874564459930314,
        "dressy": 0.955223880597015,
        "ethnic": 0.8528301886792453,
        "fairy": 0.9183673469387755,
        "feminine": 0.752851711026616,
        "gal": 0.8759124087591241,
        "girlish": 0.7041420118343196,
        "kireime-casual": 0.734006734006734,
        "lolita": 0.9390243902439025,
        "mode": 0.7932203389830508,
        "natural": 0.7924528301886792,
        "retro": 0.7883817427385892,
        "rock": 0.813953488372093,
        "street": 0.9158249158249158
      },
      "precision": {
        "conservative": 0.7635135135135135,
        "dressy": 0.9624060150375939,
        "ethnic": 0.8308823529411765,
        "fairy": 0.9,
        "feminine": 0.7021276595744681,
        "gal": 0.916030534351145,
        "girlish": 0.6918604651162791,
        "kireime-casual": 0.7841726618705036,
        "lolita": 0.9166666666666666,
        "mode": 0.8602941176470589,
        "natural": 0.7720588235294118,
        "retro": 0.8333333333333334,
        "rock": 0.7664233576642335,
        "street": 0.9444444444444444
      },
      "recall": {
        "conservative": 0.8129496402877698,
        "dressy": 0.9481481481481482,
        "ethnic": 0.875968992248062,
        "fairy": 0.9375,
        "feminine": 0.8114754098360656,
        "gal": 0.8391608391608392,
        "girlish": 0.7168674698795181,
        "kireime-casual": 0.689873417721519,
        "lolita": 0.9625,
        "mode": 0.7358490566037735,
        "natural": 0.813953488372093,
        "retro": 0.7480314960629921,
        "rock": 0.8677685950413223,
        "street": 0.8888888888888888
      }
    },
    "test_macro_precision": 0.8317295675492735,
    "test_macro_recall": 0.8320668173036424
  },
  "overfitting_analysis": {
    "overfitting_detected": false,
    "best_val_loss": 0.44944172833235035,
    "val_loss_after_best": 0.455506460320565,
    "increase_percentage": 1.349392280667352,
    "train_val_gap": -0.02583870995909937
  },
  "training_curves": {
    "train_losses": [
      2.09320774448329,
      1.1195818161142284,
      0.86231329122494,
      0.7477300017044461,
      0.6803959463177056,
      0.6403000610655751,
      0.6000429202770364,
      0.5542935674560481,
      0.5353678856430383,
      0.5247611564808878,
      0.5037709482784929,
      0.48551014389457375,
      0.46579095520849884,
      0.4398751934283766,
      0.423603018373251,
      0.3996148304435714,
      0.39676355293084836,
      0.38802156304490976,
      0.3744090349766715,
      0.36052486811732426
    ],
    "val_losses": [
      1.092099602183988,
      0.6933623557129214,
      0.5775557886208257,
      0.5400842856014928,
      0.5348623906893115,
      0.4869589221573645,
      0.4716211990002663,
      0.458342443070104,
      0.47643773065459344,
      0.4745506719956475,
      0.46402124676012224,
      0.47693075263692486,
      0.4566714913854676,
      0.45581722836340627,
      0.44944172833235035,
      0.455506460320565,
      0.4705716792133547,
      0.4548935994746224,
      0.45397709550396087,
      0.4590657328165347
    ],
    "train_accs": [
      35.114998380304506,
      63.76201274160458,
      72.05485368750675,
      75.57499190152251,
      78.01533311737393,
      78.68480725623583,
      79.90497786416154,
      81.80542058093079,
      82.75564193931541,
      82.72324802937048,
      83.4251160781773,
      84.18097397689235,
      84.88284202569916,
      85.26077097505669,
      86.17859842349638,
      86.69690098261526,
      86.8048806824317,
      86.88046647230321,
      87.92786956052262,
      88.16542490011878
    ],
    "val_accs": [
      72.58064516129032,
      78.125,
      80.74596774193549,
      81.60282258064517,
      82.10685483870968,
      83.1149193548387,
      83.51814516129032,
      83.41733870967742,
      83.01411290322581,
      83.61895161290323,
      83.61895161290323,
      83.66935483870968,
      84.0725806451613,
      84.12298387096774,
      84.4758064516129,
      84.0725806451613,
      84.02217741935483,
      84.42540322580645,
      83.97177419354838,
      83.51814516129032
    ],
    "val_macro_f1s": [
      0.72507476640454,
      0.7750554047363215,
      0.8056962951452488,
      0.8132009370900518,
      0.8180586583036801,
      0.831211300225446,
      0.8350081736141304,
      0.8342908429074806,
      0.8295854627790439,
      0.8337579886063677,
      0.8363409922802898,
      0.8363037981024268,
      0.8404521738390418,
      0.8409099027582976,
      0.8454064495044309,
      0.8408066537335451,
      0.8382990895869954,
      0.8432680455204542,
      0.8405346746223838,
      0.8355210481112246
    ],