{
  "experiment_id": "seed_58",
  "seed_value": 58,
  "seed_index": 8,
  "timestamp": "2025-11-18T01:38:04.129359",
  "configuration": {
    "learning_rate": 5e-05,
    "batch_size": 32,
    "early_stopping_patience": 5,
    "dropout": 0.5,
    "weight_decay": 0.0001,
    "max_epochs": 20,
    "model_init_seed": 42,
    "data_split_seed": 58,
    "dataset_size": "100% (full dataset)"
  },
  "training_info": {
    "total_epochs": 16,
    "best_epoch": 11,
    "early_stopped": true,
    "total_time_minutes": 3.316700867811839
  },
  "validation_metrics": {
    "best_val_macro_f1": 0.8196622933825556,
    "best_val_accuracy": 82.00604838709677,
    "best_val_loss": 0.5064321210788142,
    "final_val_macro_f1": 0.814729357225691,
    "final_val_accuracy": 81.45161290322581,
    "final_val_loss": 0.5331356780182931,
    "per_class_metrics": {
      "f1": {
        "conservative": 0.7632508833922261,
        "dressy": 0.9696969696969696,
        "ethnic": 0.8129496402877697,
        "fairy": 0.9209621993127148,
        "feminine": 0.7662835249042146,
        "gal": 0.8482758620689654,
        "girlish": 0.6621160409556314,
        "kireime-casual": 0.7027027027027026,
        "lolita": 0.9337539432176657,
        "mode": 0.7971530249110319,
        "natural": 0.7781569965870307,
        "retro": 0.8,
        "rock": 0.833976833976834,
        "street": 0.8859934853420196
      },
      "precision": {
        "conservative": 0.75,
        "dressy": 0.9846153846153847,
        "ethnic": 0.7583892617449665,
        "fairy": 0.9054054054054054,
        "feminine": 0.7246376811594203,
        "gal": 0.8367346938775511,
        "girlish": 0.7637795275590551,
        "kireime-casual": 0.7536231884057971,
        "lolita": 0.9367088607594937,
        "mode": 0.9180327868852459,
        "natural": 0.6951219512195121,
        "retro": 0.796875,
        "rock": 0.7883211678832117,
        "street": 0.8831168831168831
      },
      "recall": {
        "conservative": 0.7769784172661871,
        "dressy": 0.9552238805970149,
        "ethnic": 0.875968992248062,
        "fairy": 0.9370629370629371,
        "feminine": 0.8130081300813008,
        "gal": 0.8601398601398601,
        "girlish": 0.5843373493975904,
        "kireime-casual": 0.6582278481012658,
        "lolita": 0.9308176100628931,
        "mode": 0.7044025157232704,
        "natural": 0.8837209302325582,
        "retro": 0.8031496062992126,
        "rock": 0.8852459016393442,
        "street": 0.8888888888888888
      }
    },
    "best_val_macro_precision": 0.8210972709022804,
    "best_val_macro_recall": 0.8255123476957419
  },
  "test_metrics": {
    "test_macro_f1": 0.8304199859108513,
    "test_accuracy": 83.17380352644837,
    "test_loss": 0.4913043069934088,
    "per_class_metrics": {
      "f1": {
        "conservative": 0.8028673835125448,
        "dressy": 0.981549815498155,
        "ethnic": 0.8581818181818182,
        "fairy": 0.9220338983050849,
        "feminine": 0.7560975609756099,
        "gal": 0.8406779661016948,
        "girlish": 0.6643835616438356,
        "kireime-casual": 0.7440273037542663,
        "lolita": 0.9230769230769231,
        "mode": 0.7797833935018049,
        "natural": 0.7635135135135134,
        "retro": 0.8461538461538461,
        "rock": 0.8185328185328185,
        "street": 0.9249999999999999
      },
      "precision": {
        "conservative": 0.8,
        "dressy": 0.9779411764705882,
        "ethnic": 0.8082191780821918,
        "fairy": 0.9006622516556292,
        "feminine": 0.75,
        "gal": 0.8157894736842105,
        "girlish": 0.7698412698412699,
        "kireime-casual": 0.8074074074074075,
        "lolita": 0.9473684210526315,
        "mode": 0.9152542372881356,
        "natural": 0.6766467065868264,
        "retro": 0.8270676691729323,
        "rock": 0.7681159420289855,
        "street": 0.8862275449101796
      },
      "recall": {
        "conservative": 0.8057553956834532,
        "dressy": 0.9851851851851852,
        "ethnic": 0.9147286821705426,
        "fairy": 0.9444444444444444,
        "feminine": 0.7622950819672131,
        "gal": 0.8671328671328671,
        "girlish": 0.5843373493975904,
        "kireime-casual": 0.689873417721519,
        "lolita": 0.9,
        "mode": 0.6792452830188679,
        "natural": 0.875968992248062,
        "retro": 0.8661417322834646,
        "rock": 0.8760330578512396,
        "street": 0.9673202614379085
      }
    },
    "test_macro_precision": 0.8321815198700706,
    "test_macro_recall": 0.837032982181597
  },
  "overfitting_analysis": {
    "overfitting_detected": false,
    "best_val_loss": 0.5064321210788142,
    "val_loss_after_best": 0.5328239587045485,
    "increase_percentage": 5.21132774309689,
    "train_val_gap": -0.006998790092807683
  },
  "training_curves": {
    "train_losses": [
      2.116361721630754,
      1.1059028561772972,
      0.8537260738940075,
      0.7388654693447311,
      0.6859609837162084,
      0.6306290700517851,
      0.586325720723333,
      0.5605023175991815,
      0.5352153828945653,
      0.5044936374343675,
      0.4994333309860065,
      0.475993350970334,
      0.4542142434880651,
      0.44851785502557096,
      0.42161837906159205,
      0.4091215304259596
    ],
    "val_losses": [
      1.1221336722373962,
      0.6986336323522753,
      0.6033179010114362,
      0.5595253076284162,
      0.5607432910511571,
      0.5393139296962369,
      0.5183092461478326,
      0.5164807688805365,
      0.5433316127427162,
      0.5348231915024019,
      0.5064321210788142,
      0.5328239587045485,
      0.5213862047080071,
      0.5409727827195199,
      0.5386568766928488,
      0.5331356780182931
    ],
    "train_accs": [
      33.88402980239715,
      64.36669906057661,
      72.06565165748839,
      75.4238203217795,
      77.59421228808984,
      79.51625094482237,
      80.69322967282152,
      81.81621855091242,
      82.52888456970089,
      83.85703487744304,
      83.09037900874635,
      84.04060036713098,
      85.39034661483642,
      85.14199330525861,
      86.10301263362489,
      86.31897203325775
    ],
    "val_accs": [
      72.12701612903226,
      77.8225806451613,
      79.28427419354838,
      80.24193548387096,
      79.73790322580645,
      81.25,
      81.5524193548387,
      81.75403225806451,
      79.88911290322581,
      81.65322580645162,
      82.00604838709677,
      81.85483870967742,
      81.60282258064517,
      81.90524193548387,
      81.65322580645162,
      81.45161290322581
    ],
    "val_macro_f1s": [
      0.7143118743357789,
      0.7803903187892479,
      0.7928524457787643,
      0.8010224950103308,
      0.7981413376885982,
      0.8127355902949956,
      0.8168334637766022,
      0.8187077909244602,
      0.7999473437589059,
      0.8170808275019372,
      0.8196622933825556,
      0.8191368385358416,
      0.8153845116536804,
      0.8192873165350394,
      0.815853378012363,
      0.814729357225691
    ],
    "learning_rates": [
      4.995066821070679e-05,
      4.980286753286195e-05,
      4.955718126821722e-05,
      4.9214579028215776e-05,
      4.877641290737884e-05,
      4.8244412147206284e-05,
      4.762067631165049e-05,
      4.6907667001096584e-05,
      4.610819813755037e-05,
      4.5225424859373677e-05,
      4.426283106939472e-05,
      4.322421568553528e-05,
      4.211367764821721e-05,
      4.0935599743717234e-05,
      3.969463130731183e-05,
      3.839566987447491e-05
    ]
  },
  "data_split_info": {
    "train_size": 9261,
    "val_size": 1984,
    "test_size": 1985
  },
  "per_class_metrics_timestamp": "2025-11-18T03:12:01.698596"
}