{
  "experiment_id": "seed_48",
  "seed_value": 48,
  "seed_index": 6,
  "timestamp": "2025-11-18T01:30:42.747709",
  "configuration": {
    "learning_rate": 5e-05,
    "batch_size": 32,
    "early_stopping_patience": 5,
    "dropout": 0.5,
    "weight_decay": 0.0001,
    "max_epochs": 20,
    "model_init_seed": 42,
    "data_split_seed": 48,
    "dataset_size": "100% (full dataset)"
  },
  "training_info": {
    "total_epochs": 13,
    "best_epoch": 8,
    "early_stopped": true,
    "total_time_minutes": 2.701390214761098
  },
  "validation_metrics": {
    "best_val_macro_f1": 0.8367923841803888,
    "best_val_accuracy": 83.77016129032258,
    "best_val_loss": 0.4666574354613981,
    "final_val_macro_f1": 0.8336937890032469,
    "final_val_accuracy": 83.41733870967742,
    "final_val_loss": 0.47537149488925934,
    "per_class_metrics": {
      "f1": {
        "conservative": 0.8014184397163121,
        "dressy": 0.9635036496350364,
        "ethnic": 0.8659003831417623,
        "fairy": 0.9025270758122743,
        "feminine": 0.7806691449814127,
        "gal": 0.9090909090909091,
        "girlish": 0.6575342465753424,
        "kireime-casual": 0.7414965986394559,
        "lolita": 0.9325153374233129,
        "mode": 0.8623853211009174,
        "natural": 0.777027027027027,
        "retro": 0.7965367965367965,
        "rock": 0.8400000000000001,
        "street": 0.8844884488448845
      },
      "precision": {
        "conservative": 0.7902097902097902,
        "dressy": 0.9428571428571428,
        "ethnic": 0.8560606060606061,
        "fairy": 0.9328358208955224,
        "feminine": 0.7191780821917808,
        "gal": 0.9090909090909091,
        "girlish": 0.7619047619047619,
        "kireime-casual": 0.8014705882352942,
        "lolita": 0.9101796407185628,
        "mode": 0.8392857142857143,
        "natural": 0.688622754491018,
        "retro": 0.8846153846153846,
        "rock": 0.8203125,
        "street": 0.8933333333333333
      },
      "recall": {
        "conservative": 0.8129496402877698,
        "dressy": 0.9850746268656716,
        "ethnic": 0.875968992248062,
        "fairy": 0.8741258741258742,
        "feminine": 0.8536585365853658,
        "gal": 0.9090909090909091,
        "girlish": 0.5783132530120482,
        "kireime-casual": 0.689873417721519,
        "lolita": 0.9559748427672956,
        "mode": 0.8867924528301887,
        "natural": 0.8914728682170543,
        "retro": 0.7244094488188977,
        "rock": 0.860655737704918,
        "street": 0.8758169934640523
      }
    },
    "best_val_macro_precision": 0.8392826449207015,
    "best_val_macro_recall": 0.8410126852671161
  },
  "test_metrics": {
    "test_macro_f1": 0.8204366359849949,
    "test_accuracy": 82.11586901763224,
    "test_loss": 0.49288979840893593,
    "per_class_metrics": {
      "f1": {
        "conservative": 0.7724137931034483,
        "dressy": 0.945054945054945,
        "ethnic": 0.8571428571428571,
        "fairy": 0.9052631578947369,
        "feminine": 0.7120000000000001,
        "gal": 0.8620689655172414,
        "girlish": 0.7027027027027027,
        "kireime-casual": 0.6896551724137931,
        "lolita": 0.9216300940438872,
        "mode": 0.798780487804878,
        "natural": 0.784452296819788,
        "retro": 0.8221343873517786,
        "rock": 0.8253968253968254,
        "street": 0.8874172185430463
      },
      "precision": {
        "conservative": 0.7417218543046358,
        "dressy": 0.9347826086956522,
        "ethnic": 0.8538461538461538,
        "fairy": 0.9148936170212766,
        "feminine": 0.6953125,
        "gal": 0.8503401360544217,
        "girlish": 0.8,
        "kireime-casual": 0.7575757575757576,
        "lolita": 0.9245283018867925,
        "mode": 0.7751479289940828,
        "natural": 0.7207792207792207,
        "retro": 0.8253968253968254,
        "rock": 0.7938931297709924,
        "street": 0.8993288590604027
      },
      "recall": {
        "conservative": 0.8057553956834532,
        "dressy": 0.9555555555555556,
        "ethnic": 0.8604651162790697,
        "fairy": 0.8958333333333334,
        "feminine": 0.7295081967213115,
        "gal": 0.8741258741258742,
        "girlish": 0.6265060240963856,
        "kireime-casual": 0.6329113924050633,
        "lolita": 0.91875,
        "mode": 0.8238993710691824,
        "natural": 0.8604651162790697,
        "retro": 0.8188976377952756,
        "rock": 0.859504132231405,
        "street": 0.8758169934640523
      }
    },
    "test_macro_precision": 0.8205390638133011,
    "test_macro_recall": 0.824142438502788
  },
  "overfitting_analysis": {
    "overfitting_detected": false,
    "best_val_loss": 0.4666574354613981,
    "val_loss_after_best": 0.47812575318159595,
    "increase_percentage": 2.4575452674098686,
    "train_val_gap": 0.09880611431081515
  },
  "training_curves": {
    "train_losses": [
      2.1051115595061205,
      1.1219332086628881,
      0.8683320445233378,
      0.7432480435946892,
      0.6763839045989102,
      0.6334106803454201,
      0.5963523248146321,
      0.5654635497722132,
      0.5324520614126633,
      0.5189420452405666,
      0.4962911086863485,
      0.4670685803581928,
      0.45501901579314263
    ],
    "val_losses": [
      1.107148087793781,
      0.6879561009906954,
      0.5843757972601922,
      0.5264107073026318,
      0.5151593795707149,
      0.47762139790481134,
      0.5037778606337886,
      0.4666574354613981,
      0.47812575318159595,
      0.46835614404370707,
      0.47503998707379064,
      0.4899773107421014,
      0.47537149488925934
    ],
    "train_accs": [
      33.938019652305364,
      63.60004319187993,
      71.99006586761689,
      75.7477594212288,
      77.82096965770435,
      78.88996868588706,
      80.60684591296837,
      80.97397689234424,
      82.33452111003132,
      82.59367238959075,
      83.64107547781018,
      84.53730698628658,
      84.95842781557067
    ],
    "val_accs": [
      74.34475806451613,
      78.78024193548387,
      79.6875,
      81.90524193548387,
      82.40927419354838,
      83.16532258064517,
      81.5524193548387,
      83.77016129032258,
      83.46774193548387,
      83.46774193548387,
      83.41733870967742,
      83.41733870967742,
      83.41733870967742
    ],
    "val_macro_f1s": [
      0.7424263316116367,
      0.790526132381365,
      0.7976609823879276,
      0.8178608596624377,
      0.825295495449871,
      0.8297305869961338,
      0.8149897400666843,
      0.8367923841803888,
      0.8340954370471039,
      0.8336936990642491,
      0.8338092350329152,
      0.8336720178629865,
      0.8336937890032469
    ],
    "learning_rates": [
      4.995066821070679e-05,
      4.980286753286195e-05,
      4.955718126821722e-05,
      4.9214579028215776e-05,
      4.877641290737884e-05,
      4.8244412147206284e-05,
      4.762067631165049e-05,
      4.6907667001096584e-05,
      4.610819813755037e-05,
      4.5225424859373677e-05,
      4.426283106939472e-05,
      4.322421568553528e-05,
      4.211367764821721e-05
    ]
  },
  "data_split_info": {
    "train_size": 9261,
    "val_size": 1984,
    "test_size": 1985
  },
  "per_class_metrics_timestamp": "2025-11-18T03:11:52.494681"
}