{
  "experiment_id": "seed_126",
  "seed_value": 126,
  "seed_index": 14,
  "timestamp": "2025-11-18T01:58:23.811891",
  "configuration": {
    "learning_rate": 5e-05,
    "batch_size": 32,
    "early_stopping_patience": 5,
    "dropout": 0.5,
    "weight_decay": 0.0001,
    "max_epochs": 20,
    "model_init_seed": 42,
    "data_split_seed": 126,
    "dataset_size": "100% (full dataset)"
  },
  "training_info": {
    "total_epochs": 20,
    "best_epoch": 18,
    "early_stopped": false,
    "total_time_minutes": 4.1640263875325525
  },
  "validation_metrics": {
    "best_val_macro_f1": 0.8339768594580547,
    "best_val_accuracy": 83.36693548387096,
    "best_val_loss": 0.49777285658544107,
    "final_val_macro_f1": 0.8274732845156084,
    "final_val_accuracy": 82.8125,
    "final_val_loss": 0.5510017033065518,
    "per_class_metrics": {
      "f1": {
        "conservative": 0.7552447552447553,
        "dressy": 0.9701492537313433,
        "ethnic": 0.8715953307392996,
        "fairy": 0.9351535836177474,
        "feminine": 0.7298245614035088,
        "gal": 0.8480565371024734,
        "girlish": 0.6912751677852349,
        "kireime-casual": 0.7711598746081506,
        "lolita": 0.9440993788819876,
        "mode": 0.8013245033112582,
        "natural": 0.8473282442748092,
        "retro": 0.793388429752066,
        "rock": 0.8400000000000001,
        "street": 0.877076411960133
      },
      "precision": {
        "conservative": 0.7346938775510204,
        "dressy": 0.9701492537313433,
        "ethnic": 0.875,
        "fairy": 0.9133333333333333,
        "feminine": 0.6419753086419753,
        "gal": 0.8571428571428571,
        "girlish": 0.7803030303030303,
        "kireime-casual": 0.7639751552795031,
        "lolita": 0.9325153374233128,
        "mode": 0.8461538461538461,
        "natural": 0.8345864661654135,
        "retro": 0.8347826086956521,
        "rock": 0.8203125,
        "street": 0.8918918918918919
      },
      "recall": {
        "conservative": 0.7769784172661871,
        "dressy": 0.9701492537313433,
        "ethnic": 0.8682170542635659,
        "fairy": 0.958041958041958,
        "feminine": 0.8455284552845529,
        "gal": 0.8391608391608392,
        "girlish": 0.6204819277108434,
        "kireime-casual": 0.7784810126582279,
        "lolita": 0.9559748427672956,
        "mode": 0.7610062893081762,
        "natural": 0.8604651162790697,
        "retro": 0.7559055118110236,
        "rock": 0.860655737704918,
        "street": 0.8627450980392157
      }
    },
    "best_val_macro_precision": 0.83548681902237,
    "best_val_macro_recall": 0.836699393859087
  },
  "test_metrics": {
    "test_macro_f1": 0.8311403309360305,
    "test_accuracy": 83.07304785894206,
    "test_loss": 0.518200442699405,
    "per_class_metrics": {
      "f1": {
        "conservative": 0.8321678321678322,
        "dressy": 0.9446494464944649,
        "ethnic": 0.8452830188679246,
        "fairy": 0.9411764705882353,
        "feminine": 0.7272727272727272,
        "gal": 0.8613138686131387,
        "girlish": 0.6552901023890785,
        "kireime-casual": 0.7337662337662338,
        "lolita": 0.9371069182389938,
        "mode": 0.8150470219435737,
        "natural": 0.8211382113821137,
        "retro": 0.7846153846153846,
        "rock": 0.8408163265306123,
        "street": 0.8963210702341137
      },
      "precision": {
        "conservative": 0.8095238095238095,
        "dressy": 0.9411764705882353,
        "ethnic": 0.8235294117647058,
        "fairy": 0.9379310344827586,
        "feminine": 0.6171428571428571,
        "gal": 0.9007633587786259,
        "girlish": 0.7559055118110236,
        "kireime-casual": 0.7533333333333333,
        "lolita": 0.9430379746835443,
        "mode": 0.8125,
        "natural": 0.8632478632478633,
        "retro": 0.7669172932330827,
        "rock": 0.8306451612903226,
        "street": 0.9178082191780822
      },
      "recall": {
        "conservative": 0.8561151079136691,
        "dressy": 0.9481481481481482,
        "ethnic": 0.8682170542635659,
        "fairy": 0.9444444444444444,
        "feminine": 0.8852459016393442,
        "gal": 0.8251748251748252,
        "girlish": 0.5783132530120482,
        "kireime-casual": 0.7151898734177216,
        "lolita": 0.93125,
        "mode": 0.8176100628930818,
        "natural": 0.7829457364341085,
        "retro": 0.8031496062992126,
        "rock": 0.8512396694214877,
        "street": 0.8758169934640523
      }
    },
    "test_macro_precision": 0.8338187356470176,
    "test_macro_recall": 0.834490048323265
  },
  "overfitting_analysis": {
    "overfitting_detected": true,
    "best_val_loss": 0.49777285658544107,
    "val_loss_after_best": 0.5259939165365312,
    "increase_percentage": 5.669465415345732,
    "train_val_gap": -0.1290304564345665
  },
  "training_curves": {
    "train_losses": [
      2.07898120756807,
      1.1008040691244192,
      0.8401697342765743,
      0.7312992520373444,
      0.6641171029929457,
      0.616908666902575,
      0.5823458327815451,
      0.5486201964575669,
      0.5108288092346027,
      0.4966052252156981,
      0.48880151335535377,
      0.4646532831263953,
      0.4449012458324432,
      0.41860856516607875,
      0.40608643969071323,
      0.3910305669852372,
      0.37665499965178556,
      0.36874240015087456,
      0.35117561837722516,
      0.3344498946620473
    ],
    "val_losses": [
      1.0993428057239902,
      0.686039087753142,
      0.5805461632628595,
      0.5901565960338039,
      0.5539555773139,
      0.5428486548123821,
      0.5089099664361246,
      0.543721426879206,
      0.5325498568915552,
      0.5133388974974232,
      0.49777285658544107,
      0.5212752775799844,
      0.524321194617979,
      0.5300174828979277,
      0.5186978657880137,
      0.5313451865748051,
      0.5153702103322552,
      0.5302673986842555,
      0.5259939165365312,
      0.5510017033065518
    ],
    "train_accs": [
      34.73706943094698,
      64.46388079041141,
      72.713529856387,
      75.81254724111866,
      77.89655544757585,
      79.38667530504266,
      80.47727027318864,
      82.12935968038009,
      83.30633840837922,
      83.85703487744304,
      83.68426735773674,
      84.76406435590108,
      85.18518518518519,
      86.50253752294569,
      86.66450707267033,
      87.3771730914588,
      87.3771730914588,
      87.85228377065111,
      88.57574775942123,
      88.81330309901739
    ],
    "val_accs": [
      71.47177419354838,
      77.67137096774194,
      80.39314516129032,
      79.73790322580645,
      80.74596774193549,
      81.95564516129032,
      82.61088709677419,
      81.85483870967742,
      81.19959677419355,
      82.8125,
      82.25806451612904,
      82.9133064516129,
      82.25806451612904,
      82.45967741935483,
      82.25806451612904,
      82.20766129032258,
      83.26612903225806,
      83.36693548387096,
      83.31653225806451,
      82.8125
    ],
    "val_macro_f1s": [
      0.7102039330077057,
      0.7741471627608698,
      0.8023051298763576,
      0.7967963190722349,
      0.806912430190814,
      0.8189743133355167,
      0.82481518671593,
      0.8162129031667043,
      0.8129614776407756,
      0.8273517693741494,
      0.8218460114169456,
      0.8287802724510954,
      0.8225875658362586,
      0.8236640027812125,
      0.8225934295271531,
      0.8211008644283059,
      0.8323402636812423,
      0.8339768594580547,
      0.833145342839778,
      0.8274732845156084
    ],