{
  "experiment_id": "seed_309",
  "seed_value": 309,
  "seed_index": 22,
  "timestamp": "2025-11-18T02:27:49.976704",
  "configuration": {
    "learning_rate": 5e-05,
    "batch_size": 32,
    "early_stopping_patience": 5,
    "dropout": 0.5,
    "weight_decay": 0.0001,
    "max_epochs": 20,
    "model_init_seed": 42,
    "data_split_seed": 309,
    "dataset_size": "100% (full dataset)"
  },
  "training_info": {
    "total_epochs": 20,
    "best_epoch": 17,
    "early_stopped": false,
    "total_time_minutes": 4.182396916548411
  },
  "validation_metrics": {
    "best_val_macro_f1": 0.8436305920892202,
    "best_val_accuracy": 84.42540322580645,
    "best_val_loss": 0.47595724175053256,
    "final_val_macro_f1": 0.8412480190750591,
    "final_val_accuracy": 84.0725806451613,
    "final_val_loss": 0.5146646961089103,
    "per_class_metrics": {
      "f1": {
        "conservative": 0.8191881918819188,
        "dressy": 0.96,
        "ethnic": 0.8212927756653993,
        "fairy": 0.9520547945205479,
        "feminine": 0.782608695652174,
        "gal": 0.8631578947368421,
        "girlish": 0.7254901960784313,
        "kireime-casual": 0.7678018575851393,
        "lolita": 0.95625,
        "mode": 0.8074534161490682,
        "natural": 0.8252788104089218,
        "retro": 0.7983193277310924,
        "rock": 0.8384615384615385,
        "street": 0.8934707903780069
      },
      "precision": {
        "conservative": 0.8409090909090909,
        "dressy": 0.9361702127659575,
        "ethnic": 0.8059701492537313,
        "fairy": 0.9328859060402684,
        "feminine": 0.7615384615384615,
        "gal": 0.8661971830985915,
        "girlish": 0.7928571428571428,
        "kireime-casual": 0.7515151515151515,
        "lolita": 0.9503105590062112,
        "mode": 0.7975460122699386,
        "natural": 0.7928571428571428,
        "retro": 0.8558558558558559,
        "rock": 0.7898550724637681,
        "street": 0.9420289855072463
      },
      "recall": {
        "conservative": 0.7985611510791367,
        "dressy": 0.9850746268656716,
        "ethnic": 0.8372093023255814,
        "fairy": 0.972027972027972,
        "feminine": 0.8048780487804879,
        "gal": 0.8601398601398601,
        "girlish": 0.6686746987951807,
        "kireime-casual": 0.7848101265822784,
        "lolita": 0.9622641509433962,
        "mode": 0.8176100628930818,
        "natural": 0.8604651162790697,
        "retro": 0.7480314960629921,
        "rock": 0.8934426229508197,
        "street": 0.8496732026143791
      }
    },
    "best_val_macro_precision": 0.8440354947098969,
    "best_val_macro_recall": 0.8459187455957078
  },
  "test_metrics": {
    "test_macro_f1": 0.8241656777737422,
    "test_accuracy": 82.46851385390428,
    "test_loss": 0.49615034165363464,
    "per_class_metrics": {
      "f1": {
        "conservative": 0.7794117647058825,
        "dressy": 0.9555555555555556,
        "ethnic": 0.823529411764706,
        "fairy": 0.9452054794520548,
        "feminine": 0.776,
        "gal": 0.85121107266436,
        "girlish": 0.6405693950177935,
        "kireime-casual": 0.688821752265861,
        "lolita": 0.940809968847352,
        "mode": 0.8,
        "natural": 0.8297872340425532,
        "retro": 0.7447698744769874,
        "rock": 0.873015873015873,
        "street": 0.8896321070234113
      },
      "precision": {
        "conservative": 0.7969924812030075,
        "dressy": 0.9555555555555556,
        "ethnic": 0.7832167832167832,
        "fairy": 0.9324324324324325,
        "feminine": 0.7578125,
        "gal": 0.8424657534246576,
        "girlish": 0.782608695652174,
        "kireime-casual": 0.6589595375722543,
        "lolita": 0.937888198757764,
        "mode": 0.7950310559006211,
        "natural": 0.7647058823529411,
        "retro": 0.7946428571428571,
        "rock": 0.8396946564885496,
        "street": 0.910958904109589
      },
      "recall": {
        "conservative": 0.762589928057554,
        "dressy": 0.9555555555555556,
        "ethnic": 0.8682170542635659,
        "fairy": 0.9583333333333334,
        "feminine": 0.7950819672131147,
        "gal": 0.8601398601398601,
        "girlish": 0.5421686746987951,
        "kireime-casual": 0.7215189873417721,
        "lolita": 0.94375,
        "mode": 0.8050314465408805,
        "natural": 0.9069767441860465,
        "retro": 0.7007874015748031,
        "rock": 0.9090909090909091,
        "street": 0.869281045751634
      }
    },
    "test_macro_precision": 0.8252118067006563,
    "test_macro_recall": 0.8284659219819874
  },
  "overfitting_analysis": {
    "overfitting_detected": true,
    "best_val_loss": 0.47595724175053256,
    "val_loss_after_best": 0.5067490235932411,
    "increase_percentage": 6.46944287042653,
    "train_val_gap": -0.09346592325439573
  },
  "training_curves": {
    "train_losses": [
      2.0957418158136565,
      1.0999914915397249,
      0.8518177846382404,
      0.7361133666901752,
      0.6829540393475828,
      0.6185546081127792,
      0.6020059554227467,
      0.5576028661995098,
      0.5395226623477607,
      0.5187540236732056,
      0.4913842011371563,
      0.4703963528933196,
      0.45804402766556573,
      0.43635707988307393,
      0.4275935964080794,
      0.40684595159415543,
      0.3824913184961368,
      0.3868343072204754,
      0.35881421545456194,
      0.3619280590836344
    ],
    "val_losses": [
      1.1092157777278655,
      0.6724850804575028,
      0.5757569228449175,
      0.5475829551296849,
      0.5111706828878771,
      0.5028844187336583,
      0.4874375474549109,
      0.49956592556930357,
      0.4759725363504502,
      0.5152076425090912,
      0.47813652071260637,
      0.48122871498907765,
      0.47595724175053256,
      0.4853220846383802,
      0.5081437194058972,
      0.4888754835532558,
      0.48683992436816614,
      0.5067490235932411,
      0.5134690538529427,
      0.5146646961089103
    ],
    "train_accs": [
      35.51452326962531,
      64.83101176978728,
      72.02245977756182,
      75.85573912104525,
      77.29186912860382,
      79.47305906489579,
      80.32609869344563,
      81.64345103120613,
      82.48569268977433,
      82.98239930892993,
      83.51149983803045,
      84.37533743656192,
      85.4875283446712,
      85.57391210452435,
      85.70348774430407,
      86.61051722276213,
      87.61472843105496,
      87.3231832415506,
      88.2950005398985,
      88.03584926033906
    ],
    "val_accs": [
      72.78225806451613,
      79.33467741935483,
      81.25,
      81.5524193548387,
      82.61088709677419,
      82.8125,
      83.36693548387096,
      83.06451612903226,
      83.71975806451613,
      82.5100806451613,
      83.92137096774194,
      83.82056451612904,
      84.02217741935483,
      84.02217741935483,
      83.16532258064517,
      84.02217741935483,
      84.42540322580645,
      83.77016129032258,
      83.61895161290323,
      84.0725806451613
    ],
    "val_macro_f1s": [
      0.7245934149511266,
      0.7919419380326348,
      0.8125781744415775,
      0.8164883995184274,
      0.8259954281291202,
      0.8279786922668789,
      0.8328192839792024,
      0.8293401493561284,
      0.8367554181389627,
      0.8235886122821062,
      0.8386914751123148,
      0.8379371377242145,
      0.8400527657757088,
      0.8401920143289537,
      0.8314983940682813,
      0.8396117213022471,
      0.8436305920892202,
      0.8366961336095349,
      0.8362910564941307,
      0.8412480190750591
    ],