{
  "experiment_id": "seed_457",
  "seed_value": 457,
  "seed_index": 30,
  "timestamp": "2025-11-18T02:57:13.765730",
  "configuration": {
    "learning_rate": 5e-05,
    "batch_size": 32,
    "early_stopping_patience": 5,
    "dropout": 0.5,
    "weight_decay": 0.0001,
    "max_epochs": 20,
    "model_init_seed": 42,
    "data_split_seed": 457,
    "dataset_size": "100% (full dataset)"
  },
  "training_info": {
    "total_epochs": 11,
    "best_epoch": 6,
    "early_stopped": true,
    "total_time_minutes": 2.287518048286438
  },
  "validation_metrics": {
    "best_val_macro_f1": 0.8365511908729318,
    "best_val_accuracy": 83.66935483870968,
    "best_val_loss": 0.4750181953272512,
    "final_val_macro_f1": 0.8309979501644288,
    "final_val_accuracy": 83.26612903225806,
    "final_val_loss": 0.4923651199187002,
    "per_class_metrics": {
      "f1": {
        "conservative": 0.8066666666666668,
        "dressy": 0.9701492537313433,
        "ethnic": 0.8308823529411764,
        "fairy": 0.9315068493150686,
        "feminine": 0.7833333333333333,
        "gal": 0.8763250883392225,
        "girlish": 0.6894409937888198,
        "kireime-casual": 0.8,
        "lolita": 0.9049180327868852,
        "mode": 0.8013468013468014,
        "natural": 0.8244274809160306,
        "retro": 0.787037037037037,
        "rock": 0.8167938931297709,
        "street": 0.8888888888888888
      },
      "precision": {
        "conservative": 0.7515527950310559,
        "dressy": 0.9701492537313433,
        "ethnic": 0.7902097902097902,
        "fairy": 0.912751677852349,
        "feminine": 0.8034188034188035,
        "gal": 0.8857142857142857,
        "girlish": 0.7115384615384616,
        "kireime-casual": 0.7784431137724551,
        "lolita": 0.9452054794520548,
        "mode": 0.8623188405797102,
        "natural": 0.8120300751879699,
        "retro": 0.9550561797752809,
        "rock": 0.7642857142857142,
        "street": 0.8421052631578947
      },
      "recall": {
        "conservative": 0.8705035971223022,
        "dressy": 0.9701492537313433,
        "ethnic": 0.875968992248062,
        "fairy": 0.951048951048951,
        "feminine": 0.7642276422764228,
        "gal": 0.8671328671328671,
        "girlish": 0.6686746987951807,
        "kireime-casual": 0.8227848101265823,
        "lolita": 0.8679245283018868,
        "mode": 0.7484276729559748,
        "natural": 0.8372093023255814,
        "retro": 0.6692913385826772,
        "rock": 0.8770491803278688,
        "street": 0.9411764705882353
      }
    },
    "best_val_macro_precision": 0.8417699809790834,
    "best_val_macro_recall": 0.8379692361117098
  },
  "test_metrics": {
    "test_macro_f1": 0.8283200585033736,
    "test_accuracy": 82.82115869017632,
    "test_loss": 0.4994576607372553,
    "per_class_metrics": {
      "f1": {
        "conservative": 0.8372093023255814,
        "dressy": 0.9618320610687023,
        "ethnic": 0.8625954198473282,
        "fairy": 0.9251700680272109,
        "feminine": 0.784,
        "gal": 0.8785714285714286,
        "girlish": 0.6838709677419356,
        "kireime-casual": 0.7302631578947368,
        "lolita": 0.929936305732484,
        "mode": 0.7973421926910299,
        "natural": 0.7640449438202247,
        "retro": 0.7899159663865546,
        "rock": 0.8076923076923077,
        "street": 0.8440366972477066
      },
      "precision": {
        "conservative": 0.7777777777777778,
        "dressy": 0.9921259842519685,
        "ethnic": 0.849624060150376,
        "fairy": 0.9066666666666666,
        "feminine": 0.765625,
        "gal": 0.8978102189781022,
        "girlish": 0.7361111111111112,
        "kireime-casual": 0.7602739726027398,
        "lolita": 0.948051948051948,
        "mode": 0.8450704225352113,
        "natural": 0.7391304347826086,
        "retro": 0.8468468468468469,
        "rock": 0.7553956834532374,
        "street": 0.7931034482758621
      },
      "recall": {
        "conservative": 0.9064748201438849,
        "dressy": 0.9333333333333333,
        "ethnic": 0.875968992248062,
        "fairy": 0.9444444444444444,
        "feminine": 0.8032786885245902,
        "gal": 0.8601398601398601,
        "girlish": 0.6385542168674698,
        "kireime-casual": 0.7025316455696202,
        "lolita": 0.9125,
        "mode": 0.7547169811320755,
        "natural": 0.7906976744186046,
        "retro": 0.7401574803149606,
        "rock": 0.8677685950413223,
        "street": 0.9019607843137255
      }
    },
    "test_macro_precision": 0.8295438268203184,
    "test_macro_recall": 0.8308948226065682
  },
  "overfitting_analysis": {
    "overfitting_detected": false,
    "best_val_loss": 0.4750181953272512,
    "val_loss_after_best": 0.49314976026934965,
    "increase_percentage": 3.8170253519672404,
    "train_val_gap": 0.1588180630553816
  },
  "training_curves": {
    "train_losses": [
      2.0972656948813078,
      1.1141348287977022,
      0.8597880015085484,
      0.7516740721875224,
      0.6776476813801404,
      0.6338362583826328,
      0.5876433381746555,
      0.5620941632780535,
      0.5603486656114973,
      0.515462452173233,
      0.4967638281912639
    ],
    "val_losses": [
      1.1135257943984,
      0.6983868998865927,
      0.5685060298250567,
      0.5276891721352455,
      0.5029410789570501,
      0.4976448640227318,
      0.49314976026934965,
      0.5109260596575276,
      0.5007386832467972,
      0.4750181953272512,
      0.4923651199187002
    ],
    "train_accs": [
      34.75866537091027,
      64.07515387107223,
      71.83889428787388,
      75.39142641183457,
      77.83176762768599,
      79.09513011553828,
      80.53126012309686,
      81.71903682107764,
      81.40589569160997,
      83.30633840837922,
      83.39272216823237
    ],
    "val_accs": [
      73.5383064516129,
      77.16733870967742,
      81.45161290322581,
      83.1149193548387,
      82.45967741935483,
      83.66935483870968,
      83.61895161290323,
      82.61088709677419,
      82.61088709677419,
      83.71975806451613,
      83.26612903225806
    ],
    "val_macro_f1s": [
      0.7257201391344846,
      0.7696281749823554,
      0.815420443330213,
      0.8307216375256026,
      0.8247557338501604,
      0.8365511908729318,
      0.8351636934059764,
      0.8228726856143213,
      0.8248768743541283,
      0.8360005217928317,
      0.8309979501644288
    ],
    "learning_rates": [
      4.995066821070679e-05,
      4.980286753286195e-05,
      4.955718126821722e-05,
      4.9214579028215776e-05,
      4.877641290737884e-05,
      4.8244412147206284e-05,
      4.762067631165049e-05,
      4.6907667001096584e-05,
      4.610819813755037e-05,
      4.5225424859373677e-05,
      4.426283106939472e-05
    ]
  },
  "data_split_info": {
    "train_size": 9261,
    "val_size": 1984,
    "test_size": 1985
  },
  "per_class_metrics_timestamp": "2025-11-18T03:13:43.501037"
}