{
  "experiment_id": "seed_14",
  "seed_value": 14,
  "seed_index": 2,
  "timestamp": "2025-11-18T01:16:48.820028",
  "configuration": {
    "learning_rate": 5e-05,
    "batch_size": 32,
    "early_stopping_patience": 5,
    "dropout": 0.5,
    "weight_decay": 0.0001,
    "max_epochs": 20,
    "model_init_seed": 42,
    "data_split_seed": 14,
    "dataset_size": "100% (full dataset)"
  },
  "training_info": {
    "total_epochs": 14,
    "best_epoch": 9,
    "early_stopped": true,
    "total_time_minutes": 2.895655620098114
  },
  "validation_metrics": {
    "best_val_macro_f1": 0.8429550965175955,
    "best_val_accuracy": 84.32459677419355,
    "best_val_loss": 0.42931386828422546,
    "final_val_macro_f1": 0.8358382002423398,
    "final_val_accuracy": 83.61895161290323,
    "final_val_loss": 0.4404971964897648,
    "per_class_metrics": {
      "f1": {
        "conservative": 0.7986798679867988,
        "dressy": 0.9694656488549618,
        "ethnic": 0.8473282442748092,
        "fairy": 0.9241379310344827,
        "feminine": 0.7781818181818182,
        "gal": 0.8951048951048951,
        "girlish": 0.7457627118644068,
        "kireime-casual": 0.7050847457627119,
        "lolita": 0.9265175718849841,
        "mode": 0.8407643312101911,
        "natural": 0.8091603053435114,
        "retro": 0.776,
        "rock": 0.8719999999999999,
        "street": 0.9131832797427653
      },
      "precision": {
        "conservative": 0.7378048780487805,
        "dressy": 0.9921875,
        "ethnic": 0.8345864661654135,
        "fairy": 0.9115646258503401,
        "feminine": 0.7039473684210527,
        "gal": 0.8951048951048951,
        "girlish": 0.8527131782945736,
        "kireime-casual": 0.7591240875912408,
        "lolita": 0.9415584415584416,
        "mode": 0.8516129032258064,
        "natural": 0.7969924812030075,
        "retro": 0.7886178861788617,
        "rock": 0.8515625,
        "street": 0.8987341772151899
      },
      "recall": {
        "conservative": 0.8705035971223022,
        "dressy": 0.9477611940298507,
        "ethnic": 0.8604651162790697,
        "fairy": 0.9370629370629371,
        "feminine": 0.8699186991869918,
        "gal": 0.8951048951048951,
        "girlish": 0.6626506024096386,
        "kireime-casual": 0.6582278481012658,
        "lolita": 0.9119496855345912,
        "mode": 0.8301886792452831,
        "natural": 0.8217054263565892,
        "retro": 0.7637795275590551,
        "rock": 0.8934426229508197,
        "street": 0.9281045751633987
      }
    },
    "best_val_macro_precision": 0.8440079563469718,
    "best_val_macro_recall": 0.8464903861504779
  },
  "test_metrics": {
    "test_macro_f1": 0.8299416999656327,
    "test_accuracy": 83.02267002518892,
    "test_loss": 0.5060913870258937,
    "per_class_metrics": {
      "f1": {
        "conservative": 0.8201438848920863,
        "dressy": 0.9548872180451129,
        "ethnic": 0.8571428571428572,
        "fairy": 0.9183673469387755,
        "feminine": 0.7675276752767527,
        "gal": 0.8692579505300353,
        "girlish": 0.6597938144329897,
        "kireime-casual": 0.7337662337662338,
        "lolita": 0.9166666666666667,
        "mode": 0.8049535603715171,
        "natural": 0.8150943396226416,
        "retro": 0.7983870967741935,
        "rock": 0.8114754098360656,
        "street": 0.89171974522293
      },
      "precision": {
        "conservative": 0.8201438848920863,
        "dressy": 0.9694656488549618,
        "ethnic": 0.8125,
        "fairy": 0.9,
        "feminine": 0.697986577181208,
        "gal": 0.8785714285714286,
        "girlish": 0.768,
        "kireime-casual": 0.7533333333333333,
        "lolita": 0.9407894736842105,
        "mode": 0.7926829268292683,
        "natural": 0.7941176470588235,
        "retro": 0.8181818181818182,
        "rock": 0.8048780487804879,
        "street": 0.8695652173913043
      },
      "recall": {
        "conservative": 0.8201438848920863,
        "dressy": 0.9407407407407408,
        "ethnic": 0.9069767441860465,
        "fairy": 0.9375,
        "feminine": 0.8524590163934426,
        "gal": 0.8601398601398601,
        "girlish": 0.5783132530120482,
        "kireime-casual": 0.7151898734177216,
        "lolita": 0.89375,
        "mode": 0.8176100628930818,
        "natural": 0.8372093023255814,
        "retro": 0.7795275590551181,
        "rock": 0.8181818181818182,
        "street": 0.9150326797385621
      }
    },
    "test_macro_precision": 0.8300154289113523,
    "test_macro_recall": 0.8337696282125792
  },
  "overfitting_analysis": {
    "overfitting_detected": false,
    "best_val_loss": 0.42931386828422546,
    "val_loss_after_best": 0.4625110993942907,
    "increase_percentage": 7.732624907445835,
    "train_val_gap": 0.11096365826910937
  },
  "training_curves": {
    "train_losses": [
      2.0932190208599484,
      1.1133666478354356,
      0.8642595776196184,
      0.7308289286391488,
      0.6770754225295166,
      0.6377401131494292,
      0.5949043066337191,
      0.5540191466952192,
      0.5402775265533348,
      0.5254967202400339,
      0.4867799917171741,
      0.47503292473225756,
      0.45397340054142066,
      0.4392679462145115
    ],
    "val_losses": [
      1.1212355648317645,
      0.6357501644280649,
      0.5492464159765551,
      0.5035161005873834,
      0.45809183822524163,
      0.45744031451402173,
      0.4643949851874382,
      0.4465260767648297,
      0.42931386828422546,
      0.4625110993942907,
      0.43748088301189486,
      0.45226549970046165,
      0.44546252657328883,
      0.4404971964897648
    ],
    "train_accs": [
      34.62908973113055,
      63.772810711586224,
      71.68772270813088,
      76.03930461073318,
      77.6590001079797,
      78.42565597667638,
      80.466472303207,
      81.34110787172011,
      82.4317028398661,
      82.90681351905842,
      84.05139833711262,
      84.645286686103,
      85.36875067487313,
      85.86545729402873
    ],
    "val_accs": [
      72.83266129032258,
      80.89717741935483,
      81.50201612903226,
      82.35887096774194,
      83.66935483870968,
      82.86290322580645,
      83.82056451612904,
      83.61895161290323,
      84.32459677419355,
      83.82056451612904,
      83.87096774193549,
      83.56854838709677,
      83.97177419354838,
      83.61895161290323
    ],
    "val_macro_f1s": [
      0.7265963044360532,
      0.8087101533752273,
      0.8150840071042363,
      0.8219328818805316,
      0.836917324437555,
      0.8286293411511967,
      0.8373984705668018,
      0.8352180975960699,
      0.8429550965175955,
      0.8380048649070206,
      0.8387976526199165,
      0.837529172079852,
      0.8387329611914617,
      0.8358382002423398
    ],
    "learning_rates": [
      4.995066821070679e-05,
      4.980286753286195e-05,
      4.955718126821722e-05,
      4.9214579028215776e-05,
      4.877641290737884e-05,
      4.8244412147206284e-05,
      4.762067631165049e-05,
      4.6907667001096584e-05,
      4.610819813755037e-05,
      4.5225424859373677e-05,
      4.426283106939472e-05,
      4.322421568553528e-05,
      4.211367764821721e-05,
      4.0935599743717234e-05
    ]
  },
  "data_split_info": {
    "train_size": 9261,
    "val_size": 1984,
    "test_size": 1985
  },
  "per_class_metrics_timestamp": "2025-11-18T03:11:34.071929"
}