{
  "experiment_id": "seed_120",
  "seed_value": 120,
  "seed_index": 13,
  "timestamp": "2025-11-18T01:54:10.904367",
  "configuration": {
    "learning_rate": 5e-05,
    "batch_size": 32,
    "early_stopping_patience": 5,
    "dropout": 0.5,
    "weight_decay": 0.0001,
    "max_epochs": 20,
    "model_init_seed": 42,
    "data_split_seed": 120,
    "dataset_size": "100% (full dataset)"
  },
  "training_info": {
    "total_epochs": 18,
    "best_epoch": 13,
    "early_stopped": true,
    "total_time_minutes": 3.756387507915497
  },
  "validation_metrics": {
    "best_val_macro_f1": 0.8354182164412978,
    "best_val_accuracy": 83.51814516129032,
    "best_val_loss": 0.5054208131567124,
    "final_val_macro_f1": 0.8193170192714323,
    "final_val_accuracy": 81.95564516129032,
    "final_val_loss": 0.5682254789337036,
    "per_class_metrics": {
      "f1": {
        "conservative": 0.7929824561403509,
        "dressy": 0.9481481481481482,
        "ethnic": 0.850909090909091,
        "fairy": 0.9204152249134948,
        "feminine": 0.7984496124031008,
        "gal": 0.878892733564014,
        "girlish": 0.6862745098039217,
        "kireime-casual": 0.7254901960784312,
        "lolita": 0.9245283018867925,
        "mode": 0.7862068965517242,
        "natural": 0.842911877394636,
        "retro": 0.8253968253968254,
        "rock": 0.823529411764706,
        "street": 0.89171974522293
      },
      "precision": {
        "conservative": 0.773972602739726,
        "dressy": 0.9411764705882353,
        "ethnic": 0.8013698630136986,
        "fairy": 0.910958904109589,
        "feminine": 0.762962962962963,
        "gal": 0.8698630136986302,
        "girlish": 0.75,
        "kireime-casual": 0.75,
        "lolita": 0.9245283018867925,
        "mode": 0.8702290076335878,
        "natural": 0.8333333333333334,
        "retro": 0.832,
        "rock": 0.7894736842105263,
        "street": 0.8695652173913043
      },
      "recall": {
        "conservative": 0.8129496402877698,
        "dressy": 0.9552238805970149,
        "ethnic": 0.9069767441860465,
        "fairy": 0.9300699300699301,
        "feminine": 0.8373983739837398,
        "gal": 0.8881118881118881,
        "girlish": 0.6325301204819277,
        "kireime-casual": 0.7025316455696202,
        "lolita": 0.9245283018867925,
        "mode": 0.7169811320754716,
        "natural": 0.8527131782945736,
        "retro": 0.8188976377952756,
        "rock": 0.860655737704918,
        "street": 0.9150326797385621
      }
    },
    "best_val_macro_precision": 0.8342452401120276,
    "best_val_macro_recall": 0.8396143493416809
  },
  "test_metrics": {
    "test_macro_f1": 0.8311226802324455,
    "test_accuracy": 83.27455919395466,
    "test_loss": 0.5259555135927503,
    "per_class_metrics": {
      "f1": {
        "conservative": 0.7670250896057347,
        "dressy": 0.948905109489051,
        "ethnic": 0.8028673835125447,
        "fairy": 0.9517241379310345,
        "feminine": 0.7651515151515151,
        "gal": 0.8749999999999999,
        "girlish": 0.7326732673267327,
        "kireime-casual": 0.7138263665594856,
        "lolita": 0.9378881987577641,
        "mode": 0.8306709265175719,
        "natural": 0.8030888030888031,
        "retro": 0.7647058823529411,
        "rock": 0.8211382113821138,
        "street": 0.9210526315789473
      },
      "precision": {
        "conservative": 0.7642857142857142,
        "dressy": 0.935251798561151,
        "ethnic": 0.7466666666666667,
        "fairy": 0.9452054794520548,
        "feminine": 0.7112676056338029,
        "gal": 0.8689655172413793,
        "girlish": 0.8102189781021898,
        "kireime-casual": 0.7254901960784313,
        "lolita": 0.9320987654320988,
        "mode": 0.8441558441558441,
        "natural": 0.8,
        "retro": 0.8198198198198198,
        "rock": 0.808,
        "street": 0.9271523178807947
      },
      "recall": {
        "conservative": 0.7697841726618705,
        "dressy": 0.9629629629629629,
        "ethnic": 0.8682170542635659,
        "fairy": 0.9583333333333334,
        "feminine": 0.8278688524590164,
        "gal": 0.8811188811188811,
        "girlish": 0.6686746987951807,
        "kireime-casual": 0.7025316455696202,
        "lolita": 0.94375,
        "mode": 0.8176100628930818,
        "natural": 0.8062015503875969,
        "retro": 0.7165354330708661,
        "rock": 0.8347107438016529,
        "street": 0.9150326797385621
      }
    },
    "test_macro_precision": 0.8313270502364248,
    "test_macro_recall": 0.8338094336468708
  },
  "overfitting_analysis": {
    "overfitting_detected": false,
    "best_val_loss": 0.5054208131567124,
    "val_loss_after_best": 0.5302570077680773,
    "increase_percentage": 4.913963565577204,
    "train_val_gap": -0.07523590589607249
  },
  "training_curves": {
    "train_losses": [
      2.100922110573999,
      1.1252655362260753,
      0.8561232293474264,
      0.7319010744834769,
      0.6752597377218049,
      0.6320881560958665,
      0.5806963906719766,
      0.5434609867375473,
      0.5220685148547436,
      0.5066779991162235,
      0.4772388037936441,
      0.4515997133378325,
      0.4301849072606399,
      0.4345173850655556,
      0.4130665375754751,
      0.38326261053825245,
      0.3764418872009064,
      0.35954733031063246
    ],
    "val_losses": [
      1.1259899408586564,
      0.694562281812391,
      0.5885203509561477,
      0.5690634462141222,
      0.5237597498682237,
      0.5236887549681049,
      0.5085809620157364,
      0.5054208131567124,
      0.524644302504678,
      0.5087782166177227,
      0.5139153760767752,
      0.535448367557218,
      0.5106632647014433,
      0.5302570077680773,
      0.5394741767837156,
      0.5397102037264455,
      0.5310037878732528,
      0.5682254789337036
    ],
    "train_accs": [
      34.251160781773024,
      62.63902386351366,
      71.38537954864485,
      75.96371882086167,
      77.82096965770435,
      78.79278695605227,
      80.66083576287657,
      81.90260231076557,
      82.56127847964582,
      83.11197494870964,
      84.22416585681891,
      85.29316488500162,
      85.78987150415722,
      85.735881654249,
      86.54572940287225,
      87.3015873015873,
      87.74430407083469,
      88.219414750027
    ],
    "val_accs": [
      72.68145161290323,
      78.88104838709677,
      80.44354838709677,
      80.49395161290323,
      82.00604838709677,
      81.80443548387096,
      82.25806451612904,
      82.35887096774194,
      81.95564516129032,
      82.45967741935483,
      82.96370967741936,
      82.15725806451613,
      83.51814516129032,
      82.45967741935483,
      82.66129032258064,
      82.45967741935483,
      82.7116935483871,
      81.95564516129032
    ],
    "val_macro_f1s": [
      0.7196810029788987,
      0.7897545098854966,
      0.8041865009188209,
      0.8037664474264347,
      0.8205948502961099,
      0.8182603564941119,
      0.8234665270498739,
      0.823973116965572,
      0.8208508209402737,
      0.8259814637792996,
      0.8304191792500638,
      0.821990674080103,
      0.8354182164412978,
      0.8257084751496213,
      0.8272546339441822,
      0.826375048831111,
      0.8286044191396922,
      0.8193170192714323
    ],
    "learning_rates": [
      4.995066821070679e-05,
      4.980286753286195e-05,
      4.955718126821722e-05,
      4.9214579028215776e-05,
      4.877641290737884e-05,
      4.8244412147206284e-05,
      4.762067631165049e-05,
      4.6907667001096584e-05,
      4.610819813755037e-05,
      4.5225424859373677e-05,
      4.426283106939472e-05,
      4.322421568553528e-05,
      4.211367764821721e-05,
      4.0935599743717234e-05,
      3.969463130731183e-05,
      3.839566987447491e-05,
      3.7043841852542874e-05,
      3.564448228912681e-05
    ]
  },
  "data_split_info": {
    "train_size": 9261,
    "val_size": 1984,
    "test_size": 1985
  },
  "per_class_metrics_timestamp": "2025-11-18T03:12:24.797269"
}