{
  "experiment_id": "seed_13",
  "seed_value": 13,
  "seed_index": 1,
  "timestamp": "2025-11-18T01:13:52.060781",
  "configuration": {
    "learning_rate": 5e-05,
    "batch_size": 32,
    "early_stopping_patience": 5,
    "dropout": 0.5,
    "weight_decay": 0.0001,
    "max_epochs": 20,
    "model_init_seed": 42,
    "data_split_seed": 13,
    "dataset_size": "100% (full dataset)"
  },
  "training_info": {
    "total_epochs": 17,
    "best_epoch": 12,
    "early_stopped": true,
    "total_time_minutes": 3.4851499160130817
  },
  "validation_metrics": {
    "best_val_macro_f1": 0.8421240969861297,
    "best_val_accuracy": 84.32459677419355,
    "best_val_loss": 0.467218738650122,
    "final_val_macro_f1": 0.8372504147309012,
    "final_val_accuracy": 83.71975806451613,
    "final_val_loss": 0.4738972715793117,
    "per_class_metrics": {
      "f1": {
        "conservative": 0.8072727272727273,
        "dressy": 0.9737827715355805,
        "ethnic": 0.8715953307392996,
        "fairy": 0.9395017793594307,
        "feminine": 0.7952755905511811,
        "gal": 0.8846153846153846,
        "girlish": 0.7172413793103449,
        "kireime-casual": 0.7467532467532467,
        "lolita": 0.9365558912386707,
        "mode": 0.8238805970149253,
        "natural": 0.8188976377952756,
        "retro": 0.8030888030888029,
        "rock": 0.7933884297520661,
        "street": 0.877887788778878
      },
      "precision": {
        "conservative": 0.8161764705882353,
        "dressy": 0.9774436090225563,
        "ethnic": 0.875,
        "fairy": 0.9565217391304348,
        "feminine": 0.7709923664122137,
        "gal": 0.8165680473372781,
        "girlish": 0.8387096774193549,
        "kireime-casual": 0.7666666666666667,
        "lolita": 0.9011627906976745,
        "mode": 0.7840909090909091,
        "natural": 0.832,
        "retro": 0.7878787878787878,
        "rock": 0.8,
        "street": 0.8866666666666667
      },
      "recall": {
        "conservative": 0.7985611510791367,
        "dressy": 0.9701492537313433,
        "ethnic": 0.8682170542635659,
        "fairy": 0.9230769230769231,
        "feminine": 0.8211382113821138,
        "gal": 0.965034965034965,
        "girlish": 0.6265060240963856,
        "kireime-casual": 0.7278481012658228,
        "lolita": 0.9748427672955975,
        "mode": 0.8679245283018868,
        "natural": 0.8062015503875969,
        "retro": 0.8188976377952756,
        "rock": 0.7868852459016393,
        "street": 0.869281045751634
      }
    },
    "best_val_macro_precision": 0.8435626950650557,
    "best_val_macro_recall": 0.8446117470974206
  },
  "test_metrics": {
    "test_macro_f1": 0.8338740308322049,
    "test_accuracy": 83.57682619647355,
    "test_loss": 0.5200333214468427,
    "per_class_metrics": {
      "f1": {
        "conservative": 0.8100358422939068,
        "dressy": 0.9477611940298507,
        "ethnic": 0.8059701492537313,
        "fairy": 0.9306930693069307,
        "feminine": 0.7626459143968871,
        "gal": 0.8461538461538461,
        "girlish": 0.6642335766423357,
        "kireime-casual": 0.7676767676767676,
        "lolita": 0.901840490797546,
        "mode": 0.8298507462686567,
        "natural": 0.8288973384030418,
        "retro": 0.8064516129032258,
        "rock": 0.853658536585366,
        "street": 0.9183673469387754
      },
      "precision": {
        "conservative": 0.8071428571428572,
        "dressy": 0.9548872180451128,
        "ethnic": 0.7769784172661871,
        "fairy": 0.8867924528301887,
        "feminine": 0.725925925925926,
        "gal": 0.7810650887573964,
        "girlish": 0.8425925925925926,
        "kireime-casual": 0.8201438848920863,
        "lolita": 0.8855421686746988,
        "mode": 0.7897727272727273,
        "natural": 0.8134328358208955,
        "retro": 0.8264462809917356,
        "rock": 0.84,
        "street": 0.9574468085106383
      },
      "recall": {
        "conservative": 0.8129496402877698,
        "dressy": 0.9407407407407408,
        "ethnic": 0.8372093023255814,
        "fairy": 0.9791666666666666,
        "feminine": 0.8032786885245902,
        "gal": 0.9230769230769231,
        "girlish": 0.5481927710843374,
        "kireime-casual": 0.7215189873417721,
        "lolita": 0.91875,
        "mode": 0.8742138364779874,
        "natural": 0.8449612403100775,
        "retro": 0.7874015748031497,
        "rock": 0.8677685950413223,
        "street": 0.8823529411764706
      }
    },
    "test_macro_precision": 0.8362978041945031,
    "test_macro_recall": 0.8386844219898135
  },
  "overfitting_analysis": {
    "overfitting_detected": false,
    "best_val_loss": 0.467218738650122,
    "val_loss_after_best": 0.4776670884701513,
    "increase_percentage": 2.2362865518229182,
    "train_val_gap": 0.0029533510221722015
  },
  "training_curves": {
    "train_losses": [
      2.091270889495981,
      1.0955653318043412,
      0.8551049245842572,
      0.7379464811292188,
      0.6860363297421357,
      0.6280013576149941,
      0.5691077401411945,
      0.5527530438941101,
      0.5244360803530134,
      0.5070101320743561,
      0.49415225155394654,
      0.4701720896722942,
      0.4560717423414362,
      0.44564398316473797,
      0.4353396481994925,
      0.40933557556107125,
      0.39965575154999206
    ],
    "val_losses": [
      1.1220472772275247,
      0.669765961266333,
      0.5708858611122254,
      0.5543870767278056,
      0.5024239372822547,
      0.4939556278048023,
      0.5031592446950174,
      0.48270080791365716,
      0.49818281949527804,
      0.49052634787174965,
      0.48326007132568666,
      0.47697138161428515,
      0.4776670884701513,
      0.4946050307443065,
      0.467218738650122,
      0.48937544298748814,
      0.4738972715793117
    ],
    "train_accs": [
      35.654896879386676,
      65.2089407191448,
      72.15203541734154,
      75.5210020516143,
      77.54022243818162,
      79.52704891480401,
      81.00637080228917,
      81.7838246409675,
      82.88521757909513,
      83.101176978728,
      83.71666126768167,
      84.31054961667206,
      84.92603390562574,
      85.32555879494655,
      85.26077097505669,
      86.29737609329446,
      86.62131519274377
    ],
    "val_accs": [
      70.91733870967742,
      80.14112903225806,
      81.80443548387096,
      81.1491935483871,
      83.01411290322581,
      83.06451612903226,
      82.8125,
      83.56854838709677,
      82.86290322580645,
      83.46774193548387,
      83.26612903225806,
      84.32459677419355,
      83.87096774193549,
      83.61895161290323,
      83.97177419354838,
      83.71975806451613,
      83.71975806451613
    ],
    "val_macro_f1s": [
      0.7019694428719028,
      0.799144460963551,
      0.8195943578220259,
      0.8085549549486499,
      0.8304375545685219,
      0.8306173763843078,
      0.8287256281571956,
      0.8356513495315878,
      0.8272264600716175,
      0.8332108810885888,
      0.8329867973177963,
      0.8421240969861297,
      0.8396882302507978,
      0.835530026307649,
      0.8399731630674178,
      0.836884616428625,
      0.8372504147309012
    ],
    "learning_rates": [
      4.995066821070679e-05,
      4.980286753286195e-05,
      4.955718126821722e-05,
      4.9214579028215776e-05,
      4.877641290737884e-05,
      4.8244412147206284e-05,
      4.762067631165049e-05,
      4.6907667001096584e-05,
      4.610819813755037e-05,
      4.5225424859373677e-05,
      4.426283106939472e-05,
      4.322421568553528e-05,
      4.211367764821721e-05,
      4.0935599743717234e-05,
      3.969463130731183e-05,
      3.839566987447491e-05,
      3.7043841852542874e-05
    ]
  },
  "data_split_info": {
    "train_size": 9261,
    "val_size": 1984,
    "test_size": 1985
  },
  "per_class_metrics_timestamp": "2025-11-18T03:11:29.506391"
}