{
  "experiment_id": "seed_280",
  "seed_value": 280,
  "seed_index": 19,
  "timestamp": "2025-11-18T02:17:25.934093",
  "configuration": {
    "learning_rate": 5e-05,
    "batch_size": 32,
    "early_stopping_patience": 5,
    "dropout": 0.5,
    "weight_decay": 0.0001,
    "max_epochs": 20,
    "model_init_seed": 42,
    "data_split_seed": 280,
    "dataset_size": "100% (full dataset)"
  },
  "training_info": {
    "total_epochs": 20,
    "best_epoch": 20,
    "early_stopped": false,
    "total_time_minutes": 4.187954811255137
  },
  "validation_metrics": {
    "best_val_macro_f1": 0.8437853370389022,
    "best_val_accuracy": 84.4758064516129,
    "best_val_loss": 0.48351989662454975,
    "final_val_macro_f1": 0.8437853370389022,
    "final_val_accuracy": 84.4758064516129,
    "final_val_loss": 0.49225407430241186,
    "per_class_metrics": {
      "f1": {
        "conservative": 0.8127208480565371,
        "dressy": 0.9555555555555555,
        "ethnic": 0.8129496402877697,
        "fairy": 0.9278350515463918,
        "feminine": 0.7550200803212852,
        "gal": 0.8701754385964913,
        "girlish": 0.7836990595611286,
        "kireime-casual": 0.7424749163879598,
        "lolita": 0.922077922077922,
        "mode": 0.8250825082508251,
        "natural": 0.8398576512455516,
        "retro": 0.8185654008438819,
        "rock": 0.8249027237354086,
        "street": 0.922077922077922
      },
      "precision": {
        "conservative": 0.7986111111111112,
        "dressy": 0.9485294117647058,
        "ethnic": 0.7583892617449665,
        "fairy": 0.9121621621621622,
        "feminine": 0.746031746031746,
        "gal": 0.8732394366197183,
        "girlish": 0.8169934640522876,
        "kireime-casual": 0.7872340425531915,
        "lolita": 0.9530201342281879,
        "mode": 0.8680555555555556,
        "natural": 0.7763157894736842,
        "retro": 0.8818181818181818,
        "rock": 0.7851851851851852,
        "street": 0.9161290322580645
      },
      "recall": {
        "conservative": 0.8273381294964028,
        "dressy": 0.9626865671641791,
        "ethnic": 0.875968992248062,
        "fairy": 0.9440559440559441,
        "feminine": 0.7642276422764228,
        "gal": 0.8671328671328671,
        "girlish": 0.7530120481927711,
        "kireime-casual": 0.7025316455696202,
        "lolita": 0.8930817610062893,
        "mode": 0.7861635220125787,
        "natural": 0.9147286821705426,
        "retro": 0.7637795275590551,
        "rock": 0.8688524590163934,
        "street": 0.9281045751633987
      }
    },
    "best_val_macro_precision": 0.8444081796113391,
    "best_val_macro_recall": 0.8465474545046091
  },
  "test_metrics": {
    "test_macro_f1": 0.835931457423212,
    "test_accuracy": 83.67758186397985,
    "test_loss": 0.4876874985380305,
    "per_class_metrics": {
      "f1": {
        "conservative": 0.8013468013468013,
        "dressy": 0.948529411764706,
        "ethnic": 0.8339483394833949,
        "fairy": 0.9364548494983277,
        "feminine": 0.7531380753138075,
        "gal": 0.8763250883392225,
        "girlish": 0.7142857142857143,
        "kireime-casual": 0.740484429065744,
        "lolita": 0.9415584415584415,
        "mode": 0.7959183673469387,
        "natural": 0.832116788321168,
        "retro": 0.7916666666666666,
        "rock": 0.8235294117647058,
        "street": 0.9137380191693291
      },
      "precision": {
        "conservative": 0.7531645569620253,
        "dressy": 0.9416058394160584,
        "ethnic": 0.795774647887324,
        "fairy": 0.9032258064516129,
        "feminine": 0.7692307692307693,
        "gal": 0.8857142857142857,
        "girlish": 0.7058823529411765,
        "kireime-casual": 0.816793893129771,
        "lolita": 0.9797297297297297,
        "mode": 0.8666666666666667,
        "natural": 0.7862068965517242,
        "retro": 0.8407079646017699,
        "rock": 0.7835820895522388,
        "street": 0.89375
      },
      "recall": {
        "conservative": 0.8561151079136691,
        "dressy": 0.9555555555555556,
        "ethnic": 0.875968992248062,
        "fairy": 0.9722222222222222,
        "feminine": 0.7377049180327869,
        "gal": 0.8671328671328671,
        "girlish": 0.7228915662650602,
        "kireime-casual": 0.6772151898734177,
        "lolita": 0.90625,
        "mode": 0.7358490566037735,
        "natural": 0.8837209302325582,
        "retro": 0.7480314960629921,
        "rock": 0.8677685950413223,
        "street": 0.934640522875817
      }
    },
    "test_macro_precision": 0.8372882499167966,
    "test_macro_recall": 0.8386476442900076
  },
  "overfitting_analysis": {
    "overfitting_detected": false,
    "best_val_loss": 0.48351989662454975,
    "val_loss_after_best": 0.49225407430241186,
    "increase_percentage": 0.0,
    "train_val_gap": -0.11252741450495662
  },
  "training_curves": {
    "train_losses": [
      2.090929631118117,
      1.1049766343215417,
      0.8470527900704022,
      0.7407829649489501,
      0.6706016513294187,
      0.622264596717111,
      0.5888175675067409,
      0.5655855094050539,
      0.5306671712419082,
      0.5149598427887621,
      0.495879299167929,
      0.46942746053481926,
      0.4703043755272339,
      0.43281158262799524,
      0.41890412273591965,
      0.40917915277953804,
      0.4014235834366289,
      0.39426214954462546,
      0.37578620913213695,
      0.3709924821195931
    ],
    "val_losses": [
      1.1067346488275835,
      0.6796786290022635,
      0.6013602383675114,
      0.5773549983578343,
      0.5245240869060639,
      0.5138579280145706,
      0.49575297894977755,
      0.4956320038726253,
      0.5182278951810252,
      0.49172918522550213,
      0.48351989662454975,
      0.4950698400216718,
      0.4900259055918263,
      0.48988545878279594,
      0.48450543803553425,
      0.49327519343745324,
      0.5077222104995481,
      0.5077641243415494,
      0.5001880658730384,
      0.49225407430241186
    ],
    "train_accs": [
      34.56430191124068,
      63.88079041140266,
      72.42198466688262,
      76.25526401036605,
      77.7345858978512,
      79.58103876471223,
      80.38008854335385,
      81.54626930137134,
      82.53968253968254,
      83.27394449843429,
      83.20915667854443,
      84.56970089623151,
      84.25655976676384,
      85.49832631465284,
      86.18939639347802,
      86.37296188316597,
      86.54572940287225,
      86.59971925278047,
      87.63632437101825,
      87.58233452111003
    ],
    "val_accs": [
      73.08467741935483,
      78.88104838709677,
      79.3850806451613,
      80.84677419354838,
      82.00604838709677,
      82.25806451612904,
      82.5100806451613,
      83.01411290322581,
      82.35887096774194,
      83.56854838709677,
      83.71975806451613,
      83.26612903225806,
      83.92137096774194,
      83.56854838709677,
      84.12298387096774,
      83.87096774193549,
      82.86290322580645,
      83.92137096774194,
      83.41733870967742,
      84.4758064516129
    ],
    "val_macro_f1s": [
      0.7274044110142022,
      0.7879870835301653,
      0.7913446353557946,
      0.8059173579480988,
      0.8190360439809139,
      0.821874097703126,
      0.8250388640053633,
      0.8294065289937357,
      0.8220550255678164,
      0.8355136096531262,
      0.8372022769082064,
      0.8330580892565879,
      0.8388488335236189,
      0.8345887689400231,
      0.8405592613345367,
      0.8382307964623095,
      0.8276773531609948,
      0.8378461993089727,
      0.8327851758506247,
      0.8437853370389022
    ],