{
  "experiment_id": "seed_378",
  "seed_value": 378,
  "seed_index": 28,
  "timestamp": "2025-11-18T02:51:05.235555",
  "configuration": {
    "learning_rate": 5e-05,
    "batch_size": 32,
    "early_stopping_patience": 5,
    "dropout": 0.5,
    "weight_decay": 0.0001,
    "max_epochs": 20,
    "model_init_seed": 42,
    "data_split_seed": 378,
    "dataset_size": "100% (full dataset)"
  },
  "training_info": {
    "total_epochs": 20,
    "best_epoch": 18,
    "early_stopped": false,
    "total_time_minutes": 4.2349898020426435
  },
  "validation_metrics": {
    "best_val_macro_f1": 0.8370056599929542,
    "best_val_accuracy": 83.61895161290323,
    "best_val_loss": 0.4765032222194056,
    "final_val_macro_f1": 0.8338973698821216,
    "final_val_accuracy": 83.36693548387096,
    "final_val_loss": 0.5052787100355471,
    "per_class_metrics": {
      "f1": {
        "conservative": 0.7916666666666666,
        "dressy": 0.9632352941176471,
        "ethnic": 0.842911877394636,
        "fairy": 0.9553264604810996,
        "feminine": 0.7364864864864865,
        "gal": 0.8592592592592593,
        "girlish": 0.6557377049180328,
        "kireime-casual": 0.74,
        "lolita": 0.961783439490446,
        "mode": 0.8196721311475409,
        "natural": 0.8446215139442231,
        "retro": 0.8192771084337349,
        "rock": 0.8377358490566038,
        "street": 0.8903654485049834
      },
      "precision": {
        "conservative": 0.7651006711409396,
        "dressy": 0.9492753623188406,
        "ethnic": 0.8333333333333334,
        "fairy": 0.9391891891891891,
        "feminine": 0.630057803468208,
        "gal": 0.9133858267716536,
        "girlish": 0.7194244604316546,
        "kireime-casual": 0.7816901408450704,
        "lolita": 0.9741935483870968,
        "mode": 0.8561643835616438,
        "natural": 0.8688524590163934,
        "retro": 0.8360655737704918,
        "rock": 0.7762237762237763,
        "street": 0.9054054054054054
      },
      "recall": {
        "conservative": 0.8201438848920863,
        "dressy": 0.9776119402985075,
        "ethnic": 0.8527131782945736,
        "fairy": 0.972027972027972,
        "feminine": 0.8861788617886179,
        "gal": 0.8111888111888111,
        "girlish": 0.6024096385542169,
        "kireime-casual": 0.7025316455696202,
        "lolita": 0.949685534591195,
        "mode": 0.7861635220125787,
        "natural": 0.8217054263565892,
        "retro": 0.8031496062992126,
        "rock": 0.9098360655737705,
        "street": 0.8758169934640523
      }
    },
    "best_val_macro_precision": 0.8391687095616928,
    "best_val_macro_recall": 0.8407973629222718
  },
  "test_metrics": {
    "test_macro_f1": 0.8216432491975045,
    "test_accuracy": 82.21662468513854,
    "test_loss": 0.5193813337929665,
    "per_class_metrics": {
      "f1": {
        "conservative": 0.8111888111888111,
        "dressy": 0.9314079422382672,
        "ethnic": 0.8333333333333333,
        "fairy": 0.9302325581395349,
        "feminine": 0.7420494699646644,
        "gal": 0.8478260869565217,
        "girlish": 0.6824324324324325,
        "kireime-casual": 0.7243589743589743,
        "lolita": 0.9456869009584665,
        "mode": 0.7482993197278911,
        "natural": 0.8482490272373541,
        "retro": 0.7773279352226721,
        "rock": 0.7953667953667954,
        "street": 0.8852459016393444
      },
      "precision": {
        "conservative": 0.7891156462585034,
        "dressy": 0.9084507042253521,
        "ethnic": 0.8148148148148148,
        "fairy": 0.89171974522293,
        "feminine": 0.6521739130434783,
        "gal": 0.8796992481203008,
        "girlish": 0.7769230769230769,
        "kireime-casual": 0.7337662337662337,
        "lolita": 0.9673202614379085,
        "mode": 0.8148148148148148,
        "natural": 0.8515625,
        "retro": 0.8,
        "rock": 0.7463768115942029,
        "street": 0.8881578947368421
      },
      "recall": {
        "conservative": 0.8345323741007195,
        "dressy": 0.9555555555555556,
        "ethnic": 0.8527131782945736,
        "fairy": 0.9722222222222222,
        "feminine": 0.860655737704918,
        "gal": 0.8181818181818182,
        "girlish": 0.608433734939759,
        "kireime-casual": 0.7151898734177216,
        "lolita": 0.925,
        "mode": 0.6918238993710691,
        "natural": 0.8449612403100775,
        "retro": 0.7559055118110236,
        "rock": 0.8512396694214877,
        "street": 0.8823529411764706
      }
    },
    "test_macro_precision": 0.8224925474970328,
    "test_macro_recall": 0.826340554036244
  },
  "overfitting_analysis": {
    "overfitting_detected": true,
    "best_val_loss": 0.4765032222194056,
    "val_loss_after_best": 0.5024550734989105,
    "increase_percentage": 5.446311812673405,
    "train_val_gap": -0.09638154300072699
  },
  "training_curves": {
    "train_losses": [
      2.1069331678850896,
      1.1091431360820243,
      0.8486029681460611,
      0.743528752183092,
      0.6734037861741823,
      0.6300819455035802,
      0.5855977519832808,
      0.5604957415112134,
      0.537966994016335,
      0.5138474341610383,
      0.49498525308123953,
      0.4686980988444953,
      0.4468641254665523,
      0.4299441895608244,
      0.4155978077444537,
      0.4014315263464533,
      0.37766461685813707,
      0.3801216792186786,
      0.3806951221207093,
      0.350449011834531
    ],
    "val_losses": [
      1.1477737426757812,
      0.6771100519164917,
      0.5906239954694625,
      0.5484979832845349,
      0.5184009168897906,
      0.5101776231200464,
      0.5112764371498939,
      0.5082821230734548,
      0.4765032222194056,
      0.49315720556243775,
      0.5101170484577456,
      0.5060936291852305,
      0.4826088554916843,
      0.482633467883833,
      0.49705160481314503,
      0.4949664730698832,
      0.5125271295828204,
      0.5022132014555316,
      0.5024550734989105,
      0.5052787100355471
    ],
    "train_accs": [
      34.305150631681244,
      63.945578231292515,
      72.4651765468092,
      75.61818378144909,
      77.89655544757585,
      79.19231184537307,
      81.0387647122341,
      81.41669366159162,
      82.56127847964582,
      83.03638915883813,
      83.97581254724112,
      84.2673577367455,
      85.47673037468955,
      85.57391210452435,
      85.97343699384516,
      86.91286038224814,
      87.75510204081633,
      87.24759745167908,
      87.34477918151387,
      88.42457617967823
    ],
    "val_accs": [
      72.32862903225806,
      78.67943548387096,
      81.40120967741936,
      81.25,
      82.7116935483871,
      82.45967741935483,
      81.95564516129032,
      82.45967741935483,
      83.1149193548387,
      83.1149193548387,
      81.80443548387096,
      82.35887096774194,
      82.86290322580645,
      83.56854838709677,
      82.56048387096774,
      83.06451612903226,
      82.8125,
      83.61895161290323,
      82.9133064516129,
      83.36693548387096
    ],
    "val_macro_f1s": [
      0.7123172571062517,
      0.7867185559556237,
      0.8124409396163491,
      0.812843062453781,
      0.8271093124671905,
      0.8233355768161461,
      0.8190029058461399,
      0.8236625336136577,
      0.8318004929030629,
      0.8309605891648103,
      0.8178978995516913,
      0.8217141307527346,
      0.8290784968217348,
      0.8360408787364049,
      0.8249687635441936,
      0.8317978828866892,
      0.8270832769892962,
      0.8370056599929542,
      0.8295995545014827,
      0.8338973698821216
    ],