{
  "experiment_id": "seed_288",
  "seed_value": 288,
  "seed_index": 20,
  "timestamp": "2025-11-18T02:20:10.927642",
  "configuration": {
    "learning_rate": 5e-05,
    "batch_size": 32,
    "early_stopping_patience": 5,
    "dropout": 0.5,
    "weight_decay": 0.0001,
    "max_epochs": 20,
    "model_init_seed": 42,
    "data_split_seed": 288,
    "dataset_size": "100% (full dataset)"
  },
  "training_info": {
    "total_epochs": 13,
    "best_epoch": 8,
    "early_stopped": true,
    "total_time_minutes": 2.6991854310035706
  },
  "validation_metrics": {
    "best_val_macro_f1": 0.8400597335173753,
    "best_val_accuracy": 84.02217741935483,
    "best_val_loss": 0.4646861180663109,
    "final_val_macro_f1": 0.8301744936035452,
    "final_val_accuracy": 83.21572580645162,
    "final_val_loss": 0.4889605732694749,
    "per_class_metrics": {
      "f1": {
        "conservative": 0.7647058823529411,
        "dressy": 0.9509433962264152,
        "ethnic": 0.8549618320610687,
        "fairy": 0.9295774647887325,
        "feminine": 0.768,
        "gal": 0.89419795221843,
        "girlish": 0.6948051948051948,
        "kireime-casual": 0.7296416938110749,
        "lolita": 0.9283489096573208,
        "mode": 0.8479532163742689,
        "natural": 0.8248175182481752,
        "retro": 0.8225806451612903,
        "rock": 0.8442622950819673,
        "street": 0.906040268456376
      },
      "precision": {
        "conservative": 0.7819548872180451,
        "dressy": 0.9618320610687023,
        "ethnic": 0.8421052631578947,
        "fairy": 0.9361702127659575,
        "feminine": 0.7559055118110236,
        "gal": 0.8733333333333333,
        "girlish": 0.7535211267605634,
        "kireime-casual": 0.7516778523489933,
        "lolita": 0.9197530864197531,
        "mode": 0.7923497267759563,
        "natural": 0.7793103448275862,
        "retro": 0.8429752066115702,
        "rock": 0.8442622950819673,
        "street": 0.9310344827586207
      },
      "recall": {
        "conservative": 0.7482014388489209,
        "dressy": 0.9402985074626866,
        "ethnic": 0.8682170542635659,
        "fairy": 0.9230769230769231,
        "feminine": 0.7804878048780488,
        "gal": 0.916083916083916,
        "girlish": 0.6445783132530121,
        "kireime-casual": 0.7088607594936709,
        "lolita": 0.9371069182389937,
        "mode": 0.9119496855345912,
        "natural": 0.875968992248062,
        "retro": 0.8031496062992126,
        "rock": 0.8442622950819673,
        "street": 0.8823529411764706
      }
    },
    "best_val_macro_precision": 0.840441813638569,
    "best_val_macro_recall": 0.8417567968528601
  },
  "test_metrics": {
    "test_macro_f1": 0.8258124090844842,
    "test_accuracy": 82.51889168765743,
    "test_loss": 0.49649028409095036,
    "per_class_metrics": {
      "f1": {
        "conservative": 0.8071428571428573,
        "dressy": 0.9588014981273408,
        "ethnic": 0.8659003831417623,
        "fairy": 0.9300699300699301,
        "feminine": 0.7372881355932204,
        "gal": 0.8620689655172414,
        "girlish": 0.68125,
        "kireime-casual": 0.7006369426751593,
        "lolita": 0.9245283018867925,
        "mode": 0.7828746177370031,
        "natural": 0.8057553956834532,
        "retro": 0.7839999999999999,
        "rock": 0.8220338983050848,
        "street": 0.8990228013029317
      },
      "precision": {
        "conservative": 0.8014184397163121,
        "dressy": 0.9696969696969697,
        "ethnic": 0.8560606060606061,
        "fairy": 0.9366197183098591,
        "feminine": 0.7631578947368421,
        "gal": 0.8503401360544217,
        "girlish": 0.7077922077922078,
        "kireime-casual": 0.7051282051282052,
        "lolita": 0.930379746835443,
        "mode": 0.7619047619047619,
        "natural": 0.7516778523489933,
        "retro": 0.7967479674796748,
        "rock": 0.8434782608695652,
        "street": 0.8961038961038961
      },
      "recall": {
        "conservative": 0.8129496402877698,
        "dressy": 0.9481481481481482,
        "ethnic": 0.875968992248062,
        "fairy": 0.9236111111111112,
        "feminine": 0.7131147540983607,
        "gal": 0.8741258741258742,
        "girlish": 0.6566265060240963,
        "kireime-casual": 0.6962025316455697,
        "lolita": 0.91875,
        "mode": 0.8050314465408805,
        "natural": 0.8682170542635659,
        "retro": 0.7716535433070866,
        "rock": 0.8016528925619835,
        "street": 0.9019607843137255
      }
    },
    "test_macro_precision": 0.8264647616455542,
    "test_macro_recall": 0.8262866627625883
  },
  "overfitting_analysis": {
    "overfitting_detected": false,
    "best_val_loss": 0.4646861180663109,
    "val_loss_after_best": 0.49128987952586145,
    "increase_percentage": 5.725103553826026,
    "train_val_gap": 0.08860419433692401
  },
  "training_curves": {
    "train_losses": [
      2.0788565604851166,
      1.1070316631218482,
      0.843179951762331,
      0.7485944991481716,
      0.6711079053837677,
      0.6259031362060843,
      0.5729988337076943,
      0.5532903124032349,
      0.5297832447393187,
      0.5114976143528676,
      0.4796547901013802,
      0.4676821935279616,
      0.4584758098269331
    ],
    "val_losses": [
      1.1090014000092783,
      0.6909778166201807,
      0.5934367030858994,
      0.5489043374696085,
      0.5269192505267358,
      0.5006409902726451,
      0.49717075666112287,
      0.47037104805631025,
      0.49128987952586145,
      0.47122357377121527,
      0.48156333426314013,
      0.4646861180663109,
      0.4889605732694749
    ],
    "train_accs": [
      35.428139509772166,
      64.11834575099881,
      71.83889428787388,
      75.45621423172443,
      78.01533311737393,
      79.47305906489579,
      80.8659971925278,
      81.83781449087572,
      82.44250080984774,
      83.20915667854443,
      84.4185293164885,
      84.79645826584603,
      84.9152359356441
    ],
    "val_accs": [
      73.68951612903226,
      77.67137096774194,
      80.29233870967742,
      81.30040322580645,
      81.25,
      83.36693548387096,
      82.9133064516129,
      84.02217741935483,
      83.87096774193549,
      83.61895161290323,
      83.61895161290323,
      83.61895161290323,
      83.21572580645162
    ],
    "val_macro_f1s": [
      0.7371642096074345,
      0.7749579243660615,
      0.8029927009758382,
      0.8125487278767819,
      0.8116253651204859,
      0.83339228222641,
      0.8288693227484524,
      0.8400597335173753,
      0.8390762112078561,
      0.8347090343482264,
      0.8354549894610536,
      0.8351376025374401,
      0.8301744936035452
    ],
    "learning_rates": [
      4.995066821070679e-05,
      4.980286753286195e-05,
      4.955718126821722e-05,
      4.9214579028215776e-05,
      4.877641290737884e-05,
      4.8244412147206284e-05,
      4.762067631165049e-05,
      4.6907667001096584e-05,
      4.610819813755037e-05,
      4.5225424859373677e-05,
      4.426283106939472e-05,
      4.322421568553528e-05,
      4.211367764821721e-05
    ]
  },
  "data_split_info": {
    "train_size": 9261,
    "val_size": 1984,
    "test_size": 1985
  },
  "per_class_metrics_timestamp": "2025-11-18T03:12:57.174808"
}