{
  "experiment_id": "seed_112",
  "seed_value": 112,
  "seed_index": 11,
  "timestamp": "2025-11-18T01:47:23.249469",
  "configuration": {
    "learning_rate": 5e-05,
    "batch_size": 32,
    "early_stopping_patience": 5,
    "dropout": 0.5,
    "weight_decay": 0.0001,
    "max_epochs": 20,
    "model_init_seed": 42,
    "data_split_seed": 112,
    "dataset_size": "100% (full dataset)"
  },
  "training_info": {
    "total_epochs": 20,
    "best_epoch": 18,
    "early_stopped": false,
    "total_time_minutes": 4.191920208930969
  },
  "validation_metrics": {
    "best_val_macro_f1": 0.8530169275807747,
    "best_val_accuracy": 85.33266129032258,
    "best_val_loss": 0.4465208950061952,
    "final_val_macro_f1": 0.8426529863769714,
    "final_val_accuracy": 84.17338709677419,
    "final_val_loss": 0.4711904203699481,
    "per_class_metrics": {
      "f1": {
        "conservative": 0.788732394366197,
        "dressy": 0.9741697416974171,
        "ethnic": 0.8464419475655431,
        "fairy": 0.9591836734693878,
        "feminine": 0.7836734693877551,
        "gal": 0.8972602739726028,
        "girlish": 0.761904761904762,
        "kireime-casual": 0.6973684210526316,
        "lolita": 0.9523809523809524,
        "mode": 0.8627450980392157,
        "natural": 0.8285714285714285,
        "retro": 0.823045267489712,
        "rock": 0.8646616541353384,
        "street": 0.9020979020979021
      },
      "precision": {
        "conservative": 0.7724137931034483,
        "dressy": 0.9635036496350365,
        "ethnic": 0.8188405797101449,
        "fairy": 0.9337748344370861,
        "feminine": 0.7868852459016393,
        "gal": 0.8791946308724832,
        "girlish": 0.8053691275167785,
        "kireime-casual": 0.726027397260274,
        "lolita": 0.9615384615384616,
        "mode": 0.8979591836734694,
        "natural": 0.7682119205298014,
        "retro": 0.8620689655172413,
        "rock": 0.7986111111111112,
        "street": 0.9699248120300752
      },
      "recall": {
        "conservative": 0.8057553956834532,
        "dressy": 0.9850746268656716,
        "ethnic": 0.875968992248062,
        "fairy": 0.986013986013986,
        "feminine": 0.7804878048780488,
        "gal": 0.916083916083916,
        "girlish": 0.7228915662650602,
        "kireime-casual": 0.6708860759493671,
        "lolita": 0.9433962264150944,
        "mode": 0.8301886792452831,
        "natural": 0.8992248062015504,
        "retro": 0.7874015748031497,
        "rock": 0.9426229508196722,
        "street": 0.8431372549019608
      }
    },
    "best_val_macro_precision": 0.8531659794883607,
    "best_val_macro_recall": 0.8563667040267341
  },
  "test_metrics": {
    "test_macro_f1": 0.8450756479524552,
    "test_accuracy": 84.38287153652394,
    "test_loss": 0.4451327846633167,
    "per_class_metrics": {
      "f1": {
        "conservative": 0.7588652482269503,
        "dressy": 0.9739776951672863,
        "ethnic": 0.8774703557312252,
        "fairy": 0.9158249158249158,
        "feminine": 0.7955390334572492,
        "gal": 0.8745762711864407,
        "girlish": 0.6948051948051948,
        "kireime-casual": 0.7242524916943522,
        "lolita": 0.9150326797385621,
        "mode": 0.8382838283828383,
        "natural": 0.8421052631578947,
        "retro": 0.844106463878327,
        "rock": 0.8745247148288974,
        "street": 0.9016949152542374
      },
      "precision": {
        "conservative": 0.7482517482517482,
        "dressy": 0.9776119402985075,
        "ethnic": 0.8951612903225806,
        "fairy": 0.8888888888888888,
        "feminine": 0.7278911564625851,
        "gal": 0.8486842105263158,
        "girlish": 0.7535211267605634,
        "kireime-casual": 0.7622377622377622,
        "lolita": 0.958904109589041,
        "mode": 0.8819444444444444,
        "natural": 0.8175182481751825,
        "retro": 0.8161764705882353,
        "rock": 0.8098591549295775,
        "street": 0.9366197183098591
      },
      "recall": {
        "conservative": 0.7697841726618705,
        "dressy": 0.9703703703703703,
        "ethnic": 0.8604651162790697,
        "fairy": 0.9444444444444444,
        "feminine": 0.8770491803278688,
        "gal": 0.9020979020979021,
        "girlish": 0.6445783132530121,
        "kireime-casual": 0.689873417721519,
        "lolita": 0.875,
        "mode": 0.7987421383647799,
        "natural": 0.8682170542635659,
        "retro": 0.8740157480314961,
        "rock": 0.9504132231404959,
        "street": 0.869281045751634
      }
    },
    "test_macro_precision": 0.8445193049846639,
    "test_macro_recall": 0.8495951519077164
  },
  "overfitting_analysis": {
    "overfitting_detected": true,
    "best_val_loss": 0.4465208950061952,
    "val_loss_after_best": 0.47590791506151997,
    "increase_percentage": 6.581331441368955,
    "train_val_gap": -0.06388859004693909
  },
  "training_curves": {
    "train_losses": [
      2.1070479491661334,
      1.1190529251920767,
      0.8643077274848675,
      0.7548418682197044,
      0.6740076115419125,
      0.630280736140136,
      0.5892446339130402,
      0.5714707990658694,
      0.5441335413476517,
      0.5227340357570812,
      0.5012830274372265,
      0.4850892149682703,
      0.4679127509994753,
      0.4447985611984442,
      0.4286113085417912,
      0.4133997515871607,
      0.4072478768640551,
      0.3826323049592561,
      0.3781159172027275,
      0.35896234746123185
    ],
    "val_losses": [
      1.127590125606906,
      0.6664403614497953,
      0.5717414454106362,
      0.5284908149511583,
      0.4981123439727291,
      0.5219191992955823,
      0.49281229775759483,
      0.5037211487370152,
      0.46373862869316534,
      0.4553511500839264,
      0.45773216601341,
      0.4572529112619738,
      0.45653566501794324,
      0.4465208950061952,
      0.44890161435450276,
      0.46215633759575503,
      0.4758650136570777,
      0.45361776758105526,
      0.47590791506151997,
      0.4711904203699481
    ],
    "train_accs": [
      34.88824101068999,
      63.913184321347586,
      71.55814706835115,
      75.61818378144909,
      78.01533311737393,
      79.66742252456538,
      80.84440125256452,
      81.28711802181189,
      81.90260231076557,
      82.53968253968254,
      83.21995464852608,
      84.42932728647014,
      84.85044811575423,
      85.3147608249649,
      85.91944714393694,
      86.38375985314761,
      86.77248677248677,
      87.24759745167908,
      87.61472843105496,
      88.02505129035741
    ],
    "val_accs": [
      72.58064516129032,
      79.03225806451613,
      80.14112903225806,
      82.35887096774194,
      82.86290322580645,
      81.3508064516129,
      83.66935483870968,
      82.96370967741936,
      83.06451612903226,
      84.375,
      83.66935483870968,
      84.375,
      84.22379032258064,
      84.4758064516129,
      84.57661290322581,
      84.02217741935483,
      83.77016129032258,
      85.33266129032258,
      84.32459677419355,
      84.17338709677419
    ],
    "val_macro_f1s": [
      0.722317057118372,
      0.79025525463198,
      0.7991294132166934,
      0.82335045349491,
      0.8279276217645742,
      0.8133326027998811,
      0.8360039776681185,
      0.8293344778766244,
      0.8299310616597941,
      0.8428968524664107,
      0.8369752116471887,
      0.8438702469429875,
      0.842371350647536,
      0.8455558071052673,
      0.8464281651400983,
      0.8408095788353097,
      0.8377475859273626,
      0.8530169275807747,
      0.8437145715804281,
      0.8426529863769714
    ],