{
  "experiment_id": "seed_259",
  "seed_value": 259,
  "seed_index": 18,
  "timestamp": "2025-11-18T02:13:11.618897",
  "configuration": {
    "learning_rate": 5e-05,
    "batch_size": 32,
    "early_stopping_patience": 5,
    "dropout": 0.5,
    "weight_decay": 0.0001,
    "max_epochs": 20,
    "model_init_seed": 42,
    "data_split_seed": 259,
    "dataset_size": "100% (full dataset)"
  },
  "training_info": {
    "total_epochs": 20,
    "best_epoch": 17,
    "early_stopped": false,
    "total_time_minutes": 4.18232596317927
  },
  "validation_metrics": {
    "best_val_macro_f1": 0.8491005131253078,
    "best_val_accuracy": 84.77822580645162,
    "best_val_loss": 0.4591232046725289,
    "final_val_macro_f1": 0.8361087259276069,
    "final_val_accuracy": 83.66935483870968,
    "final_val_loss": 0.5135598111777536,
    "per_class_metrics": {
      "f1": {
        "conservative": 0.8070175438596491,
        "dressy": 0.9548872180451128,
        "ethnic": 0.8581818181818182,
        "fairy": 0.9230769230769231,
        "feminine": 0.7906976744186047,
        "gal": 0.8695652173913043,
        "girlish": 0.6855345911949685,
        "kireime-casual": 0.7475409836065574,
        "lolita": 0.952076677316294,
        "mode": 0.839344262295082,
        "natural": 0.893939393939394,
        "retro": 0.8294573643410853,
        "rock": 0.8494208494208494,
        "street": 0.8866666666666667
      },
      "precision": {
        "conservative": 0.7876712328767124,
        "dressy": 0.9621212121212122,
        "ethnic": 0.8082191780821918,
        "fairy": 0.9230769230769231,
        "feminine": 0.7555555555555555,
        "gal": 0.9022556390977443,
        "girlish": 0.7171052631578947,
        "kireime-casual": 0.7755102040816326,
        "lolita": 0.9675324675324676,
        "mode": 0.8767123287671232,
        "natural": 0.8740740740740741,
        "retro": 0.816793893129771,
        "rock": 0.8029197080291971,
        "street": 0.9047619047619048
      },
      "recall": {
        "conservative": 0.8273381294964028,
        "dressy": 0.9477611940298507,
        "ethnic": 0.9147286821705426,
        "fairy": 0.9230769230769231,
        "feminine": 0.8292682926829268,
        "gal": 0.8391608391608392,
        "girlish": 0.6566265060240963,
        "kireime-casual": 0.7215189873417721,
        "lolita": 0.9371069182389937,
        "mode": 0.8050314465408805,
        "natural": 0.9147286821705426,
        "retro": 0.84251968503937,
        "rock": 0.9016393442622951,
        "street": 0.869281045751634
      }
    },
    "best_val_macro_precision": 0.8481649703103146,
    "best_val_macro_recall": 0.8521276197133621
  },
  "test_metrics": {
    "test_macro_f1": 0.8229896217441455,
    "test_accuracy": 82.36775818639798,
    "test_loss": 0.5433756552991413,
    "per_class_metrics": {
      "f1": {
        "conservative": 0.7880794701986754,
        "dressy": 0.959409594095941,
        "ethnic": 0.8243727598566307,
        "fairy": 0.936026936026936,
        "feminine": 0.739622641509434,
        "gal": 0.8614232209737828,
        "girlish": 0.668769716088328,
        "kireime-casual": 0.7222222222222222,
        "lolita": 0.9490445859872613,
        "mode": 0.7719298245614035,
        "natural": 0.7928571428571428,
        "retro": 0.7725321888412017,
        "rock": 0.8270676691729324,
        "street": 0.9084967320261438
      },
      "precision": {
        "conservative": 0.7300613496932515,
        "dressy": 0.9558823529411765,
        "ethnic": 0.7666666666666667,
        "fairy": 0.9084967320261438,
        "feminine": 0.6853146853146853,
        "gal": 0.9274193548387096,
        "girlish": 0.7019867549668874,
        "kireime-casual": 0.8,
        "lolita": 0.9675324675324676,
        "mode": 0.873015873015873,
        "natural": 0.7350993377483444,
        "retro": 0.8490566037735849,
        "rock": 0.7586206896551724,
        "street": 0.9084967320261438
      },
      "recall": {
        "conservative": 0.8561151079136691,
        "dressy": 0.9629629629629629,
        "ethnic": 0.8914728682170543,
        "fairy": 0.9652777777777778,
        "feminine": 0.8032786885245902,
        "gal": 0.8041958041958042,
        "girlish": 0.6385542168674698,
        "kireime-casual": 0.6582278481012658,
        "lolita": 0.93125,
        "mode": 0.6918238993710691,
        "natural": 0.8604651162790697,
        "retro": 0.7086614173228346,
        "rock": 0.9090909090909091,
        "street": 0.9084967320261438
      }
    },
    "test_macro_precision": 0.8262606857285076,
    "test_macro_recall": 0.8278480963321871
  },
  "overfitting_analysis": {
    "overfitting_detected": false,
    "best_val_loss": 0.4591232046725289,
    "val_loss_after_best": 0.46930882526982215,
    "increase_percentage": 2.2184939671167796,
    "train_val_gap": -0.054292549011406344
  },
  "training_curves": {
    "train_losses": [
      2.097131533458315,
      1.1054800387086539,
      0.861118278318438,
      0.7570343055601778,
      0.6786539562817278,
      0.6237542044499825,
      0.5972424953148283,
      0.5621031051565861,
      0.5281975229238641,
      0.5057303614143668,
      0.49484365829106036,
      0.478893454886716,
      0.45709458527893854,
      0.4573022655885795,
      0.43139202915902797,
      0.40953755918247947,
      0.40483065566112253,
      0.389222179892762,
      0.3671047176009622,
      0.3554799881474725
    ],
    "val_losses": [
      1.0905543671500297,
      0.6474100120605961,
      0.5633791502444975,
      0.5248588097672309,
      0.49067712190651125,
      0.491225648551218,
      0.4846203271900454,
      0.4839710867212665,
      0.49181173669715084,
      0.4818308728356515,
      0.47658605645260504,
      0.46391644869600573,
      0.4671425603089794,
      0.4647786975387604,
      0.4761019133992733,
      0.4607809027356486,
      0.4591232046725289,
      0.46930882526982215,
      0.49030678779367476,
      0.5135598111777536
    ],
    "train_accs": [
      34.05679732210344,
      64.23712342079689,
      71.78490443796566,
      75.01349746247705,
      77.42144476838354,
      78.95475650577691,
      80.76881546269301,
      81.20073426195876,
      83.04718712881979,
      83.30633840837922,
      83.88942878738797,
      84.22416585681891,
      84.9908217255156,
      84.77486232588274,
      85.84386135406544,
      86.4053557931109,
      86.70769895259691,
      86.84807256235828,
      87.75510204081633,
      87.8954756505777
    ],
    "val_accs": [
      73.28629032258064,
      79.9899193548387,
      82.00604838709677,
      81.09879032258064,
      82.5100806451613,
      82.61088709677419,
      83.01411290322581,
      82.9133064516129,
      82.96370967741936,
      83.46774193548387,
      82.76209677419355,
      84.22379032258064,
      83.77016129032258,
      84.22379032258064,
      84.52620967741936,
      84.62701612903226,
      84.77822580645162,
      84.0725806451613,
      83.97177419354838,
      83.66935483870968
    ],
    "val_macro_f1s": [
      0.7265558683533289,
      0.8005631828535763,
      0.8214213446343939,
      0.8106544642274497,
      0.8246247785823874,
      0.8270766071628621,
      0.828774269423245,
      0.8289883549121131,
      0.8303297829862651,
      0.8351258306306208,
      0.8275868065664289,
      0.843475805007461,
      0.8378803700426828,
      0.8434020071905426,
      0.8467466907606187,
      0.847572092028788,
      0.8491005131253078,
      0.8414587541724334,
      0.8416632198150421,
      0.8361087259276069
    ],