{
  "experiment_id": "seed_53",
  "seed_value": 53,
  "seed_index": 7,
  "timestamp": "2025-11-18T01:34:42.115684",
  "configuration": {
    "learning_rate": 5e-05,
    "batch_size": 32,
    "early_stopping_patience": 5,
    "dropout": 0.5,
    "weight_decay": 0.0001,
    "max_epochs": 20,
    "model_init_seed": 42,
    "data_split_seed": 53,
    "dataset_size": "100% (full dataset)"
  },
  "training_info": {
    "total_epochs": 19,
    "best_epoch": 14,
    "early_stopped": true,
    "total_time_minutes": 3.9385801394780477
  },
  "validation_metrics": {
    "best_val_macro_f1": 0.8309140396813636,
    "best_val_accuracy": 83.16532258064517,
    "best_val_loss": 0.508596105200629,
    "final_val_macro_f1": 0.8186756242273318,
    "final_val_accuracy": 82.05645161290323,
    "final_val_loss": 0.5694136821454571,
    "per_class_metrics": {
      "f1": {
        "conservative": 0.7713310580204777,
        "dressy": 0.9548872180451128,
        "ethnic": 0.8444444444444444,
        "fairy": 0.9202898550724639,
        "feminine": 0.7654320987654322,
        "gal": 0.8958333333333334,
        "girlish": 0.72,
        "kireime-casual": 0.7579617834394904,
        "lolita": 0.9212121212121211,
        "mode": 0.821656050955414,
        "natural": 0.816793893129771,
        "retro": 0.7327586206896552,
        "rock": 0.823529411764706,
        "street": 0.8866666666666667
      },
      "precision": {
        "conservative": 0.7337662337662337,
        "dressy": 0.9621212121212122,
        "ethnic": 0.8085106382978723,
        "fairy": 0.9548872180451128,
        "feminine": 0.775,
        "gal": 0.8896551724137931,
        "girlish": 0.7358490566037735,
        "kireime-casual": 0.7628205128205128,
        "lolita": 0.8888888888888888,
        "mode": 0.832258064516129,
        "natural": 0.8045112781954887,
        "retro": 0.8095238095238095,
        "rock": 0.7894736842105263,
        "street": 0.9047619047619048
      },
      "recall": {
        "conservative": 0.8129496402877698,
        "dressy": 0.9477611940298507,
        "ethnic": 0.8837209302325582,
        "fairy": 0.8881118881118881,
        "feminine": 0.7560975609756098,
        "gal": 0.9020979020979021,
        "girlish": 0.7048192771084337,
        "kireime-casual": 0.7531645569620253,
        "lolita": 0.9559748427672956,
        "mode": 0.8113207547169812,
        "natural": 0.8294573643410853,
        "retro": 0.6692913385826772,
        "rock": 0.860655737704918,
        "street": 0.869281045751634
      }
    },
    "best_val_macro_precision": 0.8322876910118042,
    "best_val_macro_recall": 0.8317645738336162
  },
  "test_metrics": {
    "test_macro_f1": 0.8303919191614998,
    "test_accuracy": 82.97229219143577,
    "test_loss": 0.51287094610078,
    "per_class_metrics": {
      "f1": {
        "conservative": 0.7880794701986754,
        "dressy": 0.959409594095941,
        "ethnic": 0.8142292490118577,
        "fairy": 0.922509225092251,
        "feminine": 0.8132780082987552,
        "gal": 0.8461538461538461,
        "girlish": 0.6966966966966968,
        "kireime-casual": 0.7215189873417721,
        "lolita": 0.9313432835820894,
        "mode": 0.829113924050633,
        "natural": 0.8702290076335878,
        "retro": 0.7931034482758621,
        "rock": 0.7611336032388664,
        "street": 0.878688524590164
      },
      "precision": {
        "conservative": 0.7300613496932515,
        "dressy": 0.9558823529411765,
        "ethnic": 0.8306451612903226,
        "fairy": 0.984251968503937,
        "feminine": 0.8235294117647058,
        "gal": 0.8461538461538461,
        "girlish": 0.6946107784431138,
        "kireime-casual": 0.7215189873417721,
        "lolita": 0.8914285714285715,
        "mode": 0.8343949044585988,
        "natural": 0.8571428571428571,
        "retro": 0.8761904761904762,
        "rock": 0.746031746031746,
        "street": 0.881578947368421
      },
      "recall": {
        "conservative": 0.8561151079136691,
        "dressy": 0.9629629629629629,
        "ethnic": 0.7984496124031008,
        "fairy": 0.8680555555555556,
        "feminine": 0.8032786885245902,
        "gal": 0.8461538461538461,
        "girlish": 0.6987951807228916,
        "kireime-casual": 0.7215189873417721,
        "lolita": 0.975,
        "mode": 0.8238993710691824,
        "natural": 0.8837209302325582,
        "retro": 0.7244094488188977,
        "rock": 0.7768595041322314,
        "street": 0.8758169934640523
      }
    },
    "test_macro_precision": 0.8338158113394856,
    "test_macro_recall": 0.8296454420925221
  },
  "overfitting_analysis": {
    "overfitting_detected": false,
    "best_val_loss": 0.508596105200629,
    "val_loss_after_best": 0.5118104274715146,
    "increase_percentage": 0.6319989944904533,
    "train_val_gap": -0.07605796658803804
  },
  "training_curves": {
    "train_losses": [
      2.0819474713555697,
      1.0716240315601744,
      0.8561296809336235,
      0.732174165701044,
      0.6810521571800626,
      0.6370627177172694,
      0.5948153349859961,
      0.5600326262157539,
      0.5319732743090597,
      0.5061212924533877,
      0.48815613427552684,
      0.4651442250814931,
      0.45028863605754127,
      0.432538138612591,
      0.4216583574126507,
      0.40321006135180076,
      0.38616933414134486,
      0.3694649468978931,
      0.35860382996756457
    ],
    "val_losses": [
      1.0720159228770965,
      0.6814943316482729,
      0.5953498487510989,
      0.5771630387152394,
      0.5312814570723041,
      0.5538633458556668,
      0.5104861365210626,
      0.523912396161787,
      0.5217859288377147,
      0.5126243349044554,
      0.5232211925810383,
      0.5127775306182523,
      0.5125948128200346,
      0.508596105200629,
      0.5118104274715146,
      0.5308772457703468,
      0.5338364226683494,
      0.5411634051030682,
      0.5694136821454571
    ],
    "train_accs": [
      35.654896879386676,
      65.91080876795162,
      72.03325774754346,
      75.80174927113703,
      77.50782852823669,
      79.27869560522622,
      80.466472303207,
      81.57866321131627,
      82.44250080984774,
      83.41431810819566,
      83.86783284742468,
      84.65608465608466,
      84.95842781557067,
      85.67109383435914,
      86.29737609329446,
      86.49173955296405,
      87.06403196199115,
      88.08983911024727,
      87.90627362055933
    ],
    "val_accs": [
      73.38709677419355,
      78.62903225806451,
      79.6875,
      80.14112903225806,
      82.10685483870968,
      80.59475806451613,
      82.35887096774194,
      82.40927419354838,
      81.60282258064517,
      82.86290322580645,
      82.45967741935483,
      82.5100806451613,
      82.96370967741936,
      83.16532258064517,
      82.15725806451613,
      82.61088709677419,
      82.25806451612904,
      82.76209677419355,
      82.05645161290323
    ],
    "val_macro_f1s": [
      0.7313299666793844,
      0.7859953561630132,
      0.7952499715716591,
      0.8032168424042675,
      0.8205994736902775,
      0.8075776675626937,
      0.8229052490703922,
      0.8230340826661692,
      0.8118941082993434,
      0.827390448233986,
      0.8229312357674771,
      0.8248358434712404,
      0.8288531752937286,
      0.8309140396813636,
      0.8197347138331177,
      0.8248104263136975,
      0.8207680552297537,
      0.8258520155041557,
      0.8186756242273318
    ],
    "learning_rates": [
      4.995066821070679e-05,
      4.980286753286195e-05,
      4.955718126821722e-05,
      4.9214579028215776e-05,
      4.877641290737884e-05,
      4.8244412147206284e-05,
      4.762067631165049e-05,
      4.6907667001096584e-05,
      4.610819813755037e-05,
      4.5225424859373677e-05,
      4.426283106939472e-05,
      4.322421568553528e-05,
      4.211367764821721e-05,
      4.0935599743717234e-05,
      3.969463130731183e-05,
      3.839566987447491e-05,
      3.7043841852542874e-05,
      3.564448228912681e-05,
      3.420311381711694e-05
    ]
  },