{
  "experiment_id": "seed_347",
  "seed_value": 347,
  "seed_index": 25,
  "timestamp": "2025-11-18T02:38:11.879606",
  "configuration": {
    "learning_rate": 5e-05,
    "batch_size": 32,
    "early_stopping_patience": 5,
    "dropout": 0.5,
    "weight_decay": 0.0001,
    "max_epochs": 20,
    "model_init_seed": 42,
    "data_split_seed": 347,
    "dataset_size": "100% (full dataset)"
  },
  "training_info": {
    "total_epochs": 12,
    "best_epoch": 7,
    "early_stopped": true,
    "total_time_minutes": 2.510345792770386
  },
  "validation_metrics": {
    "best_val_macro_f1": 0.839343722214698,
    "best_val_accuracy": 83.82056451612904,
    "best_val_loss": 0.49527463437088076,
    "final_val_macro_f1": 0.830188987475783,
    "final_val_accuracy": 83.1149193548387,
    "final_val_loss": 0.4986281642510045,
    "per_class_metrics": {
      "f1": {
        "conservative": 0.7665505226480835,
        "dressy": 0.9774436090225564,
        "ethnic": 0.8659003831417623,
        "fairy": 0.945578231292517,
        "feminine": 0.7709923664122138,
        "gal": 0.8695652173913043,
        "girlish": 0.718562874251497,
        "kireime-casual": 0.7043189368770765,
        "lolita": 0.9430379746835443,
        "mode": 0.8275862068965517,
        "natural": 0.8095238095238095,
        "retro": 0.853658536585366,
        "rock": 0.8062015503875968,
        "street": 0.8918918918918919
      },
      "precision": {
        "conservative": 0.7432432432432432,
        "dressy": 0.9848484848484849,
        "ethnic": 0.8560606060606061,
        "fairy": 0.9205298013245033,
        "feminine": 0.7266187050359713,
        "gal": 0.9022556390977443,
        "girlish": 0.7142857142857143,
        "kireime-casual": 0.7412587412587412,
        "lolita": 0.9490445859872612,
        "mode": 0.825,
        "natural": 0.8292682926829268,
        "retro": 0.8823529411764706,
        "rock": 0.7647058823529411,
        "street": 0.9230769230769231
      },
      "recall": {
        "conservative": 0.7913669064748201,
        "dressy": 0.9701492537313433,
        "ethnic": 0.875968992248062,
        "fairy": 0.972027972027972,
        "feminine": 0.8211382113821138,
        "gal": 0.8391608391608392,
        "girlish": 0.7228915662650602,
        "kireime-casual": 0.6708860759493671,
        "lolita": 0.9371069182389937,
        "mode": 0.8301886792452831,
        "natural": 0.7906976744186046,
        "retro": 0.8267716535433071,
        "rock": 0.8524590163934426,
        "street": 0.8627450980392157
      }
    },
    "best_val_macro_precision": 0.8401821114593953,
    "best_val_macro_recall": 0.8402542040798876
  },
  "test_metrics": {
    "test_macro_f1": 0.8190279596687952,
    "test_accuracy": 81.81360201511335,
    "test_loss": 0.5030547057588896,
    "per_class_metrics": {
      "f1": {
        "conservative": 0.7518796992481204,
        "dressy": 0.9621212121212122,
        "ethnic": 0.8625954198473282,
        "fairy": 0.9166666666666666,
        "feminine": 0.7445255474452555,
        "gal": 0.8540925266903915,
        "girlish": 0.7204968944099379,
        "kireime-casual": 0.7037037037037036,
        "lolita": 0.9056603773584907,
        "mode": 0.8076923076923077,
        "natural": 0.7804878048780488,
        "retro": 0.7818930041152263,
        "rock": 0.8,
        "street": 0.8745762711864407
      },
      "precision": {
        "conservative": 0.7874015748031497,
        "dressy": 0.9844961240310077,
        "ethnic": 0.849624060150376,
        "fairy": 0.9166666666666666,
        "feminine": 0.6710526315789473,
        "gal": 0.8695652173913043,
        "girlish": 0.7435897435897436,
        "kireime-casual": 0.6867469879518072,
        "lolita": 0.9113924050632911,
        "mode": 0.8235294117647058,
        "natural": 0.8205128205128205,
        "retro": 0.8189655172413793,
        "rock": 0.7142857142857143,
        "street": 0.9084507042253521
      },
      "recall": {
        "conservative": 0.7194244604316546,
        "dressy": 0.9407407407407408,
        "ethnic": 0.875968992248062,
        "fairy": 0.9166666666666666,
        "feminine": 0.8360655737704918,
        "gal": 0.8391608391608392,
        "girlish": 0.6987951807228916,
        "kireime-casual": 0.7215189873417721,
        "lolita": 0.9,
        "mode": 0.7924528301886793,
        "natural": 0.7441860465116279,
        "retro": 0.7480314960629921,
        "rock": 0.9090909090909091,
        "street": 0.8431372549019608
      }
    },
    "test_macro_precision": 0.821877112804019,
    "test_macro_recall": 0.8203742841313778
  },
  "overfitting_analysis": {
    "overfitting_detected": false,
    "best_val_loss": 0.49527463437088076,
    "val_loss_after_best": 0.5019818566018536,
    "increase_percentage": 1.354243033159292,
    "train_val_gap": 0.10719817957040062
  },
  "training_curves": {
    "train_losses": [
      2.105777522202196,
      1.1149113928449566,
      0.8512967247387458,
      0.7503466500290509,
      0.6851987696413336,
      0.6301781008469647,
      0.6024728139412814,
      0.5674145362500487,
      0.5322681817515144,
      0.5043150450648932,
      0.4903072229233281,
      0.46418517383522
    ],
    "val_losses": [
      1.1287626143424743,
      0.6876733745298078,
      0.5844914833864858,
      0.5483281908016051,
      0.5290409622173156,
      0.5232576537997492,
      0.49527463437088076,
      0.5019818566018536,
      0.4999257290074902,
      0.5056665217684161,
      0.5034759765671145,
      0.4986281642510045
    ],
    "train_accs": [
      33.938019652305364,
      63.60004319187993,
      72.98347910592808,
      75.11067919231185,
      77.38905085843861,
      79.15991793542814,
      80.07774538386784,
      81.3627038116834,
      82.15095562034338,
      83.1767627685995,
      83.7490551776266,
      84.82885217579096
    ],
    "val_accs": [
      70.11088709677419,
      78.125,
      81.50201612903226,
      81.40120967741936,
      82.00604838709677,
      81.95564516129032,
      83.82056451612904,
      82.76209677419355,
      83.1149193548387,
      82.5100806451613,
      82.56048387096774,
      83.1149193548387
    ],
    "val_macro_f1s": [
      0.694979820930485,
      0.7816360519556224,
      0.8152075764706826,
      0.8152483546065996,
      0.8191608756731669,
      0.8207459159084144,
      0.839343722214698,
      0.8284972020827533,
      0.8310786399589586,
      0.8251688362199451,
      0.8260098737596676,
      0.830188987475783
    ],
    "learning_rates": [
      4.995066821070679e-05,
      4.980286753286195e-05,
      4.955718126821722e-05,
      4.9214579028215776e-05,
      4.877641290737884e-05,
      4.8244412147206284e-05,
      4.762067631165049e-05,
      4.6907667001096584e-05,
      4.610819813755037e-05,
      4.5225424859373677e-05,
      4.426283106939472e-05,
      4.322421568553528e-05
    ]
  },
  "data_split_info": {
    "train_size": 9261,
    "val_size": 1984,
    "test_size": 1985
  },
  "per_class_metrics_timestamp": "2025-11-18T03:13:20.297148"
}