{
  "experiment_id": "seed_115",
  "seed_value": 115,
  "seed_index": 12,
  "timestamp": "2025-11-18T01:50:22.454627",
  "configuration": {
    "learning_rate": 5e-05,
    "batch_size": 32,
    "early_stopping_patience": 5,
    "dropout": 0.5,
    "weight_decay": 0.0001,
    "max_epochs": 20,
    "model_init_seed": 42,
    "data_split_seed": 115,
    "dataset_size": "100% (full dataset)"
  },
  "training_info": {
    "total_epochs": 14,
    "best_epoch": 9,
    "early_stopped": true,
    "total_time_minutes": 2.9351064880688984
  },
  "validation_metrics": {
    "best_val_macro_f1": 0.8313459433695108,
    "best_val_accuracy": 83.31653225806451,
    "best_val_loss": 0.462365856814769,
    "final_val_macro_f1": 0.8311635812263234,
    "final_val_accuracy": 83.16532258064517,
    "final_val_loss": 0.48756476395553155,
    "per_class_metrics": {
      "f1": {
        "conservative": 0.7686832740213524,
        "dressy": 0.948905109489051,
        "ethnic": 0.8659003831417623,
        "fairy": 0.9513888888888888,
        "feminine": 0.7795275590551182,
        "gal": 0.8571428571428571,
        "girlish": 0.6714801444043321,
        "kireime-casual": 0.7353951890034365,
        "lolita": 0.9480122324159022,
        "mode": 0.8155339805825242,
        "natural": 0.7972508591065293,
        "retro": 0.789272030651341,
        "rock": 0.8438818565400844,
        "street": 0.8664688427299704
      },
      "precision": {
        "conservative": 0.7605633802816901,
        "dressy": 0.9285714285714286,
        "ethnic": 0.8560606060606061,
        "fairy": 0.9448275862068966,
        "feminine": 0.7557251908396947,
        "gal": 0.8759124087591241,
        "girlish": 0.8378378378378378,
        "kireime-casual": 0.8045112781954887,
        "lolita": 0.9226190476190477,
        "mode": 0.84,
        "natural": 0.7160493827160493,
        "retro": 0.7686567164179104,
        "rock": 0.8695652173913043,
        "street": 0.7934782608695652
      },
      "recall": {
        "conservative": 0.7769784172661871,
        "dressy": 0.9701492537313433,
        "ethnic": 0.875968992248062,
        "fairy": 0.958041958041958,
        "feminine": 0.8048780487804879,
        "gal": 0.8391608391608392,
        "girlish": 0.5602409638554217,
        "kireime-casual": 0.6772151898734177,
        "lolita": 0.9748427672955975,
        "mode": 0.7924528301886793,
        "natural": 0.8992248062015504,
        "retro": 0.8110236220472441,
        "rock": 0.819672131147541,
        "street": 0.954248366013072
      }
    },
    "best_val_macro_precision": 0.8338841672690459,
    "best_val_macro_recall": 0.8367212989893859
  },
  "test_metrics": {
    "test_macro_f1": 0.8172684385835023,
    "test_accuracy": 81.86397984886649,
    "test_loss": 0.5164890645278825,
    "per_class_metrics": {
      "f1": {
        "conservative": 0.758364312267658,
        "dressy": 0.9386281588447654,
        "ethnic": 0.8528301886792453,
        "fairy": 0.9319727891156462,
        "feminine": 0.7286821705426356,
        "gal": 0.837037037037037,
        "girlish": 0.6576271186440678,
        "kireime-casual": 0.6711409395973155,
        "lolita": 0.9235474006116209,
        "mode": 0.8131147540983606,
        "natural": 0.8140350877192983,
        "retro": 0.8046875,
        "rock": 0.8347107438016529,
        "street": 0.8753799392097266
      },
      "precision": {
        "conservative": 0.7846153846153846,
        "dressy": 0.9154929577464789,
        "ethnic": 0.8308823529411765,
        "fairy": 0.9133333333333333,
        "feminine": 0.6911764705882353,
        "gal": 0.889763779527559,
        "girlish": 0.751937984496124,
        "kireime-casual": 0.7142857142857143,
        "lolita": 0.9041916167664671,
        "mode": 0.8493150684931506,
        "natural": 0.7435897435897436,
        "retro": 0.7984496124031008,
        "rock": 0.8347107438016529,
        "street": 0.8181818181818182
      },
      "recall": {
        "conservative": 0.7338129496402878,
        "dressy": 0.9629629629629629,
        "ethnic": 0.875968992248062,
        "fairy": 0.9513888888888888,
        "feminine": 0.7704918032786885,
        "gal": 0.7902097902097902,
        "girlish": 0.5843373493975904,
        "kireime-casual": 0.6329113924050633,
        "lolita": 0.94375,
        "mode": 0.779874213836478,
        "natural": 0.8992248062015504,
        "retro": 0.8110236220472441,
        "rock": 0.8347107438016529,
        "street": 0.9411764705882353
      }
    },
    "test_macro_precision": 0.8171376129121385,
    "test_macro_recall": 0.8222745703933211
  },
  "overfitting_analysis": {
    "overfitting_detected": false,
    "best_val_loss": 0.462365856814769,
    "val_loss_after_best": 0.4942084380215214,
    "increase_percentage": 6.886879889037539,
    "train_val_gap": 0.06259709545582098
  },
  "training_curves": {
    "train_losses": [
      2.1149139803031396,
      1.1214442699119962,
      0.8565695840736915,
      0.7497323602437973,
      0.6720973564119175,
      0.6274200862851637,
      0.592739814828182,
      0.5575493296672558,
      0.52496295227059,
      0.5198256068959318,
      0.4909952938556671,
      0.4739006989474954,
      0.4559032298881432,
      0.4350558625213031
    ],
    "val_losses": [
      1.1213537368082231,
      0.6683776868927863,
      0.5716753491470891,
      0.5280524410547749,
      0.4963872903777707,
      0.48310454021538457,
      0.462365856814769,
      0.4774948640936805,
      0.4863724548730158,
      0.4942084380215214,
      0.4692675676797667,
      0.4803708666755307,
      0.4767513528706566,
      0.48756476395553155
    ],
    "train_accs": [
      33.78684807256236,
      63.55685131195335,
      71.7201166180758,
      75.41302235179786,
      77.64820213799806,
      79.20310981535471,
      80.52046215311522,
      81.47068351149984,
      82.64766223949897,
      82.64766223949897,
      83.68426735773674,
      84.10538818702084,
      84.95842781557067,
      85.6602958643775
    ],
    "val_accs": [
      73.99193548387096,
      77.97379032258064,
      80.54435483870968,
      82.10685483870968,
      82.61088709677419,
      82.40927419354838,
      83.01411290322581,
      83.01411290322581,
      83.31653225806451,
      82.40927419354838,
      82.9133064516129,
      82.56048387096774,
      83.16532258064517,
      83.16532258064517
    ],
    "val_macro_f1s": [
      0.7368575290599412,
      0.7787054285944315,
      0.8032992831139367,
      0.8206069386636745,
      0.8261208505155215,
      0.8251823878337584,
      0.8299452940594393,
      0.8291423757853217,
      0.8313459433695108,
      0.8230807236551103,
      0.8287348743836797,
      0.8251014251675679,
      0.8312317409883285,
      0.8311635812263234
    ],
    "learning_rates": [
      4.995066821070679e-05,
      4.980286753286195e-05,
      4.955718126821722e-05,
      4.9214579028215776e-05,
      4.877641290737884e-05,
      4.8244412147206284e-05,
      4.762067631165049e-05,
      4.6907667001096584e-05,
      4.610819813755037e-05,
      4.5225424859373677e-05,
      4.426283106939472e-05,
      4.322421568553528e-05,
      4.211367764821721e-05,
      4.0935599743717234e-05
    ]
  },
  "data_split_info": {
    "train_size": 9261,
    "val_size": 1984,
    "test_size": 1985
  },
  "per_class_metrics_timestamp": "2025-11-18T03:12:20.197961"
}