{
  "experiment_id": "seed_303",
  "seed_value": 303,
  "seed_index": 21,
  "timestamp": "2025-11-18T02:23:35.965088",
  "configuration": {
    "learning_rate": 5e-05,
    "batch_size": 32,
    "early_stopping_patience": 5,
    "dropout": 0.5,
    "weight_decay": 0.0001,
    "max_epochs": 20,
    "model_init_seed": 42,
    "data_split_seed": 303,
    "dataset_size": "100% (full dataset)"
  },
  "training_info": {
    "total_epochs": 16,
    "best_epoch": 11,
    "early_stopped": true,
    "total_time_minutes": 3.3665754636128744
  },
  "validation_metrics": {
    "best_val_macro_f1": 0.8400254109018647,
    "best_val_accuracy": 83.97177419354838,
    "best_val_loss": 0.46661769983268553,
    "final_val_macro_f1": 0.8391236497500414,
    "final_val_accuracy": 83.92137096774194,
    "final_val_loss": 0.47917150393609076,
    "per_class_metrics": {
      "f1": {
        "conservative": 0.7849829351535835,
        "dressy": 0.9772727272727273,
        "ethnic": 0.8444444444444444,
        "fairy": 0.9266666666666666,
        "feminine": 0.7619047619047619,
        "gal": 0.881578947368421,
        "girlish": 0.7333333333333333,
        "kireime-casual": 0.7218543046357616,
        "lolita": 0.9548387096774195,
        "mode": 0.7987012987012987,
        "natural": 0.8148148148148148,
        "retro": 0.8408163265306122,
        "rock": 0.8333333333333333,
        "street": 0.8858131487889274
      },
      "precision": {
        "conservative": 0.7467532467532467,
        "dressy": 0.9923076923076923,
        "ethnic": 0.8085106382978723,
        "fairy": 0.8853503184713376,
        "feminine": 0.6933333333333334,
        "gal": 0.8322981366459627,
        "girlish": 0.8208955223880597,
        "kireime-casual": 0.7569444444444444,
        "lolita": 0.9801324503311258,
        "mode": 0.825503355704698,
        "natural": 0.7801418439716312,
        "retro": 0.8728813559322034,
        "rock": 0.847457627118644,
        "street": 0.9411764705882353
      },
      "recall": {
        "conservative": 0.8273381294964028,
        "dressy": 0.9626865671641791,
        "ethnic": 0.8837209302325582,
        "fairy": 0.972027972027972,
        "feminine": 0.8455284552845529,
        "gal": 0.9370629370629371,
        "girlish": 0.6626506024096386,
        "kireime-casual": 0.689873417721519,
        "lolita": 0.9308176100628931,
        "mode": 0.7735849056603774,
        "natural": 0.8527131782945736,
        "retro": 0.8110236220472441,
        "rock": 0.819672131147541,
        "street": 0.8366013071895425
      }
    },
    "best_val_macro_precision": 0.8416918883063206,
    "best_val_macro_recall": 0.8432358404144237
  },
  "test_metrics": {
    "test_macro_f1": 0.8399947898209049,
    "test_accuracy": 83.97984886649874,
    "test_loss": 0.45817240031938705,
    "per_class_metrics": {
      "f1": {
        "conservative": 0.8169934640522876,
        "dressy": 0.9558823529411765,
        "ethnic": 0.8745247148288975,
        "fairy": 0.9261744966442952,
        "feminine": 0.8046875,
        "gal": 0.8360128617363344,
        "girlish": 0.6751592356687898,
        "kireime-casual": 0.7285714285714285,
        "lolita": 0.9230769230769231,
        "mode": 0.8469055374592835,
        "natural": 0.8072727272727273,
        "retro": 0.8148148148148148,
        "rock": 0.8395061728395061,
        "street": 0.9103448275862068
      },
      "precision": {
        "conservative": 0.7485029940119761,
        "dressy": 0.948905109489051,
        "ethnic": 0.8582089552238806,
        "fairy": 0.8961038961038961,
        "feminine": 0.7686567164179104,
        "gal": 0.7738095238095238,
        "girlish": 0.7162162162162162,
        "kireime-casual": 0.8360655737704918,
        "lolita": 0.9473684210526315,
        "mode": 0.8783783783783784,
        "natural": 0.7602739726027398,
        "retro": 0.853448275862069,
        "rock": 0.8360655737704918,
        "street": 0.9635036496350365
      },
      "recall": {
        "conservative": 0.8992805755395683,
        "dressy": 0.9629629629629629,
        "ethnic": 0.8914728682170543,
        "fairy": 0.9583333333333334,
        "feminine": 0.8442622950819673,
        "gal": 0.9090909090909091,
        "girlish": 0.6385542168674698,
        "kireime-casual": 0.6455696202531646,
        "lolita": 0.9,
        "mode": 0.8176100628930818,
        "natural": 0.8604651162790697,
        "retro": 0.7795275590551181,
        "rock": 0.8429752066115702,
        "street": 0.8627450980392157
      }
    },
    "test_macro_precision": 0.8418219468817353,
    "test_macro_recall": 0.8437749874446061
  },
  "overfitting_analysis": {
    "overfitting_detected": false,
    "best_val_loss": 0.46661769983268553,
    "val_loss_after_best": 0.48425806746367484,
    "increase_percentage": 3.7804754593138217,
    "train_val_gap": 0.026537146376191034
  },
  "training_curves": {
    "train_losses": [
      2.1097851962878784,
      1.1299982066812186,
      0.8686726568074062,
      0.764415401425855,
      0.6823724189708973,
      0.6325652142537052,
      0.5884121613255863,
      0.5680475544826737,
      0.5361628756440919,
      0.516482173934065,
      0.49315484620887656,
      0.48675710152963114,
      0.4607913521343264,
      0.4369455352425575,
      0.42411914596269873,
      0.4081346619745781
    ],
    "val_losses": [
      1.1138541246614149,
      0.6616679141598363,
      0.5852526060996517,
      0.5402780266538743,
      0.4999578013535469,
      0.5027207369285245,
      0.4876741233371919,
      0.4799396861945429,
      0.4871429339531929,
      0.47755980323399266,
      0.4716869220137596,
      0.48425806746367484,
      0.475770415557969,
      0.46661769983268553,
      0.479723128219766,
      0.47917150393609076
    ],
    "train_accs": [
      34.15397905193824,
      63.67562898175143,
      71.76330849800237,
      74.93791167260555,
      77.37825288845697,
      78.43645394665803,
      80.33689666342728,
      81.52467336140805,
      82.32372314004967,
      83.01479321887486,
      83.77065111758989,
      83.71666126768167,
      84.95842781557067,
      85.55231616456106,
      85.94104308390023,
      86.58892128279884
    ],
    "val_accs": [
      73.28629032258064,
      79.18346774193549,
      80.19153225806451,
      80.59475806451613,
      81.80443548387096,
      81.75403225806451,
      82.7116935483871,
      83.06451612903226,
      82.61088709677419,
      83.46774193548387,
      83.97177419354838,
      82.96370967741936,
      82.9133064516129,
      83.36693548387096,
      83.87096774193549,
      83.92137096774194
    ],
    "val_macro_f1s": [
      0.7310192311255406,
      0.7931192221003996,
      0.8027001584704674,
      0.8073925930288489,
      0.818741486133563,
      0.8178893975652229,
      0.8269042080648156,
      0.8295132577840804,
      0.8279245166329187,
      0.8345296950856592,
      0.8400254109018647,
      0.8287167006822639,
      0.8287406488503207,
      0.8330369314869228,
      0.8386194552322499,
      0.8391236497500414
    ],
    "learning_rates": [
      4.995066821070679e-05,
      4.980286753286195e-05,
      4.955718126821722e-05,
      4.9214579028215776e-05,
      4.877641290737884e-05,
      4.8244412147206284e-05,
      4.762067631165049e-05,
      4.6907667001096584e-05,
      4.610819813755037e-05,
      4.5225424859373677e-05,
      4.426283106939472e-05,
      4.322421568553528e-05,
      4.211367764821721e-05,
      4.0935599743717234e-05,
      3.969463130731183e-05,
      3.839566987447491e-05
    ]
  },
  "data_split_info": {
    "train_size": 9261,
    "val_size": 1984,
    "test_size": 1985
  },
  "per_class_metrics_timestamp": "2025-11-18T03:13:01.796003"
}