{
  "experiment_id": "seed_328",
  "seed_value": 328,
  "seed_index": 23,
  "timestamp": "2025-11-18T02:31:24.835241",
  "configuration": {
    "learning_rate": 5e-05,
    "batch_size": 32,
    "early_stopping_patience": 5,
    "dropout": 0.5,
    "weight_decay": 0.0001,
    "max_epochs": 20,
    "model_init_seed": 42,
    "data_split_seed": 328,
    "dataset_size": "100% (full dataset)"
  },
  "training_info": {
    "total_epochs": 17,
    "best_epoch": 12,
    "early_stopped": true,
    "total_time_minutes": 3.530227057139079
  },
  "validation_metrics": {
    "best_val_macro_f1": 0.8503292613398843,
    "best_val_accuracy": 84.92943548387096,
    "best_val_loss": 0.43764570403483605,
    "final_val_macro_f1": 0.8389656823250121,
    "final_val_accuracy": 83.92137096774194,
    "final_val_loss": 0.45246951209921993,
    "per_class_metrics": {
      "f1": {
        "conservative": 0.804270462633452,
        "dressy": 0.9705882352941176,
        "ethnic": 0.875,
        "fairy": 0.926829268292683,
        "feminine": 0.776,
        "gal": 0.879725085910653,
        "girlish": 0.7069486404833837,
        "kireime-casual": 0.735483870967742,
        "lolita": 0.93125,
        "mode": 0.8376623376623376,
        "natural": 0.823076923076923,
        "retro": 0.832,
        "rock": 0.8719999999999999,
        "street": 0.9337748344370861
      },
      "precision": {
        "conservative": 0.795774647887324,
        "dressy": 0.9565217391304348,
        "ethnic": 0.8818897637795275,
        "fairy": 0.9236111111111112,
        "feminine": 0.7637795275590551,
        "gal": 0.8648648648648649,
        "girlish": 0.7090909090909091,
        "kireime-casual": 0.75,
        "lolita": 0.9254658385093167,
        "mode": 0.8657718120805369,
        "natural": 0.816793893129771,
        "retro": 0.8455284552845529,
        "rock": 0.8515625,
        "street": 0.9463087248322147
      },
      "recall": {
        "conservative": 0.8129496402877698,
        "dressy": 0.9850746268656716,
        "ethnic": 0.8682170542635659,
        "fairy": 0.9300699300699301,
        "feminine": 0.7886178861788617,
        "gal": 0.8951048951048951,
        "girlish": 0.7048192771084337,
        "kireime-casual": 0.7215189873417721,
        "lolita": 0.9371069182389937,
        "mode": 0.8113207547169812,
        "natural": 0.8294573643410853,
        "retro": 0.8188976377952756,
        "rock": 0.8934426229508197,
        "street": 0.9215686274509803
      }
    },
    "best_val_macro_precision": 0.8497831276614013,
    "best_val_macro_recall": 0.8512975873367884
  },
  "test_metrics": {
    "test_macro_f1": 0.8419952596298744,
    "test_accuracy": 84.1309823677582,
    "test_loss": 0.46268299363908316,
    "per_class_metrics": {
      "f1": {
        "conservative": 0.7902097902097902,
        "dressy": 0.9705882352941176,
        "ethnic": 0.8698884758364313,
        "fairy": 0.9370629370629372,
        "feminine": 0.792,
        "gal": 0.8659793814432989,
        "girlish": 0.7028753993610224,
        "kireime-casual": 0.7192429022082019,
        "lolita": 0.9404388714733543,
        "mode": 0.8310810810810811,
        "natural": 0.8045977011494252,
        "retro": 0.825910931174089,
        "rock": 0.8339483394833949,
        "street": 0.904109589041096
      },
      "precision": {
        "conservative": 0.7687074829931972,
        "dressy": 0.9635036496350365,
        "ethnic": 0.8357142857142857,
        "fairy": 0.9436619718309859,
        "feminine": 0.7734375,
        "gal": 0.8513513513513513,
        "girlish": 0.7482993197278912,
        "kireime-casual": 0.7169811320754716,
        "lolita": 0.9433962264150944,
        "mode": 0.8978102189781022,
        "natural": 0.7954545454545454,
        "retro": 0.85,
        "rock": 0.7533333333333333,
        "street": 0.9496402877697842
      },
      "recall": {
        "conservative": 0.8129496402877698,
        "dressy": 0.9777777777777777,
        "ethnic": 0.9069767441860465,
        "fairy": 0.9305555555555556,
        "feminine": 0.8114754098360656,
        "gal": 0.8811188811188811,
        "girlish": 0.6626506024096386,
        "kireime-casual": 0.7215189873417721,
        "lolita": 0.9375,
        "mode": 0.7735849056603774,
        "natural": 0.813953488372093,
        "retro": 0.8031496062992126,
        "rock": 0.9338842975206612,
        "street": 0.8627450980392157
      }
    },
    "test_macro_precision": 0.84223509323422,
    "test_macro_recall": 0.8449886424575048
  },
  "overfitting_analysis": {
    "overfitting_detected": false,
    "best_val_loss": 0.43764570403483605,
    "val_loss_after_best": 0.4423668886865339,
    "increase_percentage": 1.0787686496568585,
    "train_val_gap": 0.05006129883718702
  },
  "training_curves": {
    "train_losses": [
      2.081204623189466,
      1.1067742629297848,
      0.8516457051038742,
      0.7481458949631659,
      0.6864823972356731,
      0.6433089621108153,
      0.5984719448562326,
      0.5578163166498316,
      0.5509099338589043,
      0.5216956744420117,
      0.500252456911679,
      0.48770700287202307,
      0.45508560458647795,
      0.4497932758824579,
      0.41630414750041633,
      0.4143990462196284,
      0.40582667383654364
    ],
    "val_losses": [
      1.091813794066829,
      0.6725015649872441,
      0.5774231543464046,
      0.5681449532989533,
      0.5168186856373664,
      0.4806324914097786,
      0.4869648213348081,
      0.46025041923407584,
      0.4657579172522791,
      0.46885906568458,
      0.4597112534026946,
      0.43764570403483605,
      0.4423668886865339,
      0.4476224162405537,
      0.46365354522582025,
      0.45858394751144993,
      0.45246951209921993
    ],
    "train_accs": [
      34.85584710074506,
      64.61505237015442,
      71.83889428787388,
      75.71536551128388,
      77.52942446819998,
      78.8791707159054,
      80.56365403304179,
      81.57866321131627,
      81.67584494115107,
      83.0255911888565,
      83.51149983803045,
      84.12698412698413,
      84.73167044595615,
      85.01241766547889,
      86.29737609329446,
      86.18939639347802,
      86.6321131627254
    ],
    "val_accs": [
      73.7399193548387,
      78.47782258064517,
      81.04838709677419,
      81.50201612903226,
      81.85483870967742,
      84.22379032258064,
      84.4758064516129,
      83.92137096774194,
      83.77016129032258,
      83.87096774193549,
      84.17338709677419,
      84.92943548387096,
      84.17338709677419,
      84.6774193548387,
      84.375,
      84.0725806451613,
      83.92137096774194
    ],
    "val_macro_f1s": [
      0.7320154042308564,
      0.784395823963864,
      0.8116034225400037,
      0.811364675195627,
      0.8185995120067167,
      0.8422291118961033,
      0.8458980283613247,
      0.8391680209741974,
      0.8382393688234454,
      0.8368724611244059,
      0.8422529304186449,
      0.8503292613398843,
      0.8425475975526016,
      0.8465814646273293,
      0.8439505583216109,
      0.8413371748820836,
      0.8389656823250121
    ],
    "learning_rates": [
      4.995066821070679e-05,
      4.980286753286195e-05,
      4.955718126821722e-05,
      4.9214579028215776e-05,
      4.877641290737884e-05,
      4.8244412147206284e-05,
      4.762067631165049e-05,
      4.6907667001096584e-05,
      4.610819813755037e-05,
      4.5225424859373677e-05,
      4.426283106939472e-05,
      4.322421568553528e-05,
      4.211367764821721e-05,
      4.0935599743717234e-05,
      3.969463130731183e-05,
      3.839566987447491e-05,
      3.7043841852542874e-05
    ]
  },
  "data_split_info": {
    "train_size": 9261,
    "val_size": 1984,
    "test_size": 1985
  },
  "per_class_metrics_timestamp": "2025-11-18T03:13:11.023834"
}