{
  "experiment_id": "seed_380",
  "seed_value": 380,
  "seed_index": 29,
  "timestamp": "2025-11-18T02:54:53.472779",
  "configuration": {
    "learning_rate": 5e-05,
    "batch_size": 32,
    "early_stopping_patience": 5,
    "dropout": 0.5,
    "weight_decay": 0.0001,
    "max_epochs": 20,
    "model_init_seed": 42,
    "data_split_seed": 380,
    "dataset_size": "100% (full dataset)"
  },
  "training_info": {
    "total_epochs": 18,
    "best_epoch": 13,
    "early_stopped": true,
    "total_time_minutes": 3.752939224243164
  },
  "validation_metrics": {
    "best_val_macro_f1": 0.8334881047736066,
    "best_val_accuracy": 83.31653225806451,
    "best_val_loss": 0.4928696035377441,
    "final_val_macro_f1": 0.8299516301983249,
    "final_val_accuracy": 82.96370967741936,
    "final_val_loss": 0.5324492255045522,
    "per_class_metrics": {
      "f1": {
        "conservative": 0.8,
        "dressy": 0.946969696969697,
        "ethnic": 0.8619246861924686,
        "fairy": 0.9230769230769231,
        "feminine": 0.7470817120622568,
        "gal": 0.8591549295774649,
        "girlish": 0.6990291262135923,
        "kireime-casual": 0.7010309278350515,
        "lolita": 0.9423076923076923,
        "mode": 0.775244299674267,
        "natural": 0.8428571428571429,
        "retro": 0.8071428571428572,
        "rock": 0.8249027237354086,
        "street": 0.9381107491856677
      },
      "precision": {
        "conservative": 0.7564102564102564,
        "dressy": 0.9615384615384616,
        "ethnic": 0.9363636363636364,
        "fairy": 0.9230769230769231,
        "feminine": 0.7164179104477612,
        "gal": 0.8652482269503546,
        "girlish": 0.7552447552447552,
        "kireime-casual": 0.7669172932330827,
        "lolita": 0.9607843137254902,
        "mode": 0.8040540540540541,
        "natural": 0.7814569536423841,
        "retro": 0.738562091503268,
        "rock": 0.7851851851851852,
        "street": 0.935064935064935
      },
      "recall": {
        "conservative": 0.8489208633093526,
        "dressy": 0.9328358208955224,
        "ethnic": 0.7984496124031008,
        "fairy": 0.9230769230769231,
        "feminine": 0.7804878048780488,
        "gal": 0.8531468531468531,
        "girlish": 0.6506024096385542,
        "kireime-casual": 0.6455696202531646,
        "lolita": 0.9245283018867925,
        "mode": 0.7484276729559748,
        "natural": 0.9147286821705426,
        "retro": 0.889763779527559,
        "rock": 0.8688524590163934,
        "street": 0.9411764705882353
      }
    },
    "best_val_macro_precision": 0.8347374997457535,
    "best_val_macro_recall": 0.8371833766962155
  },
  "test_metrics": {
    "test_macro_f1": 0.8562312938639192,
    "test_accuracy": 85.59193954659949,
    "test_loss": 0.4443467558612899,
    "per_class_metrics": {
      "f1": {
        "conservative": 0.802721088435374,
        "dressy": 0.9739776951672863,
        "ethnic": 0.8740157480314961,
        "fairy": 0.9379310344827586,
        "feminine": 0.804780876494024,
        "gal": 0.8754448398576513,
        "girlish": 0.75,
        "kireime-casual": 0.7466666666666666,
        "lolita": 0.9274447949526814,
        "mode": 0.8617363344051446,
        "natural": 0.8417266187050358,
        "retro": 0.84251968503937,
        "rock": 0.8685258964143426,
        "street": 0.879746835443038
      },
      "precision": {
        "conservative": 0.7612903225806451,
        "dressy": 0.9776119402985075,
        "ethnic": 0.888,
        "fairy": 0.9315068493150684,
        "feminine": 0.7829457364341085,
        "gal": 0.8913043478260869,
        "girlish": 0.8260869565217391,
        "kireime-casual": 0.7887323943661971,
        "lolita": 0.9363057324840764,
        "mode": 0.881578947368421,
        "natural": 0.785234899328859,
        "retro": 0.84251968503937,
        "rock": 0.8384615384615385,
        "street": 0.852760736196319
      },
      "recall": {
        "conservative": 0.8489208633093526,
        "dressy": 0.9703703703703703,
        "ethnic": 0.8604651162790697,
        "fairy": 0.9444444444444444,
        "feminine": 0.8278688524590164,
        "gal": 0.8601398601398601,
        "girlish": 0.6867469879518072,
        "kireime-casual": 0.7088607594936709,
        "lolita": 0.91875,
        "mode": 0.8427672955974843,
        "natural": 0.9069767441860465,
        "retro": 0.84251968503937,
        "rock": 0.9008264462809917,
        "street": 0.9084967320261438
      }
    },
    "test_macro_precision": 0.8560242918729243,
    "test_macro_recall": 0.859153868398402
  },
  "overfitting_analysis": {
    "overfitting_detected": false,
    "best_val_loss": 0.4928696035377441,
    "val_loss_after_best": 0.5175227080622027,
    "increase_percentage": 5.001952716804258,
    "train_val_gap": -0.03678168164394191
  },
  "training_curves": {
    "train_losses": [
      2.1013307641292442,
      1.0973342560488601,
      0.8487520736866984,
      0.734012994170189,
      0.6790020389803525,
      0.6251482258582938,
      0.5893602977538931,
      0.5543048158801835,
      0.5308956328651001,
      0.5170831507136082,
      0.4855139554060739,
      0.47840370001464055,
      0.4560879218938022,
      0.43786571010433395,
      0.42737458749064083,
      0.4080954909838479,
      0.3957537736872147,
      0.3665273924069158
    ],
    "val_losses": [
      1.1228167655006531,
      0.7131702625943769,
      0.5743626509943316,
      0.5383642652342396,
      0.5382585960530466,
      0.5210223077766357,
      0.5243345638436656,
      0.507792295467469,
      0.507190149157278,
      0.5003432528145851,
      0.4928696035377441,
      0.49548566485604933,
      0.5000877310672114,
      0.5175227080622027,
      0.5139403554701036,
      0.5044977347696981,
      0.5066398922954837,
      0.5324492255045522
    ],
    "train_accs": [
      34.531908001295754,
      64.1399416909621,
      72.16283338732319,
      75.72616348126552,
      77.03271784904437,
      79.24630169528129,
      80.49886621315193,
      81.41669366159162,
      82.30212720008639,
      82.90681351905842,
      83.18756073858114,
      84.74246841593781,
      84.85044811575423,
      85.29316488500162,
      85.82226541410215,
      86.26498218334953,
      86.82647662239499,
      87.61472843105496
    ],
    "val_accs": [
      73.3366935483871,
      76.96572580645162,
      81.65322580645162,
      81.45161290322581,
      81.65322580645162,
      81.65322580645162,
      81.65322580645162,
      81.80443548387096,
      81.3508064516129,
      83.1149193548387,
      82.66129032258064,
      82.61088709677419,
      83.31653225806451,
      82.00604838709677,
      83.21572580645162,
      83.06451612903226,
      83.1149193548387,
      82.96370967741936
    ],
    "val_macro_f1s": [
      0.7315801679221952,
      0.7687207106498398,
      0.8167023844056034,
      0.8145559364400351,
      0.8155052939915024,
      0.8175797218590709,
      0.8176843097174412,
      0.818339660106053,
      0.8133394196509087,
      0.8322492581076817,
      0.8274089071048866,
      0.8261508292410227,
      0.8334881047736066,
      0.8194690224906482,
      0.8318263187639736,
      0.83118948986385,
      0.8315124557073678,
      0.8299516301983249
    ],
    "learning_rates": [
      4.995066821070679e-05,
      4.980286753286195e-05,
      4.955718126821722e-05,
      4.9214579028215776e-05,
      4.877641290737884e-05,
      4.8244412147206284e-05,
      4.762067631165049e-05,
      4.6907667001096584e-05,
      4.610819813755037e-05,
      4.5225424859373677e-05,
      4.426283106939472e-05,
      4.322421568553528e-05,
      4.211367764821721e-05,
      4.0935599743717234e-05,
      3.969463130731183e-05,
      3.839566987447491e-05,
      3.7043841852542874e-05,
      3.564448228912681e-05
    ]
  },
  "data_split_info": {
    "train_size": 9261,
    "val_size": 1984,
    "test_size": 1985
  },
  "per_class_metrics_timestamp": "2025-11-18T03:13:38.860116"
}