{
  "experiment_id": "seed_72",
  "seed_value": 72,
  "seed_index": 9,
  "timestamp": "2025-11-18T01:40:23.593091",
  "configuration": {
    "learning_rate": 5e-05,
    "batch_size": 32,
    "early_stopping_patience": 5,
    "dropout": 0.5,
    "weight_decay": 0.0001,
    "max_epochs": 20,
    "model_init_seed": 42,
    "data_split_seed": 72,
    "dataset_size": "100% (full dataset)"
  },
  "training_info": {
    "total_epochs": 11,
    "best_epoch": 6,
    "early_stopped": true,
    "total_time_minutes": 2.2742454330126445
  },
  "validation_metrics": {
    "best_val_macro_f1": 0.8273343921163931,
    "best_val_accuracy": 82.66129032258064,
    "best_val_loss": 0.5066458996265165,
    "final_val_macro_f1": 0.8166024141340668,
    "final_val_accuracy": 81.70362903225806,
    "final_val_loss": 0.5066458996265165,
    "per_class_metrics": {
      "f1": {
        "conservative": 0.8041958041958042,
        "dressy": 0.9411764705882353,
        "ethnic": 0.8593749999999999,
        "fairy": 0.9342560553633218,
        "feminine": 0.7626459143968871,
        "gal": 0.8384615384615384,
        "girlish": 0.7129909365558912,
        "kireime-casual": 0.7025316455696202,
        "lolita": 0.9367088607594937,
        "mode": 0.7959183673469387,
        "natural": 0.7927272727272727,
        "retro": 0.8127490039840637,
        "rock": 0.8154506437768241,
        "street": 0.8734939759036144
      },
      "precision": {
        "conservative": 0.782312925170068,
        "dressy": 0.927536231884058,
        "ethnic": 0.8661417322834646,
        "fairy": 0.9246575342465754,
        "feminine": 0.7313432835820896,
        "gal": 0.9316239316239316,
        "girlish": 0.7151515151515152,
        "kireime-casual": 0.7025316455696202,
        "lolita": 0.9426751592356688,
        "mode": 0.8666666666666667,
        "natural": 0.7465753424657534,
        "retro": 0.8225806451612904,
        "rock": 0.8558558558558559,
        "street": 0.8100558659217877
      },
      "recall": {
        "conservative": 0.8273381294964028,
        "dressy": 0.9552238805970149,
        "ethnic": 0.8527131782945736,
        "fairy": 0.9440559440559441,
        "feminine": 0.7967479674796748,
        "gal": 0.7622377622377622,
        "girlish": 0.7108433734939759,
        "kireime-casual": 0.7025316455696202,
        "lolita": 0.9308176100628931,
        "mode": 0.7358490566037735,
        "natural": 0.8449612403100775,
        "retro": 0.8031496062992126,
        "rock": 0.7786885245901639,
        "street": 0.9477124183006536
      }
    },
    "best_val_macro_precision": 0.8304077382013103,
    "best_val_macro_recall": 0.828062166956553
  },
  "test_metrics": {
    "test_macro_f1": 0.8397282903973117,
    "test_accuracy": 83.9294710327456,
    "test_loss": 0.5087582852159228,
    "per_class_metrics": {
      "f1": {
        "conservative": 0.7785714285714286,
        "dressy": 0.9777777777777777,
        "ethnic": 0.8492063492063492,
        "fairy": 0.9480968858131488,
        "feminine": 0.8059701492537313,
        "gal": 0.8970588235294117,
        "girlish": 0.7204968944099379,
        "kireime-casual": 0.7088607594936709,
        "lolita": 0.9411764705882352,
        "mode": 0.8178694158075601,
        "natural": 0.8055555555555556,
        "retro": 0.8166666666666667,
        "rock": 0.7999999999999999,
        "street": 0.8888888888888888
      },
      "precision": {
        "conservative": 0.7730496453900709,
        "dressy": 0.9777777777777777,
        "ethnic": 0.8699186991869918,
        "fairy": 0.9448275862068966,
        "feminine": 0.7397260273972602,
        "gal": 0.9457364341085271,
        "girlish": 0.7435897435897436,
        "kireime-casual": 0.7088607594936709,
        "lolita": 0.9325153374233128,
        "mode": 0.9015151515151515,
        "natural": 0.7295597484276729,
        "retro": 0.8672566371681416,
        "rock": 0.8245614035087719,
        "street": 0.8421052631578947
      },
      "recall": {
        "conservative": 0.7841726618705036,
        "dressy": 0.9777777777777777,
        "ethnic": 0.8294573643410853,
        "fairy": 0.9513888888888888,
        "feminine": 0.8852459016393442,
        "gal": 0.8531468531468531,
        "girlish": 0.6987951807228916,
        "kireime-casual": 0.7088607594936709,
        "lolita": 0.95,
        "mode": 0.7484276729559748,
        "natural": 0.8992248062015504,
        "retro": 0.7716535433070866,
        "rock": 0.7768595041322314,
        "street": 0.9411764705882353
      }
    },
    "test_macro_precision": 0.8429285867394205,
    "test_macro_recall": 0.8411562417904352
  },
  "overfitting_analysis": {
    "overfitting_detected": false,
    "best_val_loss": 0.5066458996265165,
    "val_loss_after_best": 0.5422696978334458,
    "increase_percentage": 7.031301000006127,
    "train_val_gap": 0.1209437243118302
  },
  "training_curves": {
    "train_losses": [
      2.10406067535795,
      1.1236729796590477,
      0.8500453306683179,
      0.7513598765792517,
      0.678412525715499,
      0.6275896239383467,
      0.5875415906310082,
      0.5804863660499967,
      0.5493107101012921,
      0.5182815499860665,
      0.48325339011077223
    ],
    "val_losses": [
      1.1082684859152763,
      0.7192791570578853,
      0.5927641122571884,
      0.5550766938155697,
      0.5460937941266645,
      0.5214058151168208,
      0.5422696978334458,
      0.5256119356040032,
      0.5150932318741276,
      0.5068746036098849,
      0.5066458996265165
    ],
    "train_accs": [
      34.56430191124068,
      63.36248785228377,
      72.23841917719469,
      74.8515279127524,
      77.42144476838354,
      78.94395853579528,
      80.2937047835007,
      80.8659971925278,
      81.6110571212612,
      83.09037900874635,
      83.71666126768167
    ],
    "val_accs": [
      73.79032258064517,
      76.81451612903226,
      80.59475806451613,
      81.19959677419355,
      80.74596774193549,
      82.66129032258064,
      81.80443548387096,
      81.60282258064517,
      82.00604838709677,
      82.20766129032258,
      81.70362903225806
    ],
    "val_macro_f1s": [
      0.7335930418905956,
      0.7683987656316188,
      0.8071470469614234,
      0.8108749382847878,
      0.8061433926926427,
      0.8273343921163931,
      0.8207282181706399,
      0.8155965166826971,
      0.8202877487588028,
      0.8218772511303009,
      0.8166024141340668
    ],
    "learning_rates": [
      4.995066821070679e-05,
      4.980286753286195e-05,
      4.955718126821722e-05,
      4.9214579028215776e-05,
      4.877641290737884e-05,
      4.8244412147206284e-05,
      4.762067631165049e-05,
      4.6907667001096584e-05,
      4.610819813755037e-05,
      4.5225424859373677e-05,
      4.426283106939472e-05
    ]
  },
  "data_split_info": {
    "train_size": 9261,
    "val_size": 1984,
    "test_size": 1985
  },
  "per_class_metrics_timestamp": "2025-11-18T03:12:06.301063"
}