{
  "experiment_id": "seed_217",
  "seed_value": 217,
  "seed_index": 17,
  "timestamp": "2025-11-18T02:08:57.604964",
  "configuration": {
    "learning_rate": 5e-05,
    "batch_size": 32,
    "early_stopping_patience": 5,
    "dropout": 0.5,
    "weight_decay": 0.0001,
    "max_epochs": 20,
    "model_init_seed": 42,
    "data_split_seed": 217,
    "dataset_size": "100% (full dataset)"
  },
  "training_info": {
    "total_epochs": 20,
    "best_epoch": 20,
    "early_stopped": false,
    "total_time_minutes": 4.184292523066203
  },
  "validation_metrics": {
    "best_val_macro_f1": 0.8378675781597827,
    "best_val_accuracy": 83.71975806451613,
    "best_val_loss": 0.4910708185165159,
    "final_val_macro_f1": 0.8378675781597827,
    "final_val_accuracy": 83.71975806451613,
    "final_val_loss": 0.5155599876757591,
    "per_class_metrics": {
      "f1": {
        "conservative": 0.786206896551724,
        "dressy": 0.9735849056603774,
        "ethnic": 0.8088235294117646,
        "fairy": 0.9314079422382671,
        "feminine": 0.8313725490196078,
        "gal": 0.8639455782312926,
        "girlish": 0.7125,
        "kireime-casual": 0.72,
        "lolita": 0.9532710280373832,
        "mode": 0.802547770700637,
        "natural": 0.8208955223880596,
        "retro": 0.8127490039840637,
        "rock": 0.8288288288288288,
        "street": 0.8840125391849529
      },
      "precision": {
        "conservative": 0.7549668874172185,
        "dressy": 0.9847328244274809,
        "ethnic": 0.7692307692307693,
        "fairy": 0.9626865671641791,
        "feminine": 0.803030303030303,
        "gal": 0.8410596026490066,
        "girlish": 0.7402597402597403,
        "kireime-casual": 0.7605633802816901,
        "lolita": 0.9444444444444444,
        "mode": 0.8129032258064516,
        "natural": 0.7913669064748201,
        "retro": 0.8225806451612904,
        "rock": 0.92,
        "street": 0.8493975903614458
      },
      "recall": {
        "conservative": 0.8201438848920863,
        "dressy": 0.9626865671641791,
        "ethnic": 0.8527131782945736,
        "fairy": 0.9020979020979021,
        "feminine": 0.8617886178861789,
        "gal": 0.8881118881118881,
        "girlish": 0.6867469879518072,
        "kireime-casual": 0.6835443037974683,
        "lolita": 0.9622641509433962,
        "mode": 0.7924528301886793,
        "natural": 0.8527131782945736,
        "retro": 0.8031496062992126,
        "rock": 0.7540983606557377,
        "street": 0.9215686274509803
      }
    },
    "best_val_macro_precision": 0.8398016347649173,
    "best_val_macro_recall": 0.8388628631449045
  },
  "test_metrics": {
    "test_macro_f1": 0.8397609710593136,
    "test_accuracy": 83.97984886649874,
    "test_loss": 0.49313645833541475,
    "per_class_metrics": {
      "f1": {
        "conservative": 0.8014440433212997,
        "dressy": 0.9667896678966789,
        "ethnic": 0.8320610687022901,
        "fairy": 0.9328859060402686,
        "feminine": 0.7903225806451613,
        "gal": 0.8571428571428572,
        "girlish": 0.7012987012987013,
        "kireime-casual": 0.7124183006535948,
        "lolita": 0.9419354838709678,
        "mode": 0.8349514563106797,
        "natural": 0.8263888888888888,
        "retro": 0.7938931297709922,
        "rock": 0.8583690987124464,
        "street": 0.9067524115755626
      },
      "precision": {
        "conservative": 0.8043478260869565,
        "dressy": 0.9632352941176471,
        "ethnic": 0.8195488721804511,
        "fairy": 0.9025974025974026,
        "feminine": 0.7777777777777778,
        "gal": 0.8541666666666666,
        "girlish": 0.7605633802816901,
        "kireime-casual": 0.7364864864864865,
        "lolita": 0.9733333333333334,
        "mode": 0.86,
        "natural": 0.7484276729559748,
        "retro": 0.7703703703703704,
        "rock": 0.8928571428571429,
        "street": 0.8924050632911392
      },
      "recall": {
        "conservative": 0.7985611510791367,
        "dressy": 0.9703703703703703,
        "ethnic": 0.8449612403100775,
        "fairy": 0.9652777777777778,
        "feminine": 0.8032786885245902,
        "gal": 0.8601398601398601,
        "girlish": 0.6506024096385542,
        "kireime-casual": 0.689873417721519,
        "lolita": 0.9125,
        "mode": 0.8113207547169812,
        "natural": 0.9224806201550387,
        "retro": 0.8188976377952756,
        "rock": 0.8264462809917356,
        "street": 0.9215686274509803
      }
    },
    "test_macro_precision": 0.8397226635002172,
    "test_macro_recall": 0.8425913454765641
  },
  "overfitting_analysis": {
    "overfitting_detected": false,
    "best_val_loss": 0.4910708185165159,
    "val_loss_after_best": 0.5155599876757591,
    "increase_percentage": 0.0,
    "train_val_gap": -0.13773650514237473
  },
  "training_curves": {
    "train_losses": [
      2.084683437594052,
      1.1055584140892687,
      0.8606320401717876,
      0.749177786194045,
      0.6895289948274349,
      0.6291432897592413,
      0.5923605168174053,
      0.5555886409406005,
      0.5325595438480377,
      0.500848528383107,
      0.4797897779479109,
      0.47596378357246005,
      0.44578343444857105,
      0.43381528695081845,
      0.41090247369018096,
      0.39977470091704664,
      0.40234076444958816,
      0.376818475512595,
      0.3567636784294556,
      0.3533343133741412
    ],
    "val_losses": [
      1.1300637702788077,
      0.6867457363874682,
      0.5903965503938736,
      0.5512486455901977,
      0.5235052185673867,
      0.5029978776170362,
      0.5226540724115987,
      0.5131056265484902,
      0.5055292957732754,
      0.5061985968101409,
      0.5058262987482932,
      0.5126725968814665,
      0.5247473625406143,
      0.4910708185165159,
      0.5123302347717746,
      0.5421239906741727,
      0.5225546227828148,
      0.5284640329980081,
      0.5287500144012512,
      0.5155599876757591
    ],
    "train_accs": [
      35.633300939423386,
      64.19393154087031,
      71.99006586761689,
      75.29424468199979,
      77.59421228808984,
      79.65662455458374,
      80.06694741388618,
      81.65424900118778,
      82.18334953028831,
      83.44671201814059,
      84.15937803692906,
      84.4401252564518,
      85.05560954540546,
      85.45513443472628,
      86.16780045351474,
      86.98844617211964,
      86.79408271245006,
      87.02084008206457,
      88.219414750027,
      88.42457617967823
    ],
    "val_accs": [
      71.62298387096774,
      77.8225806451613,
      80.19153225806451,
      80.74596774193549,
      81.5524193548387,
      81.80443548387096,
      80.9475806451613,
      81.70362903225806,
      82.25806451612904,
      81.70362903225806,
      82.45967741935483,
      81.75403225806451,
      81.90524193548387,
      82.40927419354838,
      82.45967741935483,
      81.90524193548387,
      82.76209677419355,
      82.61088709677419,
      83.01411290322581,
      83.71975806451613
    ],
    "val_macro_f1s": [
      0.7125804634480672,
      0.7773890125562417,
      0.8014378193952142,
      0.807333316811247,
      0.8165386595600024,
      0.8185412285770483,
      0.8079685892801506,
      0.8160546527705633,
      0.8236427385389755,
      0.8161933436800363,
      0.8250094810677805,
      0.8182222084538741,
      0.8198255394315288,
      0.8249058946914898,
      0.8257974712052077,
      0.8183944121257897,
      0.8272479841873313,
      0.8273387974354003,
      0.8290654322404023,
      0.8378675781597827
    ],