{
  "experiment_id": "seed_360",
  "seed_value": 360,
  "seed_index": 26,
  "timestamp": "2025-11-18T02:42:28.753819",
  "configuration": {
    "learning_rate": 5e-05,
    "batch_size": 32,
    "early_stopping_patience": 5,
    "dropout": 0.5,
    "weight_decay": 0.0001,
    "max_epochs": 20,
    "model_init_seed": 42,
    "data_split_seed": 360,
    "dataset_size": "100% (full dataset)"
  },
  "training_info": {
    "total_epochs": 20,
    "best_epoch": 17,
    "early_stopped": false,
    "total_time_minutes": 4.228657551606497
  },
  "validation_metrics": {
    "best_val_macro_f1": 0.8355034704602942,
    "best_val_accuracy": 83.51814516129032,
    "best_val_loss": 0.4791503003047359,
    "final_val_macro_f1": 0.8247456948307935,
    "final_val_accuracy": 82.56048387096774,
    "final_val_loss": 0.5145296830563776,
    "per_class_metrics": {
      "f1": {
        "conservative": 0.7999999999999999,
        "dressy": 0.9588014981273407,
        "ethnic": 0.8507462686567164,
        "fairy": 0.9280575539568345,
        "feminine": 0.8091603053435114,
        "gal": 0.8413284132841329,
        "girlish": 0.7467532467532467,
        "kireime-casual": 0.7300613496932514,
        "lolita": 0.9367088607594937,
        "mode": 0.7987616099071209,
        "natural": 0.8199233716475095,
        "retro": 0.751054852320675,
        "rock": 0.8429752066115703,
        "street": 0.8827160493827161
      },
      "precision": {
        "conservative": 0.7808219178082192,
        "dressy": 0.9624060150375939,
        "ethnic": 0.8201438848920863,
        "fairy": 0.9555555555555556,
        "feminine": 0.762589928057554,
        "gal": 0.890625,
        "girlish": 0.8098591549295775,
        "kireime-casual": 0.7083333333333334,
        "lolita": 0.9426751592356688,
        "mode": 0.7865853658536586,
        "natural": 0.8106060606060606,
        "retro": 0.8090909090909091,
        "rock": 0.85,
        "street": 0.8362573099415205
      },
      "recall": {
        "conservative": 0.8201438848920863,
        "dressy": 0.9552238805970149,
        "ethnic": 0.8837209302325582,
        "fairy": 0.9020979020979021,
        "feminine": 0.8617886178861789,
        "gal": 0.7972027972027972,
        "girlish": 0.6927710843373494,
        "kireime-casual": 0.7531645569620253,
        "lolita": 0.9308176100628931,
        "mode": 0.8113207547169812,
        "natural": 0.8294573643410853,
        "retro": 0.7007874015748031,
        "rock": 0.8360655737704918,
        "street": 0.934640522875817
      }
    },
    "best_val_macro_precision": 0.8375392567386956,
    "best_val_macro_recall": 0.8363716343964275
  },
  "test_metrics": {
    "test_macro_f1": 0.8390003543570951,
    "test_accuracy": 83.77833753148614,
    "test_loss": 0.49187222454282975,
    "per_class_metrics": {
      "f1": {
        "conservative": 0.7797833935018053,
        "dressy": 0.9555555555555556,
        "ethnic": 0.8320610687022901,
        "fairy": 0.9477351916376306,
        "feminine": 0.7965367965367964,
        "gal": 0.8842105263157896,
        "girlish": 0.7037037037037036,
        "kireime-casual": 0.7138643067846606,
        "lolita": 0.9683544303797469,
        "mode": 0.8191126279863482,
        "natural": 0.8,
        "retro": 0.8306451612903227,
        "rock": 0.8326530612244898,
        "street": 0.8817891373801916
      },
      "precision": {
        "conservative": 0.782608695652174,
        "dressy": 0.9555555555555556,
        "ethnic": 0.8195488721804511,
        "fairy": 0.951048951048951,
        "feminine": 0.8440366972477065,
        "gal": 0.8873239436619719,
        "girlish": 0.7215189873417721,
        "kireime-casual": 0.6685082872928176,
        "lolita": 0.9807692307692307,
        "mode": 0.8955223880597015,
        "natural": 0.7417218543046358,
        "retro": 0.8512396694214877,
        "rock": 0.8225806451612904,
        "street": 0.8625
      },
      "recall": {
        "conservative": 0.7769784172661871,
        "dressy": 0.9555555555555556,
        "ethnic": 0.8449612403100775,
        "fairy": 0.9444444444444444,
        "feminine": 0.7540983606557377,
        "gal": 0.8811188811188811,
        "girlish": 0.6867469879518072,
        "kireime-casual": 0.7658227848101266,
        "lolita": 0.95625,
        "mode": 0.7547169811320755,
        "natural": 0.8682170542635659,
        "retro": 0.8110236220472441,
        "rock": 0.8429752066115702,
        "street": 0.9019607843137255
      }
    },
    "test_macro_precision": 0.8417488412641247,
    "test_macro_recall": 0.8389193086057857
  },
  "overfitting_analysis": {
    "overfitting_detected": false,
    "best_val_loss": 0.4791503003047359,
    "val_loss_after_best": 0.4986557720168944,
    "increase_percentage": 4.070846183285958,
    "train_val_gap": -0.0917924383193155
  },
  "training_curves": {
    "train_losses": [
      2.0881769455712416,
      1.1058816679592791,
      0.8560719389339974,
      0.7490129391694891,
      0.6795571778354974,
      0.6390249747654487,
      0.5877855579914718,
      0.5539672503183628,
      0.53625001819997,
      0.5127549083582286,
      0.4918944494991467,
      0.4732586380222748,
      0.44342677932361074,
      0.44329735297581246,
      0.42023117362425244,
      0.4168451043552366,
      0.3873578619854204,
      0.3709042322532884,
      0.3782259137979869,
      0.35024774143921916
    ],
    "val_losses": [
      1.130731693198604,
      0.6789332575375034,
      0.5916416003338753,
      0.542981565238968,
      0.5176921681531014,
      0.5214006083626901,
      0.5044303555642405,
      0.5125970876505298,
      0.5018271826688321,
      0.5092931085776898,
      0.49566077909642653,
      0.4791503003047359,
      0.48043874074374476,
      0.5133942806672666,
      0.4881964099984015,
      0.4926530602237871,
      0.49085852359571763,
      0.4986557720168944,
      0.5062825689392705,
      0.5145296830563776
    ],
    "train_accs": [
      34.26195875175467,
      63.51365943202678,
      72.01166180758017,
      75.24025483209157,
      77.38905085843861,
      79.27869560522622,
      80.69322967282152,
      81.52467336140805,
      82.15095562034338,
      83.32793434834251,
      83.88942878738797,
      84.78566029586437,
      85.60630601446928,
      85.13119533527697,
      86.10301263362489,
      86.0598207536983,
      87.04243602202786,
      87.78749595076125,
      87.45275888133031,
      88.25180865997193
    ],
    "val_accs": [
      69.45564516129032,
      77.36895161290323,
      79.63709677419355,
      80.79637096774194,
      81.80443548387096,
      80.69556451612904,
      81.30040322580645,
      82.05645161290323,
      81.85483870967742,
      82.10685483870968,
      82.61088709677419,
      83.21572580645162,
      82.76209677419355,
      82.10685483870968,
      82.7116935483871,
      82.45967741935483,
      83.51814516129032,
      83.46774193548387,
      83.06451612903226,
      82.56048387096774
    ],
    "val_macro_f1s": [
      0.6891827217691678,
      0.7727395728844835,
      0.7963318292823053,
      0.8081434802734495,
      0.8161274578475438,
      0.8082818435335588,
      0.8136967506386289,
      0.8191397569924254,
      0.8176528719714141,
      0.8218170359494559,
      0.8249277543705196,
      0.8333459831453641,
      0.827237131265085,
      0.8193371040818214,
      0.8277376328897038,
      0.8239464664484083,
      0.8355034704602942,
      0.8343904749460673,
      0.8291061786066983,
      0.8247456948307935
    ],