{
  "experiment_id": "seed_16",
  "seed_value": 16,
  "seed_index": 3,
  "timestamp": "2025-11-18T01:20:59.296208",
  "configuration": {
    "learning_rate": 5e-05,
    "batch_size": 32,
    "early_stopping_patience": 5,
    "dropout": 0.5,
    "weight_decay": 0.0001,
    "max_epochs": 20,
    "model_init_seed": 42,
    "data_split_seed": 16,
    "dataset_size": "100% (full dataset)"
  },
  "training_info": {
    "total_epochs": 20,
    "best_epoch": 16,
    "early_stopped": false,
    "total_time_minutes": 4.124241284529368
  },
  "validation_metrics": {
    "best_val_macro_f1": 0.8261350611264751,
    "best_val_accuracy": 82.66129032258064,
    "best_val_loss": 0.5281326797220015,
    "final_val_macro_f1": 0.8227562192861892,
    "final_val_accuracy": 82.40927419354838,
    "final_val_loss": 0.5755742115359153,
    "per_class_metrics": {
      "f1": {
        "conservative": 0.790035587188612,
        "dressy": 0.9393939393939394,
        "ethnic": 0.8290909090909091,
        "fairy": 0.9114754098360657,
        "feminine": 0.7765567765567766,
        "gal": 0.8206896551724138,
        "girlish": 0.7160493827160493,
        "kireime-casual": 0.7702702702702703,
        "lolita": 0.9225806451612903,
        "mode": 0.811881188118812,
        "natural": 0.8235294117647058,
        "retro": 0.7551867219917011,
        "rock": 0.819672131147541,
        "street": 0.8794788273615635
      },
      "precision": {
        "conservative": 0.7816901408450704,
        "dressy": 0.9538461538461539,
        "ethnic": 0.7808219178082192,
        "fairy": 0.8580246913580247,
        "feminine": 0.7066666666666667,
        "gal": 0.8095238095238095,
        "girlish": 0.7341772151898734,
        "kireime-casual": 0.8260869565217391,
        "lolita": 0.9470198675496688,
        "mode": 0.8541666666666666,
        "natural": 0.8333333333333334,
        "retro": 0.7982456140350878,
        "rock": 0.819672131147541,
        "street": 0.8766233766233766
      },
      "recall": {
        "conservative": 0.7985611510791367,
        "dressy": 0.9253731343283582,
        "ethnic": 0.8837209302325582,
        "fairy": 0.972027972027972,
        "feminine": 0.8617886178861789,
        "gal": 0.8321678321678322,
        "girlish": 0.6987951807228916,
        "kireime-casual": 0.7215189873417721,
        "lolita": 0.89937106918239,
        "mode": 0.7735849056603774,
        "natural": 0.813953488372093,
        "retro": 0.7165354330708661,
        "rock": 0.819672131147541,
        "street": 0.8823529411764706
      }
    },
    "best_val_macro_precision": 0.8271356100796593,
    "best_val_macro_recall": 0.8285302695997456
  },
  "test_metrics": {
    "test_macro_f1": 0.8373027499308968,
    "test_accuracy": 83.727959697733,
    "test_loss": 0.48223121984148515,
    "per_class_metrics": {
      "f1": {
        "conservative": 0.8188405797101449,
        "dressy": 0.9629629629629629,
        "ethnic": 0.8507462686567164,
        "fairy": 0.9196141479099679,
        "feminine": 0.7509293680297398,
        "gal": 0.8677966101694916,
        "girlish": 0.7102803738317757,
        "kireime-casual": 0.7628865979381444,
        "lolita": 0.9061488673139159,
        "mode": 0.7878787878787878,
        "natural": 0.815686274509804,
        "retro": 0.8093385214007781,
        "rock": 0.8548387096774192,
        "street": 0.9042904290429042
      },
      "precision": {
        "conservative": 0.8248175182481752,
        "dressy": 0.9629629629629629,
        "ethnic": 0.8201438848920863,
        "fairy": 0.8562874251497006,
        "feminine": 0.6870748299319728,
        "gal": 0.8421052631578947,
        "girlish": 0.7354838709677419,
        "kireime-casual": 0.8345864661654135,
        "lolita": 0.9395973154362416,
        "mode": 0.8478260869565217,
        "natural": 0.8253968253968254,
        "retro": 0.8,
        "rock": 0.8346456692913385,
        "street": 0.9133333333333333
      },
      "recall": {
        "conservative": 0.8129496402877698,
        "dressy": 0.9629629629629629,
        "ethnic": 0.8837209302325582,
        "fairy": 0.9930555555555556,
        "feminine": 0.8278688524590164,
        "gal": 0.8951048951048951,
        "girlish": 0.6867469879518072,
        "kireime-casual": 0.7025316455696202,
        "lolita": 0.875,
        "mode": 0.7358490566037735,
        "natural": 0.8062015503875969,
        "retro": 0.8188976377952756,
        "rock": 0.8760330578512396,
        "street": 0.8954248366013072
      }
    },
    "test_macro_precision": 0.8374472465635865,
    "test_macro_recall": 0.8408819720973842
  },
  "overfitting_analysis": {
    "overfitting_detected": true,
    "best_val_loss": 0.5281326797220015,
    "val_loss_after_best": 0.5641914546009033,
    "increase_percentage": 6.827597735077171,
    "train_val_gap": -0.10807833093258912
  },
  "training_curves": {
    "train_losses": [
      2.083652133366157,
      1.0910908516111044,
      0.8450004188151196,
      0.730171801612295,
      0.6702569524275845,
      0.6224011478752925,
      0.5909757628009237,
      0.5592169044860478,
      0.5338825395908849,
      0.5055577056418206,
      0.484862793005746,
      0.4723705250127562,
      0.44609998197391115,
      0.43140835864790555,
      0.41371532131371824,
      0.4200543487894124,
      0.3931466496967036,
      0.37855273839728587,
      0.36291178459751194,
      0.35687268879906886
    ],
    "val_losses": [
      1.1176103939933162,
      0.6792107974329302,
      0.6131470626400363,
      0.576429269486858,
      0.5523918876724858,
      0.5534230263963822,
      0.5612812768067083,
      0.5412912928769665,
      0.5281326797220015,
      0.5541621662916676,
      0.5312742405841427,
      0.5497937671119167,
      0.5517519825408536,
      0.5419952124357224,
      0.5420414644383615,
      0.5389543091577869,
      0.5641914546009033,
      0.5684623158266467,
      0.5602412932822781,
      0.5755742115359153
    ],
    "train_accs": [
      35.59010905949682,
      64.50707267033798,
      72.20602526724976,
      76.24446604038441,
      77.5834143181082,
      79.80779613432675,
      80.60684591296837,
      81.57866321131627,
      82.31292517006803,
      83.21995464852608,
      83.91102472735126,
      84.5912968361948,
      85.61710398445092,
      85.99503293380845,
      86.32977000323939,
      86.07061872367994,
      86.94525429219307,
      87.45275888133031,
      88.15462693013714,
      88.28420256991686
    ],
    "val_accs": [
      70.3125,
      77.92338709677419,
      78.88104838709677,
      79.6875,
      81.1491935483871,
      79.88911290322581,
      80.14112903225806,
      81.45161290322581,
      81.1491935483871,
      80.64516129032258,
      81.80443548387096,
      80.74596774193549,
      81.19959677419355,
      82.25806451612904,
      82.00604838709677,
      82.66129032258064,
      82.15725806451613,
      82.15725806451613,
      82.30846774193549,
      82.40927419354838
    ],
    "val_macro_f1s": [
      0.6945944898051838,
      0.7774066835980645,
      0.7874296463294924,
      0.7945747883047882,
      0.8121810853752031,
      0.7975539788485279,
      0.7998805337828904,
      0.813709934650651,
      0.8100884705669559,
      0.8055681131499594,
      0.8178439861074859,
      0.8062916361089612,
      0.8113176111586137,
      0.8215711443973918,
      0.8200619774576225,
      0.8261350611264751,
      0.8205586337584855,
      0.8200762287093755,
      0.8218886696769809,
      0.8227562192861892
    ],