{
  "experiment_id": "seed_215",
  "seed_value": 215,
  "seed_index": 16,
  "timestamp": "2025-11-18T02:04:43.486398",
  "configuration": {
    "learning_rate": 5e-05,
    "batch_size": 32,
    "early_stopping_patience": 5,
    "dropout": 0.5,
    "weight_decay": 0.0001,
    "max_epochs": 20,
    "model_init_seed": 42,
    "data_split_seed": 215,
    "dataset_size": "100% (full dataset)"
  },
  "training_info": {
    "total_epochs": 18,
    "best_epoch": 13,
    "early_stopped": true,
    "total_time_minutes": 3.73942315975825
  },
  "validation_metrics": {
    "best_val_macro_f1": 0.8346016260971696,
    "best_val_accuracy": 83.56854838709677,
    "best_val_loss": 0.49667111399673647,
    "final_val_macro_f1": 0.8189012005323616,
    "final_val_accuracy": 82.00604838709677,
    "final_val_loss": 0.5457242333119915,
    "per_class_metrics": {
      "f1": {
        "conservative": 0.7849829351535835,
        "dressy": 0.9705882352941176,
        "ethnic": 0.8593749999999999,
        "fairy": 0.9466192170818506,
        "feminine": 0.7104247104247104,
        "gal": 0.8571428571428571,
        "girlish": 0.6950819672131147,
        "kireime-casual": 0.742671009771987,
        "lolita": 0.9418960244648318,
        "mode": 0.823529411764706,
        "natural": 0.7826086956521738,
        "retro": 0.7777777777777778,
        "rock": 0.8617886178861789,
        "street": 0.9299363057324841
      },
      "precision": {
        "conservative": 0.7467532467532467,
        "dressy": 0.9565217391304348,
        "ethnic": 0.8661417322834646,
        "fairy": 0.9637681159420289,
        "feminine": 0.6764705882352942,
        "gal": 0.8759124087591241,
        "girlish": 0.762589928057554,
        "kireime-casual": 0.7651006711409396,
        "lolita": 0.9166666666666666,
        "mode": 0.8109756097560976,
        "natural": 0.7983870967741935,
        "retro": 0.784,
        "rock": 0.8548387096774194,
        "street": 0.906832298136646
      },
      "recall": {
        "conservative": 0.8273381294964028,
        "dressy": 0.9850746268656716,
        "ethnic": 0.8527131782945736,
        "fairy": 0.9300699300699301,
        "feminine": 0.7479674796747967,
        "gal": 0.8391608391608392,
        "girlish": 0.6385542168674698,
        "kireime-casual": 0.7215189873417721,
        "lolita": 0.9685534591194969,
        "mode": 0.8364779874213837,
        "natural": 0.7674418604651163,
        "retro": 0.7716535433070866,
        "rock": 0.8688524590163934,
        "street": 0.954248366013072
      }
    },
    "best_val_macro_precision": 0.8346399150937938,
    "best_val_macro_recall": 0.836401790222429
  },
  "test_metrics": {
    "test_macro_f1": 0.836459864202788,
    "test_accuracy": 83.727959697733,
    "test_loss": 0.4881983645378597,
    "per_class_metrics": {
      "f1": {
        "conservative": 0.7770270270270271,
        "dressy": 0.9523809523809523,
        "ethnic": 0.8366533864541832,
        "fairy": 0.9488054607508531,
        "feminine": 0.7559055118110236,
        "gal": 0.8652482269503545,
        "girlish": 0.7227414330218069,
        "kireime-casual": 0.7602739726027397,
        "lolita": 0.9573170731707317,
        "mode": 0.7823343848580441,
        "natural": 0.8527131782945736,
        "retro": 0.8097165991902834,
        "rock": 0.7968127490039841,
        "street": 0.8925081433224756
      },
      "precision": {
        "conservative": 0.732484076433121,
        "dressy": 0.9420289855072463,
        "ethnic": 0.860655737704918,
        "fairy": 0.9328859060402684,
        "feminine": 0.7272727272727273,
        "gal": 0.8776978417266187,
        "girlish": 0.7483870967741936,
        "kireime-casual": 0.8283582089552238,
        "lolita": 0.9345238095238095,
        "mode": 0.7848101265822784,
        "natural": 0.8527131782945736,
        "retro": 0.8333333333333334,
        "rock": 0.7692307692307693,
        "street": 0.8896103896103896
      },
      "recall": {
        "conservative": 0.8273381294964028,
        "dressy": 0.9629629629629629,
        "ethnic": 0.813953488372093,
        "fairy": 0.9652777777777778,
        "feminine": 0.7868852459016393,
        "gal": 0.8531468531468531,
        "girlish": 0.6987951807228916,
        "kireime-casual": 0.7025316455696202,
        "lolita": 0.98125,
        "mode": 0.779874213836478,
        "natural": 0.8527131782945736,
        "retro": 0.7874015748031497,
        "rock": 0.8264462809917356,
        "street": 0.8954248366013072
      }
    },
    "test_macro_precision": 0.8367137276421052,
    "test_macro_recall": 0.838142954891249
  },
  "overfitting_analysis": {
    "overfitting_detected": false,
    "best_val_loss": 0.49667111399673647,
    "val_loss_after_best": 0.5335486870138876,
    "increase_percentage": 7.424948215811364,
    "train_val_gap": -0.047159207440722106
  },
  "training_curves": {
    "train_losses": [
      2.0873033161821035,
      1.1259966866723423,
      0.8551551624618727,
      0.7394837190364969,
      0.6739898904644209,
      0.6276702354180401,
      0.5923125495684558,
      0.5439196575304558,
      0.5354670342700235,
      0.5047894312903799,
      0.48691082280771486,
      0.46146270000729067,
      0.44951190655601436,
      0.4193492524839681,
      0.41802904320688083,
      0.39517924587788256,
      0.38606411899472104,
      0.36777670997483974
    ],
    "val_losses": [
      1.108600183840721,
      0.6760441377278297,
      0.5779608718810543,
      0.532467867097547,
      0.5469900972900852,
      0.5336861019172976,
      0.5056601947834415,
      0.5055255757704857,
      0.5080014438398422,
      0.5121297785832036,
      0.5012758352583454,
      0.49667111399673647,
      0.5026722853222201,
      0.5335486870138876,
      0.5216654539108276,
      0.5142558856356528,
      0.5267766096418903,
      0.5457242333119915
    ],
    "train_accs": [
      35.01781665046971,
      63.405679732210345,
      72.06565165748839,
      75.78015333117374,
      77.76697980779613,
      79.46226109491415,
      80.28290681351906,
      82.39930892992118,
      82.06457186049023,
      83.5222978080121,
      83.93262066731454,
      84.87204405571752,
      85.27156894503834,
      85.96263902386352,
      86.39455782312925,
      87.02084008206457,
      87.5499406111651,
      88.13303099017385
    ],
    "val_accs": [
      73.18548387096774,
      78.2258064516129,
      80.9475806451613,
      81.95564516129032,
      80.34274193548387,
      81.5524193548387,
      82.86290322580645,
      82.5100806451613,
      83.01411290322581,
      82.66129032258064,
      83.41733870967742,
      83.36693548387096,
      83.56854838709677,
      82.76209677419355,
      83.26612903225806,
      83.56854838709677,
      82.8125,
      82.00604838709677
    ],
    "val_macro_f1s": [
      0.7263189476368527,
      0.7812484648597462,
      0.8076641703197845,
      0.8196358576846665,
      0.8015575626576293,
      0.8160021348151341,
      0.8272468190741809,
      0.8239445393125645,
      0.8298895001069662,
      0.8263538064632974,
      0.8321561806726671,
      0.8343489772755909,
      0.8346016260971696,
      0.8260895795042625,
      0.8312642939775169,
      0.8336632009474447,
      0.8258689353117965,
      0.8189012005323616
    ],
    "learning_rates": [
      4.995066821070679e-05,
      4.980286753286195e-05,
      4.955718126821722e-05,
      4.9214579028215776e-05,
      4.877641290737884e-05,
      4.8244412147206284e-05,
      4.762067631165049e-05,
      4.6907667001096584e-05,
      4.610819813755037e-05,
      4.5225424859373677e-05,
      4.426283106939472e-05,
      4.322421568553528e-05,
      4.211367764821721e-05,
      4.0935599743717234e-05,
      3.969463130731183e-05,
      3.839566987447491e-05,
      3.7043841852542874e-05,
      3.564448228912681e-05
    ]
  },
  "data_split_info": {
    "train_size": 9261,
    "val_size": 1984,
    "test_size": 1985
  },