{
  "experiment_id": "seed_17",
  "seed_value": 17,
  "seed_index": 4,
  "timestamp": "2025-11-18T01:24:34.577361",
  "configuration": {
    "learning_rate": 5e-05,
    "batch_size": 32,
    "early_stopping_patience": 5,
    "dropout": 0.5,
    "weight_decay": 0.0001,
    "max_epochs": 20,
    "model_init_seed": 42,
    "data_split_seed": 17,
    "dataset_size": "100% (full dataset)"
  },
  "training_info": {
    "total_epochs": 17,
    "best_epoch": 12,
    "early_stopped": true,
    "total_time_minutes": 3.5372371872266135
  },
  "validation_metrics": {
    "best_val_macro_f1": 0.8383791530615659,
    "best_val_accuracy": 83.82056451612904,
    "best_val_loss": 0.49471789598464966,
    "final_val_macro_f1": 0.8196875483257305,
    "final_val_accuracy": 82.00604838709677,
    "final_val_loss": 0.5275914178740594,
    "per_class_metrics": {
      "f1": {
        "conservative": 0.7777777777777777,
        "dressy": 0.9384615384615386,
        "ethnic": 0.8365019011406843,
        "fairy": 0.9537366548042706,
        "feminine": 0.7421875,
        "gal": 0.8664495114006516,
        "girlish": 0.7337662337662338,
        "kireime-casual": 0.7174603174603176,
        "lolita": 0.9511400651465798,
        "mode": 0.832807570977918,
        "natural": 0.816,
        "retro": 0.8093385214007781,
        "rock": 0.8525896414342631,
        "street": 0.9090909090909091
      },
      "precision": {
        "conservative": 0.7516778523489933,
        "dressy": 0.9682539682539683,
        "ethnic": 0.8208955223880597,
        "fairy": 0.9710144927536232,
        "feminine": 0.7142857142857143,
        "gal": 0.8109756097560976,
        "girlish": 0.795774647887324,
        "kireime-casual": 0.7197452229299363,
        "lolita": 0.9864864864864865,
        "mode": 0.8354430379746836,
        "natural": 0.8429752066115702,
        "retro": 0.8,
        "rock": 0.8294573643410853,
        "street": 0.9032258064516129
      },
      "recall": {
        "conservative": 0.8057553956834532,
        "dressy": 0.9104477611940298,
        "ethnic": 0.8527131782945736,
        "fairy": 0.9370629370629371,
        "feminine": 0.7723577235772358,
        "gal": 0.9300699300699301,
        "girlish": 0.6807228915662651,
        "kireime-casual": 0.7151898734177216,
        "lolita": 0.9182389937106918,
        "mode": 0.8301886792452831,
        "natural": 0.7906976744186046,
        "retro": 0.8188976377952756,
        "rock": 0.8770491803278688,
        "street": 0.9150326797385621
      }
    },
    "best_val_macro_precision": 0.839300780890654,
    "best_val_macro_recall": 0.8396017525787453
  },
  "test_metrics": {
    "test_macro_f1": 0.8277805906804276,
    "test_accuracy": 82.77078085642317,
    "test_loss": 0.4997073189606742,
    "per_class_metrics": {
      "f1": {
        "conservative": 0.7692307692307693,
        "dressy": 0.9538461538461539,
        "ethnic": 0.8432835820895523,
        "fairy": 0.943661971830986,
        "feminine": 0.7520661157024793,
        "gal": 0.8571428571428571,
        "girlish": 0.6898734177215189,
        "kireime-casual": 0.7058823529411764,
        "lolita": 0.9371069182389938,
        "mode": 0.8061538461538462,
        "natural": 0.7854251012145749,
        "retro": 0.8257575757575758,
        "rock": 0.8181818181818182,
        "street": 0.9013157894736842
      },
      "precision": {
        "conservative": 0.7482993197278912,
        "dressy": 0.992,
        "ethnic": 0.8129496402877698,
        "fairy": 0.9571428571428572,
        "feminine": 0.7583333333333333,
        "gal": 0.8,
        "girlish": 0.7266666666666667,
        "kireime-casual": 0.7297297297297297,
        "lolita": 0.9430379746835443,
        "mode": 0.7891566265060241,
        "natural": 0.8220338983050848,
        "retro": 0.7956204379562044,
        "rock": 0.8181818181818182,
        "street": 0.9072847682119205
      },
      "recall": {
        "conservative": 0.7913669064748201,
        "dressy": 0.9185185185185185,
        "ethnic": 0.875968992248062,
        "fairy": 0.9305555555555556,
        "feminine": 0.7459016393442623,
        "gal": 0.9230769230769231,
        "girlish": 0.6566265060240963,
        "kireime-casual": 0.6835443037974683,
        "lolita": 0.93125,
        "mode": 0.8238993710691824,
        "natural": 0.751937984496124,
        "retro": 0.8582677165354331,
        "rock": 0.8181818181818182,
        "street": 0.8954248366013072
      }
    },
    "test_macro_precision": 0.8286026479094889,
    "test_macro_recall": 0.8288943622802553
  },
  "overfitting_analysis": {
    "overfitting_detected": false,
    "best_val_loss": 0.49471789598464966,
    "val_loss_after_best": 0.49937508014901993,
    "increase_percentage": 0.9413817858965792,
    "train_val_gap": -0.025262768129850233
  },
  "training_curves": {
    "train_losses": [
      2.086314783836233,
      1.1021457606348497,
      0.8422135523680983,
      0.7281267750879814,
      0.6766376406982028,
      0.6162488736983003,
      0.5811308543229925,
      0.558920450020453,
      0.5167583772848392,
      0.5040269403108235,
      0.47273414823515664,
      0.4694551278547994,
      0.4484115305902629,
      0.4207048758607486,
      0.4120741050048121,
      0.4039294487957297,
      0.400183018451107
    ],
    "val_losses": [
      1.1126838095726506,
      0.6879702700722602,
      0.6260601051392094,
      0.5706145566317343,
      0.5326134322151062,
      0.5225868626467643,
      0.519420953767915,
      0.5181854136528508,
      0.5200924411896737,
      0.5022647553874601,
      0.49471789598464966,
      0.4988977333470698,
      0.49937508014901993,
      0.528282574828594,
      0.5032449679509285,
      0.5279105260006843,
      0.5275914178740594
    ],
    "train_accs": [
      34.87744304070835,
      63.78360868156786,
      72.22762120721305,
      76.56840513983371,
      77.54022243818162,
      79.47305906489579,
      80.83360328258287,
      81.40589569160997,
      82.90681351905842,
      83.58708562790196,
      84.1701760069107,
      84.39693337652521,
      84.95842781557067,
      85.99503293380845,
      86.38375985314761,
      86.95605226217471,
      86.67530504265198
    ],
    "val_accs": [
      69.85887096774194,
      78.37701612903226,
      78.93145161290323,
      79.13306451612904,
      81.50201612903226,
      82.30846774193549,
      82.00604838709677,
      82.10685483870968,
      82.76209677419355,
      83.21572580645162,
      83.36693548387096,
      83.82056451612904,
      83.87096774193549,
      82.45967741935483,
      83.16532258064517,
      82.8125,
      82.00604838709677
    ],
    "val_macro_f1s": [
      0.6887391391766243,
      0.7829291389827089,
      0.7897869421393272,
      0.7908110833877721,
      0.8153753329073519,
      0.8239136753055855,
      0.8206522910403076,
      0.8206725333400949,
      0.8269618255250765,
      0.8330165681108423,
      0.8336310813478802,
      0.8383791530615659,
      0.8381964199109962,
      0.8247416924656265,
      0.8322112012999707,
      0.8273543327113743,
      0.8196875483257305
    ],
    "learning_rates": [
      4.995066821070679e-05,
      4.980286753286195e-05,
      4.955718126821722e-05,
      4.9214579028215776e-05,
      4.877641290737884e-05,
      4.8244412147206284e-05,
      4.762067631165049e-05,
      4.6907667001096584e-05,
      4.610819813755037e-05,
      4.5225424859373677e-05,
      4.426283106939472e-05,
      4.322421568553528e-05,
      4.211367764821721e-05,
      4.0935599743717234e-05,
      3.969463130731183e-05,
      3.839566987447491e-05,
      3.7043841852542874e-05
    ]
  },
  "data_split_info": {
    "train_size": 9261,
    "val_size": 1984,
    "test_size": 1985
  },
  "per_class_metrics_timestamp": "2025-11-18T03:11:43.226775"
}