{
  "experiment_id": "seed_45",
  "seed_value": 45,
  "seed_index": 5,
  "timestamp": "2025-11-18T01:27:57.626280",
  "configuration": {
    "learning_rate": 5e-05,
    "batch_size": 32,
    "early_stopping_patience": 5,
    "dropout": 0.5,
    "weight_decay": 0.0001,
    "max_epochs": 20,
    "model_init_seed": 42,
    "data_split_seed": 45,
    "dataset_size": "100% (full dataset)"
  },
  "training_info": {
    "total_epochs": 16,
    "best_epoch": 11,
    "early_stopped": true,
    "total_time_minutes": 3.3330475727717084
  },
  "validation_metrics": {
    "best_val_macro_f1": 0.8320549635772572,
    "best_val_accuracy": 83.16532258064517,
    "best_val_loss": 0.4942222677411572,
    "final_val_macro_f1": 0.8180031117568307,
    "final_val_accuracy": 81.95564516129032,
    "final_val_loss": 0.5336300425471798,
    "per_class_metrics": {
      "f1": {
        "conservative": 0.7826086956521738,
        "dressy": 0.959409594095941,
        "ethnic": 0.8853754940711462,
        "fairy": 0.9315068493150686,
        "feminine": 0.7545787545787547,
        "gal": 0.8571428571428571,
        "girlish": 0.7278911564625851,
        "kireime-casual": 0.7523510971786834,
        "lolita": 0.9449838187702265,
        "mode": 0.7760252365930599,
        "natural": 0.7812500000000001,
        "retro": 0.7822580645161291,
        "rock": 0.8392156862745097,
        "street": 0.8741721854304637
      },
      "precision": {
        "conservative": 0.73125,
        "dressy": 0.948905109489051,
        "ethnic": 0.9032258064516129,
        "fairy": 0.912751677852349,
        "feminine": 0.6866666666666666,
        "gal": 0.8759124087591241,
        "girlish": 0.8359375,
        "kireime-casual": 0.7453416149068323,
        "lolita": 0.9733333333333334,
        "mode": 0.7784810126582279,
        "natural": 0.7874015748031497,
        "retro": 0.8016528925619835,
        "rock": 0.8045112781954887,
        "street": 0.8859060402684564
      },
      "recall": {
        "conservative": 0.841726618705036,
        "dressy": 0.9701492537313433,
        "ethnic": 0.8682170542635659,
        "fairy": 0.951048951048951,
        "feminine": 0.8373983739837398,
        "gal": 0.8391608391608392,
        "girlish": 0.6445783132530121,
        "kireime-casual": 0.759493670886076,
        "lolita": 0.9182389937106918,
        "mode": 0.7735849056603774,
        "natural": 0.7751937984496124,
        "retro": 0.7637795275590551,
        "rock": 0.8770491803278688,
        "street": 0.8627450980392157
      }
    },
    "best_val_macro_precision": 0.8336626368533057,
    "best_val_macro_recall": 0.8344546127699562
  },
  "test_metrics": {
    "test_macro_f1": 0.8285273155236759,
    "test_accuracy": 82.87153652392946,
    "test_loss": 0.5015495391119094,
    "per_class_metrics": {
      "f1": {
        "conservative": 0.7899686520376176,
        "dressy": 0.9333333333333333,
        "ethnic": 0.8064516129032258,
        "fairy": 0.9395973154362416,
        "feminine": 0.7500000000000001,
        "gal": 0.8888888888888888,
        "girlish": 0.7062706270627064,
        "kireime-casual": 0.7044025157232704,
        "lolita": 0.9430379746835443,
        "mode": 0.8224299065420562,
        "natural": 0.7722007722007723,
        "retro": 0.8049792531120331,
        "rock": 0.8412698412698413,
        "street": 0.896551724137931
      },
      "precision": {
        "conservative": 0.7,
        "dressy": 0.9333333333333333,
        "ethnic": 0.8403361344537815,
        "fairy": 0.9090909090909091,
        "feminine": 0.7164179104477612,
        "gal": 0.9117647058823529,
        "girlish": 0.781021897810219,
        "kireime-casual": 0.7,
        "lolita": 0.9551282051282052,
        "mode": 0.8148148148148148,
        "natural": 0.7692307692307693,
        "retro": 0.8508771929824561,
        "rock": 0.8091603053435115,
        "street": 0.948905109489051
      },
      "recall": {
        "conservative": 0.9064748201438849,
        "dressy": 0.9333333333333333,
        "ethnic": 0.7751937984496124,
        "fairy": 0.9722222222222222,
        "feminine": 0.7868852459016393,
        "gal": 0.8671328671328671,
        "girlish": 0.6445783132530121,
        "kireime-casual": 0.7088607594936709,
        "lolita": 0.93125,
        "mode": 0.8301886792452831,
        "natural": 0.7751937984496124,
        "retro": 0.7637795275590551,
        "rock": 0.8760330578512396,
        "street": 0.8496732026143791
      }
    },
    "test_macro_precision": 0.8314343777147973,
    "test_macro_recall": 0.8300571161178437
  },
  "overfitting_analysis": {
    "overfitting_detected": false,
    "best_val_loss": 0.4942222677411572,
    "val_loss_after_best": 0.5006188932926424,
    "increase_percentage": 1.2942811299703294,
    "train_val_gap": -0.016335316309011305
  },
  "training_curves": {
    "train_losses": [
      2.07671936750412,
      1.1041973784052093,
      0.8363722738520852,
      0.743912862703718,
      0.6684512465164579,
      0.6231521401939721,
      0.5912427437716516,
      0.5455437980849167,
      0.53195051129522,
      0.5063813237280681,
      0.4778869514321459,
      0.46678917256408725,
      0.44671711885723575,
      0.4256071028524432,
      0.4196490481752774,
      0.395725867306364
    ],
    "val_losses": [
      1.1041275560855865,
      0.6845480376674283,
      0.6002862996632053,
      0.5729825881219679,
      0.5211497535628657,
      0.5251092264248479,
      0.506656699843945,
      0.5018611552734529,
      0.5115331195054516,
      0.4999918649273534,
      0.4942222677411572,
      0.5006188932926424,
      0.5102236732359855,
      0.5210910420263967,
      0.5122922622869092,
      0.5336300425471798
    ],
    "train_accs": [
      36.09761364863406,
      64.28031530072346,
      72.50836842673577,
      75.61818378144909,
      78.20969657704352,
      79.51625094482237,
      80.30450275348234,
      81.88100637080228,
      82.71245005938883,
      83.20915667854443,
      84.14858006694742,
      84.4401252564518,
      84.89363999568081,
      85.36875067487313,
      86.0598207536983,
      86.70769895259691
    ],
    "val_accs": [
      72.83266129032258,
      78.27620967741936,
      79.88911290322581,
      79.43548387096774,
      81.30040322580645,
      81.85483870967742,
      81.90524193548387,
      82.5100806451613,
      81.95564516129032,
      82.61088709677419,
      83.16532258064517,
      82.8125,
      81.75403225806451,
      81.65322580645162,
      82.5100806451613,
      81.95564516129032
    ],
    "val_macro_f1s": [
      0.7250258197984353,
      0.7818640711920454,
      0.7980743987015521,
      0.7933835841727628,
      0.81232746040611,
      0.8190763025605461,
      0.819670777828439,
      0.8254424233253197,
      0.8195092548600577,
      0.8259931926006449,
      0.8320549635772572,
      0.8290064064685927,
      0.8166023675131978,
      0.815363712386546,
      0.8250415844324517,
      0.8180031117568307
    ],
    "learning_rates": [
      4.995066821070679e-05,
      4.980286753286195e-05,
      4.955718126821722e-05,
      4.9214579028215776e-05,
      4.877641290737884e-05,
      4.8244412147206284e-05,
      4.762067631165049e-05,
      4.6907667001096584e-05,
      4.610819813755037e-05,
      4.5225424859373677e-05,
      4.426283106939472e-05,
      4.322421568553528e-05,
      4.211367764821721e-05,
      4.0935599743717234e-05,
      3.969463130731183e-05,
      3.839566987447491e-05
    ]
  },
  "data_split_info": {
    "train_size": 9261,
    "val_size": 1984,
    "test_size": 1985
  },
  "per_class_metrics_timestamp": "2025-11-18T03:11:47.840415"
}