{
  "train_loss": [
    1.6752913589605412,
    0.9296513806680494,
    0.6017063617010224,
    0.4327680417255959,
    0.29776272556670397,
    0.2670050133341943,
    0.1700833830531287,
    0.21643849711053098,
    0.16118462849086132,
    0.162632148274604,
    0.13727107877395145,
    0.14449707066775605,
    0.10904180032932635
  ],
  "val_loss": [
    0.8647735972938576,
    0.8792948657881721,
    0.7936366848519785,
    0.80778334461957,
    0.83852306907521,
    0.9011430728327253,
    1.0915363175356545,
    0.8701411545817955,
    0.9831783564612796,
    1.2532788798979866,
    1.143845796464791,
    1.1347471506877094,
    1.1355220469769267
  ],
  "val_macro_f1": [
    0.7137239438207804,
    0.7138023746699501,
    0.7589079855517163,
    0.7753866185115287,
    0.7785882419113814,
    0.7882671223178784,
    0.7617008922066025,
    0.8011030987962604,
    0.7839609266544247,
    0.7336983028926047,
    0.7646228321481416,
    0.7751448342538991,
    0.7820806630089118
  ],
  "train_acc": [
    0.45285467128027684,
    0.717560553633218,
    0.8238538062283737,
    0.8813797577854672,
    0.9176038062283737,
    0.9263624567474048,
    0.9543685121107266,
    0.946583044982699,
    0.9590181660899654,
    0.9598832179930796,
    0.965614186851211,
    0.9653979238754326,
    0.9726427335640139
  ],
  "val_acc": [
    0.7179616548940464,
    0.7129162462159435,
    0.7598385469223007,
    0.7729566094853683,
    0.7754793138244198,
    0.7891019172552977,
    0.7648839556004037,
    0.7986881937436933,
    0.7865792129162462,
    0.7325933400605449,
    0.7674066599394551,
    0.777497477295661,
    0.7785065590312815
  ]
}