{
  "train_loss": [
    1.9342939053439765,
    0.9339509147467497,
    0.4709272607903167,
    0.23396001917319728,
    0.13894042789059527,
    0.0791150953195293,
    0.0710351434133457,
    0.04291659811427849,
    0.054770359260297566,
    0.04718092270839998,
    0.04323090673472642,
    0.029545998774391558,
    0.03732713104377156,
    0.03725009296849937,
    0.040075395024255896,
    0.01735432944856713,
    0.03537292540021834,
    0.011399208700161903,
    0.032351227432076905
  ],
  "val_loss": [
    1.055685442343249,
    0.6387728827993275,
    0.7188291580958516,
    0.7781172652778664,
    1.0404133576557686,
    0.9241838813670107,
    1.0037946045458859,
    1.0695629446465602,
    1.1451258410358525,
    1.1917711024808835,
    1.1364364933173663,
    1.1418499518355014,
    1.1592794660362298,
    1.2541485964710608,
    1.129768315525998,
    1.369112856092174,
    1.1729606181894374,
    1.3865315328332417,
    1.3148974447269612
  ],
  "val_macro_f1": [
    0.6599110560131634,
    0.7729384824660723,
    0.7783472161234245,
    0.7960649976349375,
    0.7660385884820385,
    0.8039192850585068,
    0.8045256024355721,
    0.7997775344634992,
    0.792531944645312,
    0.7750363185435228,
    0.8064876463978823,
    0.8041661424969206,
    0.8053581825693731,
    0.8107179635840869,
    0.8036511479185321,
    0.798695889906923,
    0.799089918257007,
    0.8002193363816342,
    0.7898539879707734
  ],
  "train_acc": [
    0.375,
    0.7116133217993079,
    0.8674307958477508,
    0.9409602076124568,
    0.9691825259515571,
    0.9851859861591695,
    0.9833477508650519,
    0.990916955017301,
    0.9882136678200693,
    0.9890787197231834,
    0.9905925605536332,
    0.9938365051903114,
    0.9901600346020761,
    0.9928633217993079,
    0.9910250865051903,
    0.9971885813148789,
    0.9926470588235294,
    0.9980536332179931,
    0.9927551903114187
  ],
  "val_acc": [
    0.6816347124117054,
    0.7749747729566094,
    0.7800201816347124,
    0.7966700302724521,
    0.7613521695257316,
    0.8022199798183652,
    0.806760847628658,
    0.7986881937436933,
    0.7916246215943491,
    0.7734611503531786,
    0.8042381432896064,
    0.8012108980827447,
    0.8057517658930373,
    0.8092835519677094,
    0.7996972754793138,
    0.7966700302724521,
    0.7971745711402624,
    0.7986881937436933,
    0.7870837537840565
  ]
}