{
  "train_loss": [
    1.6676622691038983,
    0.916802700621859,
    0.6198642482420359,
    0.4150636864497381,
    0.31468430156320026,
    0.256864236609746,
    0.1858547896688166,
    0.1852081446267123
  ],
  "val_loss": [
    0.8801599786692984,
    0.7795624082191922,
    0.7153662680136087,
    0.8928970745064536,
    1.132279964255998,
    0.9250350255898823,
    1.1839758228100874,
    1.1278804377037148
  ],
  "val_macro_f1": [
    0.7264533073529481,
    0.7475691767543807,
    0.7968161536514994,
    0.7643972144025127,
    0.7260464242393232,
    0.7768580335871523,
    0.7568345721245996,
    0.7557368159251491
  ],
  "train_acc": [
    0.4623702422145329,
    0.7195069204152249,
    0.8219074394463668,
    0.8778114186851211,
    0.911007785467128,
    0.9316608996539792,
    0.9485294117647058,
    0.9526384083044983
  ],
  "val_acc": [
    0.7325933400605449,
    0.7457114026236125,
    0.7941473259334006,
    0.7628657921291625,
    0.727547931382442,
    0.7714429868819375,
    0.7552976791120081,
    0.7558022199798183
  ]
}