metric,mean,std
gpt4o_semantic_mean,4.733177929259868,0.07619087888005345
gpt4o_style_mean,4.61293435411668,0.08506463502222952
