metric,mean,std
acc_correct_caption,0.8283587140439932,0.00816479048367682
acc_random_caption,0.7736040609137055,0.012121249210334169
accuracy_drop,0.05475465313028764,0.008685726004732268
