{
  "train_loss": [
    1.9093073429120866,
    0.9173945195740895,
    0.472883466721406,
    0.22526079469125163,
    0.13246662752335459,
    0.08709028352915622,
    0.0715500802239951,
    0.04484983270659166,
    0.06008291919957395,
    0.05660429306869688,
    0.04554387349570911,
    0.01930947784837142,
    0.03110763568521371,
    0.043175883268918136
  ],
  "val_loss": [
    1.0924968703844473,
    0.7470115417187919,
    0.6898781541137233,
    0.7971286622113826,
    0.9182624425945801,
    0.9849825962761457,
    1.0779081574001177,
    1.1450436776870434,
    1.0813895720766724,
    1.136887181779571,
    1.181339072531576,
    1.403066853221081,
    1.275756140650221,
    1.22353734282023
  ],
  "val_macro_f1": [
    0.6707593698985165,
    0.7471161210384364,
    0.7873665110093363,
    0.7968141727013623,
    0.7865249714859351,
    0.7929488694945197,
    0.7927700082780957,
    0.7801372019438986,
    0.8018925948797211,
    0.7865290705238743,
    0.79774297617528,
    0.7947109128021895,
    0.792804613206185,
    0.791982092479301
  ],
  "train_acc": [
    0.38397491349480967,
    0.7197231833910035,
    0.8720804498269896,
    0.9435553633217993,
    0.969939446366782,
    0.9818339100346021,
    0.9854022491349481,
    0.9915657439446367,
    0.9868079584775087,
    0.987348615916955,
    0.9908088235294118,
    0.9972967128027682,
    0.9931877162629758,
    0.9900519031141869
  ],
  "val_acc": [
    0.6801210898082745,
    0.7507568113017155,
    0.7850655903128153,
    0.7961654894046418,
    0.7820383451059536,
    0.7916246215943491,
    0.7911200807265388,
    0.7749747729566094,
    0.8007063572149344,
    0.7830474268415741,
    0.7956609485368314,
    0.7961654894046418,
    0.7906155398587286,
    0.7911200807265388
  ]
}